{"count":1,"self":1.503206,"total":4.090116,"children":{"InitializeActuators":{"count":2,"self":0.001014,"total":0.001014,"children":null},"InitializeSensors":{"count":2,"self":0.0028699999999999997,"total":0.0028699999999999997,"children":null},"AgentSendState":{"count":82,"self":1.348225,"total":1.3912799999999999,"children":{"CollectObservations":{"count":34,"self":0.001387,"total":0.001387,"children":null},"WriteActionMask":{"count":34,"self":0.00026399999999999997,"total":0.00026399999999999997,"children":null},"RequestDecision":{"count":34,"self":0.0014629999999999999,"total":0.041403999999999996,"children":{"AgentInfo.ToProto":{"count":34,"self":0.00075,"total":0.039941,"children":{"GenerateSensorData":{"count":34,"self":0.0060929999999999995,"total":0.039191,"children":{"CameraSensor.GetCompressedObservation":{"count":34,"self":0.033097999999999995,"total":0.033097999999999995,"children":null}}}}}}}}},"DecideAction":{"count":82,"self":0.56847799999999993,"total":0.56847799999999993,"children":null},"AgentAct":{"count":82,"self":0.597366,"total":0.622702,"children":{"AgentInfo.ToProto":{"count":26,"self":0.000183,"total":0.025335999999999997,"children":{"GenerateSensorData":{"count":26,"self":0.000455,"total":0.025153,"children":{"CameraSensor.GetCompressedObservation":{"count":26,"self":0.024697999999999998,"total":0.024697999999999998,"children":null}}}}}}}},"gauges":{"CarBehavior.CumulativeReward":{"count":26,"max":5,"min":-24,"runningAverage":-11.6153851,"value":0,"weightedAverage":-10.2884369}},"metadata":{"timer_format_version":"0.1.0","start_time_seconds":"1752520271","unity_version":"2022.3.13f1","command_line_arguments":"\/home\/tadeas\/staz\/vehicle-pursuit\/src\/build\/vehiclePursuit.x86_64 --mlagents-port 5005","communication_protocol_version":"1.5.0","com.unity.ml-agents_version":"3.0.0-exp.1","scene_name":"Main","end_time_seconds":"1752520275"}}