# File generated by FabConvert.com - Free Image and 3D model conversion tools

o obj1
v 0.03393671 0.00207366 0.009
v -0.03399942 0.0001977 0.009
v 0.034 0 0.009
v -0.034 0 0.009
v 0.0339103 -0.00246817 0.009
v -0.03372242 -0.00433575 0.009
v 0.02791865 -0.01940486 0.009
v 0.03025596 -0.01551053 0.009
v -0.02349404 0.02457703 0.009
v -0.02656021 0.02122629 0.009
v -0.02915241 0.01749677 0.009
v 0.01026202 0.03241436 0.009
v 0.00585004 0.03349294 0.009
v 0.00133368 0.03397383 0.009
v -0.00320649 0.03384846 0.009
v -0.00768944 0.03311906 0.009
v -0.02000861 0.02748919 0.009
v -0.01203517 0.03179866 0.009
v -0.01616613 0.0299108 0.009
v -0.03366971 0.00472761 0.009
v -0.03273917 0.00917316 0.009
v 0.03205336 -0.01133941 0.009
v 0.03327876 -0.00696594 0.009
v 0.03335751 0.00657847 0.009
v 0.03218305 0.0109659 0.009
v 0.03043429 0.01515764 0.009
v 0.02814242 0.01907889 0.009
v 0.02534836 0.02265967 0.009
v 0.02210195 0.0258361 0.009
v 0.01846113 0.02855148 0.009
v 0.01449087 0.03075735 0.009
v -0.03122439 0.01345502 0.009
v 0.02508313 -0.02295292 0.009
v -0.03284363 -0.00879182 0.009
v -0.03137875 -0.013091 0.009
v -0.02377825 -0.02430215 0.009
v -0.02032693 -0.02725465 0.009
v -0.01651287 -0.02972079 0.009
v -0.01240414 -0.03165655 0.009
v -0.00807406 -0.03302741 0.009
v -0.0035999 -0.03380889 0.009
v 0.0009385 -0.03398705 0.009
v -0.02935391 -0.01715657 0.009
v -0.02680525 -0.02091599 0.009
v 0.00546016 -0.0335587 0.009
v 0.00988438 -0.03253151 0.009
v 0.02180001 -0.02609137 0.009
v 0.01413221 -0.03092379 0.009
v 0.01812785 -0.02876423 0.009
v 0.01418338 -0.01 -0.005
v 0.02081662 -0.01 -0.005
v 0.01251792 -0.01 -0.00334348
v 0.02248208 -0.01 -0.00334348
v 0.01161608 -0.01 -0.0011745
v 0.01161608 -0.01 0.0011745
v 0.01251792 -0.01 0.00334348
v 0.02338392 -0.01 -0.0011745
v 0.02081662 -0.01 0.005
v 0.01418338 -0.01 0.005
v 0.02248208 -0.01 0.00334348
v 0.02338392 -0.01 0.0011745
v -0.01575 -0.01 -0.00303109
v -0.01446891 -0.01 -0.00175
v -0.0175 -0.01 0
v -0.014 -0.01 0
v -0.01446891 -0.01 0.00175
v -0.02053109 -0.01 -0.00175
v -0.01925 -0.01 -0.00303109
v -0.0175 -0.01 -0.0035
v -0.01925 -0.01 0.00303109
v -0.02053109 -0.01 0.00175
v -0.021 -0.01 0
v -0.01575 -0.01 0.00303109
v -0.0175 -0.01 0.0035
v -0.03434554 0.00019971 0.00893819
v 0.0342555 -0.00249329 0.00893819
v 0.03361753 -0.00703686 0.00893819
v 0.03237966 -0.01145485 0.00893819
v 0.03056397 -0.01566843 0.00893819
v 0.02820286 -0.0196024 0.00893819
v 0.02533848 -0.02318658 0.00893819
v 0.02202193 -0.02635698 0.00893819
v 0.01831239 -0.02905705 0.00893819
v 0.01427608 -0.03123859 0.00893819
v 0.009985 -0.03286268 0.00893819
v 0.00551574 -0.03390033 0.00893819
v 0.00094806 -0.03433303 0.00893819
v -0.00363655 -0.03415306 0.00893819
v -0.00815626 -0.03336362 0.00893819
v -0.01253042 -0.03197881 0.00893819
v -0.01668097 -0.03002334 0.00893819
v -0.02053386 -0.0275321 0.00893819
v -0.02402031 -0.02454955 0.00893819
v -0.02707813 -0.02112891 0.00893819
v -0.02965273 -0.01733123 0.00893819
v -0.03169818 -0.01322427 0.00893819
v -0.03317797 -0.00888132 0.00893819
v -0.0340657 -0.00437989 0.00893819
v -0.03401247 0.00477574 0.00893819
v -0.03307245 0.00926655 0.00893819
v -0.03154225 0.01359199 0.00893819
v -0.02944918 0.01767489 0.00893819
v -0.02683059 0.02144237 0.00893819
v -0.0237332 0.02482722 0.00893819
v -0.0202123 0.02776903 0.00893819
v -0.0163307 0.03021529 0.00893819
v -0.01215769 0.03212237 0.00893819
v -0.00776772 0.03345621 0.00893819
v -0.00323913 0.03419304 0.00893819
v 0.00134725 0.03431968 0.00893819
v 0.0059096 0.03383389 0.00893819
v 0.01036649 0.03274434 0.00893819
v 0.01463838 0.03107046 0.00893819
v 0.01864906 0.02884213 0.00893819
v 0.02232694 0.02609911 0.00893819
v 0.0256064 0.02289035 0.00893819
v 0.02842891 0.01927311 0.00893819
v 0.03074411 0.01531194 0.00893819
v 0.03251068 0.01107753 0.00893819
v 0.03369709 0.00664544 0.00893819
v 0.03428218 0.00209477 0.00893819
v -0.01696853 -0.0305409 0.00834612
v -0.01276897 -0.03258763 0.008
v -0.01274642 -0.03253008 0.00834612
v -0.00831153 -0.0339988 0.008
v -0.00829686 -0.03393876 0.00834612
v -0.00643123 -0.03440406 0.008
v -0.00369923 -0.0347418 0.00834612
v -0.00370578 -0.03480326 0.008
v 0.0009644 -0.03492488 0.00834612
v 0 -0.035 0.008
v -0.02088783 -0.02800671 0.00834612
v -0.01842513 -0.0297576 0.008
v -0.01699855 -0.03059492 0.008
v -0.0279306 -0.02109221 0.008
v -0.02759364 -0.02153116 0.008
v -0.02754491 -0.02149314 0.00834612
v -0.02447761 -0.02501692 0.008
v -0.02443439 -0.02497275 0.00834612
v -0.02357935 -0.02586531 0.008
v -0.02092478 -0.02805626 0.008
v -0.03021726 -0.01766118 0.008
v -0.0301639 -0.01762999 0.00834612
v -0.03133072 -0.01560084 0.008
v -0.03224461 -0.01345223 0.00834612
v -0.03230165 -0.01347603 0.008
v -0.0336639 -0.0095782 0.008
v -0.03374991 -0.00903442 0.00834612
v -0.03380962 -0.0090504 0.008
v -0.03465295 -0.00445539 0.00834612
v -0.03471425 -0.00446327 0.008
v -0.0348507 -0.00322939 0.008
v -0.0349376 0.00020315 0.00834612
v -0.03499941 0.00020351 0.008
v -0.0348507 0.00322939 0.008
v -0.03459879 0.00485806 0.00834612
v -0.03466 0.00486666 0.008
v -0.03364257 0.00942629 0.00834612
v -0.03370208 0.00944296 0.008
v -0.03208599 0.0138263 0.00834612
v -0.03214275 0.01385076 0.008
v -0.03133072 0.01560084 0.008
v -0.02995684 0.01797957 0.00834612
v -0.03000983 0.01801138 0.008
v -0.0279306 0.02109221 0.008
v -0.0272931 0.02181201 0.00834612
v -0.02734139 0.02185059 0.008
v -0.02414232 0.0252552 0.00834612
v -0.02418504 0.02529988 0.008
v -0.01661222 0.03073616 0.00834612
v -0.01842513 0.0297576 0.008
v -0.02056073 0.02824772 0.00834612
v -0.0205971 0.02829769 0.008
v -0.02357935 0.02586531 0.008
v -0.00790162 0.03403295 0.00834612
v -0.01238915 0.03273391 0.008
v -0.01236727 0.0326761 0.00834612
v -0.01264346 0.03263653 0.008
v -0.01664161 0.03079053 0.008
v -0.00329497 0.03478247 0.00834612
v -0.00643123 0.03440406 0.008
v -0.0079156 0.03409316 0.008
v 0.00643123 0.03440406 0.008
v 0.0060221 0.03447803 0.008
v 0.00601147 0.03441714 0.00834612
v 0.0013729 0.03497306 0.008
v 0.00137048 0.0349113 0.00834612
v -0 0.035 0.008
v -0.0033008 0.034844 0.008
v 0.01056384 0.03336773 0.008
v 0.01054519 0.0333088 0.00834612
v 0.01264346 0.03263653 0.008
v 0.01489073 0.03160607 0.00834612
v 0.01491707 0.03166198 0.008
v 0.01842513 0.0297576 0.008
v 0.01897054 0.02933932 0.00834612
v 0.0190041 0.02939123 0.008
v 0.02271182 0.02654902 0.00834612
v 0.022752 0.02659598 0.008
v 0.03307111 0.01126849 0.00834612
v 0.03132942 0.01560345 0.008
v 0.03127409 0.0155759 0.00834612
v 0.02897014 0.01964003 0.008
v 0.02891898 0.01960535 0.00834612
v 0.0279306 0.02109221 0.008
v 0.02604782 0.02328494 0.00834612
v 0.0260939 0.02332613 0.008
v 0.02357935 0.02586531 0.008
v 0.03427798 0.00676 0.00834612
v 0.0336639 0.0095782 0.008
v 0.03312962 0.01128843 0.008
v 0.0348507 -0.00322939 0.008
v 0.03490766 -0.00254076 0.008
v 0.03484601 -0.00253627 0.00834612
v 0.03493484 0.00213465 0.008
v 0.03487315 0.00213088 0.00834612
v 0.0348507 0.00322939 0.008
v 0.03433862 0.00677196 0.008
v 0.03425754 -0.00717082 0.008
v 0.03419705 -0.00715816 0.00834612
v 0.0336639 -0.0095782 0.008
v 0.03293783 -0.01165231 0.00834612
v 0.0329961 -0.01167293 0.008
v 0.03133072 -0.01560084 0.008
v 0.03109084 -0.01593853 0.00834612
v 0.03114585 -0.01596672 0.008
v 0.02868904 -0.01994032 0.00834612
v 0.02873979 -0.0199756 0.008
v 0.0279306 -0.02109221 0.008
v 0.02577527 -0.02358628 0.00834612
v 0.02582087 -0.023628 0.008
v 0.02357935 -0.02586531 0.008
v 0.02240155 -0.02681134 0.00834612
v 0.02244118 -0.02685877 0.008
v 0.01862807 -0.02955795 0.00834612
v 0.01866103 -0.02961024 0.008
v 0.01015713 -0.03342918 0.00834612
v 0.01264346 -0.03263653 0.008
v 0.01452217 -0.0317771 0.00834612
v 0.01454786 -0.03183331 0.008
v 0.01842513 -0.0297576 0.008
v 0.00096611 -0.03498666 0.008
v 0.00562075 -0.03454572 0.008
v 0.00561083 -0.03448472 0.00834612
v 0.00643123 -0.03440406 0.008
v 0.0101751 -0.03348832 0.008
v -0.03470652 0.00020181 0.00870711
v -0.03436995 0.00482593 0.00870711
v -0.03342005 0.00936394 0.00870711
v -0.03187377 0.01373485 0.00870711
v -0.0297587 0.01786065 0.00870711
v -0.02711259 0.02166774 0.00870711
v -0.02398265 0.02508816 0.00870711
v -0.02042473 0.02806089 0.00870711
v -0.01650234 0.03053286 0.00870711
v -0.01228547 0.03245998 0.00870711
v -0.00784936 0.03380785 0.00870711
v -0.00327318 0.03455242 0.00870711
v 0.00136141 0.0346804 0.00870711
v 0.00597171 0.0341895 0.00870711
v 0.01047544 0.03308849 0.00870711
v 0.01479224 0.03139702 0.00870711
v 0.01884507 0.02914527 0.00870711
v 0.02256161 0.02637342 0.00870711
v 0.02587553 0.02313093 0.00870711
v 0.02872771 0.01947568 0.00870711
v 0.03106724 0.01547287 0.00870711
v 0.03285237 0.01119396 0.00870711
v 0.03405126 0.00671529 0.00870711
v 0.0346425 0.00211678 0.00870711
v 0.03461554 -0.0025195 0.00870711
v 0.03397086 -0.00711082 0.00870711
v 0.03271998 -0.01157524 0.00870711
v 0.03088521 -0.01583311 0.00870711
v 0.02849928 -0.01980843 0.00870711
v 0.02560479 -0.02343027 0.00870711
v 0.02225338 -0.026634 0.00870711
v 0.01850486 -0.02936245 0.00870711
v 0.01442612 -0.03156692 0.00870711
v 0.01008995 -0.03320808 0.00870711
v 0.00557372 -0.03425663 0.00870711
v 0.00095802 -0.03469388 0.00870711
v -0.00367477 -0.03451202 0.00870711
v -0.00824198 -0.03371428 0.00870711
v -0.01266212 -0.03231492 0.00870711
v -0.0168563 -0.03033889 0.00870711
v -0.02074967 -0.02782147 0.00870711
v -0.02427277 -0.02480757 0.00870711
v -0.02736272 -0.02135098 0.00870711
v -0.02996439 -0.01751339 0.00870711
v -0.03203134 -0.01336326 0.00870711
v -0.03352669 -0.00897467 0.00870711
v -0.03442375 -0.00442592 0.00870711
v 0.02081662 -0.0281366 0.005
v 0.01842513 -0.0297576 0.005
v 0.01418338 -0.03199737 0.005
v 0.0230293 -0.02635624 0.00232956
v 0.02248208 -0.02682454 0.00334348
v 0.02171702 -0.02744761 0.00426811
v 0.02338392 -0.02604212 0.0011745
v 0.0235 -0.02593742 -1.69E-06
v 0.02338392 -0.02604212 -0.0011745
v 0.0230301 -0.02635554 -0.00232765
v 0.02248208 -0.02682454 -0.00334348
v 0.02171919 -0.02744589 -0.00426596
v 0.02081662 -0.0281366 -0.005
v 0.01842513 -0.0297576 -0.005
v 0.01418338 -0.03199737 -0.005
v 0.01335561 -0.03235163 -0.00433866
v 0.01251792 -0.03268488 -0.00334348
v 0.01196351 -0.03289186 -0.00231243
v 0.01161608 -0.03301616 -0.0011745
v 0.0115 -0.03305677 -3.4E-07
v 0.01161608 -0.03301616 0.0011745
v 0.01196316 -0.03289199 0.00231157
v 0.01264346 -0.03263653 0.00352335
v 0.01335397 -0.03235231 0.0043371
v -0.01925 -0.02923076 0.00303109
v -0.01996147 -0.02874961 0.00248821
v -0.01842513 -0.0297576 0.00337552
v -0.0175 -0.03031089 0.0035
v -0.01660899 -0.03080814 0.00338469
v -0.01575 -0.031256 0.00303109
v -0.01503562 -0.03160586 0.00248532
v -0.01446891 -0.03186927 0.00175
v -0.01412111 -0.0320249 0.00091274
v -0.014 -0.03207803 0
v -0.01412058 -0.03202514 -0.00091076
v -0.01446891 -0.03186927 -0.00175
v -0.01503533 -0.031606 -0.00248503
v -0.01575 -0.031256 -0.00303109
v -0.01660796 -0.0308087 -0.00338441
v -0.0175 -0.03031089 -0.0035
v -0.02053109 -0.02834562 -0.00175
v -0.01996061 -0.0287502 -0.00248906
v -0.01925 -0.02923076 -0.00303109
v -0.01842513 -0.0297576 -0.00337552
v -0.02053109 -0.02834562 0.00175
v -0.02087706 -0.02809178 0.00091948
v -0.021 -0.028 0
v -0.02087623 -0.0280924 -0.00092252
v 0.0455 -0.006 -0.0105
v 0.0481033 -0.00540581 -0.0105
v 0.0455 0 -0.0105
v 0.0428967 -0.00540581 -0.0105
v 0.03965043 0.00133513 -0.0105
v 0.03965043 -0.00133513 -0.0105
v 0.04080901 -0.00374094 -0.0105
v 0.0455 0.006 -0.0105
v 0.0428967 0.00540581 -0.0105
v 0.04080901 0.00374094 -0.0105
v 0.05134957 0.00133513 -0.0105
v 0.05019099 0.00374094 -0.0105
v 0.0481033 0.00540581 -0.0105
v 0.05019099 -0.00374094 -0.0105
v 0.05134957 -0.00133513 -0.0105
v 0.01264346 -0.03263653 -0.01216667
v 0.02357935 -0.02586531 -0.01216667
v 0.00643123 -0.03440406 -0.01216667
v 0.01842513 -0.0297576 -0.01216667
v -0.02357935 -0.02586531 -0.01216667
v -0.01842513 -0.0297576 -0.01216667
v -0.01264346 -0.03263653 -0.01216667
v 0 -0.035 -0.01216667
v -0.00643123 -0.03440406 -0.01216667
v -0.0279306 -0.02109221 -0.01216667
v -0.03133072 -0.01560084 -0.01216667
v -0.0336639 -0.0095782 -0.01216667
v -0.0348507 -0.00322939 -0.01216667
v -0.0348507 0.00322939 -0.01216667
v -0.0336639 0.0095782 -0.01216667
v -0.03133072 0.01560084 -0.01216667
v -0.0279306 0.02109221 -0.01216667
v -0.02357935 0.02586531 -0.01216667
v -0.01842513 0.0297576 -0.01216667
v -0.01264346 0.03263653 -0.01216667
v -0.00643123 0.03440406 -0.01216667
v -0 0.035 -0.01216667
v 0.00643123 0.03440406 -0.01216667
v 0.01264346 0.03263653 -0.01216667
v 0.01842513 0.0297576 -0.01216667
v 0.02357935 0.02586531 -0.01216667
v 0.0279306 0.02109221 -0.01216667
v 0.03133072 0.01560084 -0.01216667
v 0.0336639 0.0095782 -0.01216667
v 0.0348507 0.00322939 -0.01216667
v 0.0348507 -0.00322939 -0.01216667
v 0.0336639 -0.0095782 -0.01216667
v 0.03133072 -0.01560084 -0.01216667
v 0.0279306 -0.02109221 -0.01216667
v 0.0481033 -0.00540581 -0.01216667
v 0.05019099 -0.00374094 -0.01216667
v 0.05134957 -0.00133513 -0.01216667
v 0.05134957 0.00133513 -0.01216667
v 0.05019099 0.00374094 -0.01216667
v 0.0481033 0.00540581 -0.01216667
v 0.0455 0.006 -0.01216667
v 0.0428967 0.00540581 -0.01216667
v 0.04080901 0.00374094 -0.01216667
v 0.03965043 0.00133513 -0.01216667
v 0.03965043 -0.00133513 -0.01216667
v 0.04080901 -0.00374094 -0.01216667
v 0.0428967 -0.00540581 -0.01216667
v 0.0455 -0.006 -0.01216667
v -0.00313685 -0.03285057 -0.01216667
v -0.00929717 -0.03166327 -0.01216667
v -0.01512147 -0.02933157 -0.01216667
v -0.02039925 -0.02593975 -0.01216667
v -0.02493974 -0.0216104 -0.01216667
v -0.02857884 -0.0165 -0.01216667
v -0.03118503 -0.01079324 -0.01216667
v -0.03266411 -0.00469639 -0.01216667
v -0.03296262 0.0015702 -0.01216667
v -0.03206978 0.00778004 -0.01216667
v -0.03001786 0.0137087 -0.01216667
v -0.02688101 0.01914188 -0.01216667
v -0.02277261 0.02388322 -0.01216667
v -0.01784115 0.02776137 -0.01216667
v -0.01226486 0.03063614 -0.01216667
v -0.00624529 0.03240365 -0.01216667
v -0 0.033 -0.01216667
v 0.00624529 0.03240365 -0.01216667
v 0.01226486 0.03063614 -0.01216667
v 0.01784115 0.02776137 -0.01216667
v 0.02277261 0.02388322 -0.01216667
v 0.02688101 0.01914188 -0.01216667
v 0.03001786 0.0137087 -0.01216667
v 0.03206978 0.00778004 -0.01216667
v 0.03296262 0.0015702 -0.01216667
v 0.03266411 -0.00469639 -0.01216667
v 0.03118503 -0.01079324 -0.01216667
v 0.02857884 -0.0165 -0.01216667
v 0.02493974 -0.0216104 -0.01216667
v 0.02039925 -0.02593975 -0.01216667
v 0.01512147 -0.02933157 -0.01216667
v 0.00929717 -0.03166327 -0.01216667
v 0.00313685 -0.03285057 -0.01216667
v 0.049 0 -0.01216667
v 0.04853109 -0.00175 -0.01216667
v 0.04725 -0.00303109 -0.01216667
v 0.0455 -0.0035 -0.01216667
v 0.04375 -0.00303109 -0.01216667
v 0.04246891 -0.00175 -0.01216667
v 0.042 0 -0.01216667
v 0.04246891 0.00175 -0.01216667
v 0.04375 0.00303109 -0.01216667
v 0.0455 0.0035 -0.01216667
v 0.04725 0.00303109 -0.01216667
v 0.04853109 0.00175 -0.01216667
v -0 0.033 -0.01383333
v 0.00624529 0.03240365 -0.01383333
v 0.01226486 0.03063614 -0.01383333
v 0.01784115 0.02776137 -0.01383333
v 0.02277261 0.02388322 -0.01383333
v 0.02688101 0.01914188 -0.01383333
v 0.03001786 0.0137087 -0.01383333
v 0.03206978 0.00778004 -0.01383333
v 0.03296262 0.0015702 -0.01383333
v 0.03266411 -0.00469639 -0.01383333
v 0.03118503 -0.01079324 -0.01383333
v 0.02857884 -0.0165 -0.01383333
v 0.02493974 -0.0216104 -0.01383333
v 0.02039925 -0.02593975 -0.01383333
v 0.01512147 -0.02933157 -0.01383333
v 0.00929717 -0.03166327 -0.01383333
v 0.00313685 -0.03285057 -0.01383333
v -0.00313685 -0.03285057 -0.01383333
v -0.00929717 -0.03166327 -0.01383333
v -0.01512147 -0.02933157 -0.01383333
v -0.02039925 -0.02593975 -0.01383333
v -0.02493974 -0.0216104 -0.01383333
v -0.02857884 -0.0165 -0.01383333
v -0.03118503 -0.01079324 -0.01383333
v -0.03266411 -0.00469639 -0.01383333
v -0.03296262 0.0015702 -0.01383333
v -0.03206978 0.00778004 -0.01383333
v -0.03001786 0.0137087 -0.01383333
v -0.02688101 0.01914188 -0.01383333
v -0.02277261 0.02388322 -0.01383333
v -0.01784115 0.02776137 -0.01383333
v -0.01226486 0.03063614 -0.01383333
v -0.00624529 0.03240365 -0.01383333
v 0.04725 -0.00303109 -0.01383333
v 0.04853109 -0.00175 -0.01383333
v 0.049 0 -0.01383333
v 0.049 0 -0.01216667
v 0.04853109 0.00175 -0.01383333
v 0.04725 0.00303109 -0.01383333
v 0.0455 0.0035 -0.01383333
v 0.04375 0.00303109 -0.01383333
v 0.04246891 0.00175 -0.01383333
v 0.042 0 -0.01383333
v 0.042 0 -0.01216667
v 0.04246891 -0.00175 -0.01383333
v 0.04375 -0.00303109 -0.01383333
v 0.0455 -0.0035 -0.01383333
v 0.04286603 -0.0195 -0.0359
v 0.0425 -0.01913397 -0.0359
v 0.042 -0.02 -0.0359
v 0.042 -0.019 -0.0359
v 0.0415 -0.01913397 -0.0359
v 0.0425 -0.02086603 -0.0359
v 0.04286603 -0.0205 -0.0359
v 0.043 -0.02 -0.0359
v 0.04113397 -0.0205 -0.0359
v 0.0415 -0.02086603 -0.0359
v 0.042 -0.021 -0.0359
v 0.04113397 -0.0195 -0.0359
v 0.041 -0.02 -0.0359
v 0.04286603 0.0205 -0.0359
v 0.0425 0.02086603 -0.0359
v 0.042 0.02 -0.0359
v 0.042 0.021 -0.0359
v 0.0415 0.02086603 -0.0359
v 0.0425 0.01913397 -0.0359
v 0.04286603 0.0195 -0.0359
v 0.043 0.02 -0.0359
v 0.04113397 0.0195 -0.0359
v 0.0415 0.01913397 -0.0359
v 0.042 0.019 -0.0359
v 0.04113397 0.0205 -0.0359
v 0.041 0.02 -0.0359
v -0.02713398 -0.0275 -0.0359
v -0.0275 -0.02713398 -0.0359
v -0.028 -0.028 -0.0359
v -0.028 -0.027 -0.0359
v -0.0285 -0.02713398 -0.0359
v -0.0275 -0.02886602 -0.0359
v -0.02713398 -0.0285 -0.0359
v -0.027 -0.028 -0.0359
v -0.02886602 -0.0285 -0.0359
v -0.0285 -0.02886602 -0.0359
v -0.028 -0.029 -0.0359
v -0.02886602 -0.0275 -0.0359
v -0.029 -0.028 -0.0359
v -0.02713398 0.0285 -0.0359
v -0.0275 0.02886602 -0.0359
v -0.028 0.028 -0.0359
v -0.028 0.029 -0.0359
v -0.0285 0.02886602 -0.0359
v -0.0275 0.02713398 -0.0359
v -0.02713398 0.0275 -0.0359
v -0.027 0.028 -0.0359
v -0.02886602 0.0275 -0.0359
v -0.0285 0.02713398 -0.0359
v -0.028 0.027 -0.0359
v -0.02886602 0.0285 -0.0359
v -0.029 0.028 -0.0359
v 0.04091747 0.020625 -0.0375
v 0.041375 0.02108253 -0.0375
v 0.042 0.02 -0.0375
v 0.042 0.02125 -0.0375
v 0.042625 0.02108253 -0.0375
v 0.041375 0.01891747 -0.0375
v 0.04091747 0.019375 -0.0375
v 0.04075 0.02 -0.0375
v 0.04308253 0.019375 -0.0375
v 0.042625 0.01891747 -0.0375
v 0.042 0.01875 -0.0375
v 0.04308253 0.020625 -0.0375
v 0.04325 0.02 -0.0375
v 0.04303632 0.02229497 -0.0475
v 0.04303632 0.02229497 -0.0375
v 0.04328632 0.02222798 -0.0375
v 0.04328632 0.02222798 -0.0475
v 0.04346934 0.02204497 -0.0375
v 0.04346934 0.02204497 -0.0475
v 0.04689904 -0.00075 -0.042
v 0.04635 -0.00129904 -0.042
v 0.0456 0 -0.042
v 0.0456 -0.0015 -0.042
v 0.04485 -0.00129904 -0.042
v 0.04635 0.00129904 -0.042
v 0.04689904 0.00075 -0.042
v 0.0471 0 -0.042
v 0.04430096 0.00075 -0.042
v 0.04485 0.00129904 -0.042
v 0.0456 0.0015 -0.042
v 0.04430096 -0.00075 -0.042
v 0.0441 0 -0.042
v 0.03130492 0.004 -0.0415
v 0.03530492 0.004 -0.0415
v 0.03130492 -0.004 -0.0415
v 0.03530492 -0.004 -0.0415
v 0.04091747 -0.019375 -0.0375
v 0.041375 -0.01891747 -0.0375
v 0.042 -0.02 -0.0375
v 0.042 -0.01875 -0.0375
v 0.042625 -0.01891747 -0.0375
v 0.041375 -0.02108253 -0.0375
v 0.04091747 -0.020625 -0.0375
v 0.04075 -0.02 -0.0375
v 0.04308253 -0.020625 -0.0375
v 0.042625 -0.02108253 -0.0375
v 0.042 -0.02125 -0.0375
v 0.04308253 -0.019375 -0.0375
v 0.04325 -0.02 -0.0375
v 0.04346934 -0.02204497 -0.0475
v 0.04346934 -0.02204497 -0.0375
v 0.04328632 -0.02222798 -0.0375
v 0.04328632 -0.02222798 -0.0475
v 0.04303632 -0.02229497 -0.0375
v 0.04303632 -0.02229497 -0.0475
v -0.03033495 -0.02745432 -0.0375
v -0.03050566 -0.02775 -0.0375
v -0.0298696 -0.02871035 -0.0375
v -0.03056505 -0.02791318 -0.0375
v -0.03056505 -0.02808682 -0.0375
v -0.03050566 -0.02825 -0.0375
v -0.02973205 -0.029 -0.0375
v -0.02946934 -0.03004497 -0.0375
v -0.029 -0.02973205 -0.0375
v -0.02928632 -0.03022798 -0.0375
v -0.02878232 -0.02984065 -0.0375
v -0.02903632 -0.03029497 -0.0375
v -0.02768659 -0.03029497 -0.0375
v -0.02903632 -0.03029497 -0.0475
v -0.02928632 -0.03022798 -0.0475
v -0.02946934 -0.03004497 -0.0475
v -0.02908253 -0.027375 -0.0375
v -0.028625 -0.02691747 -0.0375
v -0.028 -0.028 -0.0375
v -0.028 -0.02675 -0.0375
v -0.027375 -0.02691747 -0.0375
v -0.028625 -0.02908253 -0.0375
v -0.02908253 -0.028625 -0.0375
v -0.02925 -0.028 -0.0375
v -0.02691747 -0.028625 -0.0375
v -0.027375 -0.02908253 -0.0375
v -0.028 -0.02925 -0.0375
v -0.02691747 -0.027375 -0.0375
v -0.02675 -0.028 -0.0375
v -0.03050566 -0.02825 -0.0475
v -0.03056505 -0.02808682 -0.0475
v -0.03056505 -0.02791318 -0.0475
v -0.03050566 -0.02775 -0.0475
v -0.03050566 0.02775 -0.0375
v -0.03033495 0.02745432 -0.0375
v -0.0298696 0.02871035 -0.0375
v -0.02973205 0.029 -0.0375
v -0.029 0.02973205 -0.0375
v -0.02928632 0.03022798 -0.0375
v -0.02903632 0.03029497 -0.0375
v -0.02878232 0.02984065 -0.0375
v -0.02768659 0.03029497 -0.0375
v -0.03056505 0.02791318 -0.0375
v -0.03056505 0.02808682 -0.0375
v -0.03050566 0.02825 -0.0375
v -0.02946934 0.03004497 -0.0375
v -0.03050566 0.02775 -0.0475
v -0.03056505 0.02791318 -0.0475
v -0.03056505 0.02808682 -0.0475
v -0.03050566 0.02825 -0.0475
v -0.02908253 0.028625 -0.0375
v -0.028625 0.02908253 -0.0375
v -0.028 0.028 -0.0375
v -0.028 0.02925 -0.0375
v -0.027375 0.02908253 -0.0375
v -0.028625 0.02691747 -0.0375
v -0.02908253 0.027375 -0.0375
v -0.02925 0.028 -0.0375
v -0.02691747 0.027375 -0.0375
v -0.027375 0.02691747 -0.0375
v -0.028 0.02675 -0.0375
v -0.02691747 0.028625 -0.0375
v -0.02675 0.028 -0.0375
v -0.02946934 0.03004497 -0.0475
v -0.02928632 0.03022798 -0.0475
v -0.02903632 0.03029497 -0.0475
v -0.01 -0.0289 -0.0375
v -0.01 -0.0263 -0.0375
v 0.01 -0.0289 -0.0375
v 0.01 -0.0263 -0.0375
v -0.01264346 -0.03263653 -0.01383333
v -0.00643123 -0.03440406 -0.01383333
v 0 -0.035 -0.01383333
v 0.00643123 -0.03440406 -0.01383333
v 0.01264346 -0.03263653 -0.01383333
v 0.01842513 -0.0297576 -0.01383333
v 0.02357935 -0.02586531 -0.01383333
v 0.0279306 -0.02109221 -0.01383333
v 0.03133072 -0.01560084 -0.01383333
v 0.0336639 -0.0095782 -0.01383333
v 0.0348507 -0.00322939 -0.01383333
v 0.0348507 0.00322939 -0.01383333
v 0.0336639 0.0095782 -0.01383333
v 0.03133072 0.01560084 -0.01383333
v 0.0279306 0.02109221 -0.01383333
v 0.02357935 0.02586531 -0.01383333
v 0.01842513 0.0297576 -0.01383333
v 0.01264346 0.03263653 -0.01383333
v 0.00643123 0.03440406 -0.01383333
v -0 0.035 -0.01383333
v -0.00643123 0.03440406 -0.01383333
v -0.01264346 0.03263653 -0.01383333
v -0.01842513 0.0297576 -0.01383333
v -0.02357935 0.02586531 -0.01383333
v -0.0279306 0.02109221 -0.01383333
v -0.03133072 0.01560084 -0.01383333
v -0.0336639 0.0095782 -0.01383333
v -0.0348507 0.00322939 -0.01383333
v -0.0348507 -0.00322939 -0.01383333
v -0.0336639 -0.0095782 -0.01383333
v -0.03133072 -0.01560084 -0.01383333
v -0.0279306 -0.02109221 -0.01383333
v -0.02357935 -0.02586531 -0.01383333
v -0.01842513 -0.0297576 -0.01383333
v 0.05134957 0.00133513 -0.01383333
v 0.05019099 0.00374094 -0.01383333
v 0.0481033 0.00540581 -0.01383333
v 0.0455 0.006 -0.01383333
v 0.0428967 0.00540581 -0.01383333
v 0.04080901 0.00374094 -0.01383333
v 0.03965043 0.00133513 -0.01383333
v 0.03965043 -0.00133513 -0.01383333
v 0.04080901 -0.00374094 -0.01383333
v 0.0428967 -0.00540581 -0.01383333
v 0.0455 -0.006 -0.01383333
v 0.0481033 -0.00540581 -0.01383333
v 0.05019099 -0.00374094 -0.01383333
v 0.05134957 -0.00133513 -0.01383333
v 0.042 -0.019 -0.016
v 0.0425 -0.01913397 -0.016
v 0.04286603 -0.0195 -0.016
v 0.043 -0.02 -0.016
v 0.04286603 -0.0205 -0.016
v 0.0425 -0.02086603 -0.016
v 0.042 -0.021 -0.016
v 0.0415 -0.02086603 -0.016
v 0.04113397 -0.0205 -0.016
v 0.041 -0.02 -0.016
v 0.04113397 -0.0195 -0.016
v 0.0415 -0.01913397 -0.016
v 0.042 0.021 -0.016
v 0.0425 0.02086603 -0.016
v 0.04286603 0.0205 -0.016
v 0.043 0.02 -0.016
v 0.04286603 0.0195 -0.016
v 0.0425 0.01913397 -0.016
v 0.042 0.019 -0.016
v 0.0415 0.01913397 -0.016
v 0.04113397 0.0195 -0.016
v 0.041 0.02 -0.016
v 0.04113397 0.0205 -0.016
v 0.0415 0.02086603 -0.016
v -0.028 -0.027 -0.016
v -0.0275 -0.02713398 -0.016
v -0.02713398 -0.0275 -0.016
v -0.027 -0.028 -0.016
v -0.02713398 -0.0285 -0.016
v -0.0275 -0.02886602 -0.016
v -0.028 -0.029 -0.016
v -0.0285 -0.02886602 -0.016
v -0.02886602 -0.0285 -0.016
v -0.029 -0.028 -0.016
v -0.02886602 -0.0275 -0.016
v -0.0285 -0.02713398 -0.016
v -0.028 0.029 -0.016
v -0.0275 0.02886602 -0.016
v -0.02713398 0.0285 -0.016
v -0.027 0.028 -0.016
v -0.02713398 0.0275 -0.016
v -0.0275 0.02713398 -0.016
v -0.028 0.027 -0.016
v -0.0285 0.02713398 -0.016
v -0.02886602 0.0275 -0.016
v -0.029 0.028 -0.016
v -0.02886602 0.0285 -0.016
v -0.0285 0.02886602 -0.016
v 0.04206352 0.02229497 -0.0375
v 0.04096368 0.02229497 -0.0475
v 0.04096368 0.02229497 -0.0375
v 0.042 0.02125 -0.0475
v 0.042625 0.02108253 -0.0475
v 0.04308253 0.020625 -0.0475
v 0.04325 0.02 -0.0475
v 0.04308253 0.019375 -0.0475
v 0.042625 0.01891747 -0.0475
v 0.042 0.01875 -0.0475
v 0.041375 0.01891747 -0.0475
v 0.04091747 0.019375 -0.0475
v 0.04075 0.02 -0.0475
v 0.04091747 0.020625 -0.0475
v 0.041375 0.02108253 -0.0475
v 0.04450566 0.02025 -0.0375
v 0.04450566 0.02025 -0.0475
v 0.04400932 0.02110969 -0.0375
v 0.0456 -0.0015 -0.04
v 0.04635 -0.00129904 -0.04
v 0.04689904 -0.00075 -0.04
v 0.0471 0 -0.04
v 0.04689904 0.00075 -0.04
v 0.04635 0.00129904 -0.04
v 0.0456 0.0015 -0.04
v 0.04485 0.00129904 -0.04
v 0.04430096 0.00075 -0.04
v 0.0441 0 -0.04
v 0.04430096 -0.00075 -0.04
v 0.04485 -0.00129904 -0.04
v 0.03130492 0.004 -0.04
v 0.03130492 -0.004 -0.04
v 0.03530492 0.004 -0.04
v 0.03530492 -0.004 -0.04
v 0.04400932 -0.02110969 -0.0375
v 0.04450566 -0.02025 -0.0475
v 0.04450566 -0.02025 -0.0375
v 0.042 -0.01875 -0.0475
v 0.042625 -0.01891747 -0.0475
v 0.04308253 -0.019375 -0.0475
v 0.04325 -0.02 -0.0475
v 0.04308253 -0.020625 -0.0475
v 0.042625 -0.02108253 -0.0475
v 0.042 -0.02125 -0.0475
v 0.041375 -0.02108253 -0.0475
v 0.04091747 -0.020625 -0.0475
v 0.04075 -0.02 -0.0475
v 0.04091747 -0.019375 -0.0475
v 0.041375 -0.01891747 -0.0475
v 0.04096368 -0.02229497 -0.0375
v 0.04096368 -0.02229497 -0.0475
v 0.04206352 -0.02229497 -0.0375
v -0.02696368 -0.03029497 -0.0475
v -0.02696368 -0.03029497 -0.0375
v -0.028 -0.02675 -0.0475
v -0.027375 -0.02691747 -0.0475
v -0.02691747 -0.027375 -0.0475
v -0.02675 -0.028 -0.0475
v -0.02691747 -0.028625 -0.0475
v -0.027375 -0.02908253 -0.0475
v -0.028 -0.02925 -0.0475
v -0.028625 -0.02908253 -0.0475
v -0.02908253 -0.028625 -0.0475
v -0.02925 -0.028 -0.0475
v -0.02908253 -0.027375 -0.0475
v -0.028625 -0.02691747 -0.0475
v -0.02946934 -0.02595503 -0.0375
v -0.02946934 -0.02595503 -0.0475
v -0.02946934 0.02595503 -0.0475
v -0.02946934 0.02595503 -0.0375
v -0.028 0.02925 -0.0475
v -0.027375 0.02908253 -0.0475
v -0.02691747 0.028625 -0.0475
v -0.02675 0.028 -0.0475
v -0.02691747 0.027375 -0.0475
v -0.027375 0.02691747 -0.0475
v -0.028 0.02675 -0.0475
v -0.028625 0.02691747 -0.0475
v -0.02908253 0.027375 -0.0475
v -0.02925 0.028 -0.0475
v -0.02908253 0.028625 -0.0475
v -0.028625 0.02908253 -0.0475
v -0.02696368 0.03029497 -0.0375
v -0.02696368 0.03029497 -0.0475
v 0.01 -0.0263 -0.044
v 0.01 -0.0289 -0.044
v -0.01 -0.0263 -0.044
v -0.01 -0.0289 -0.044
v -0.01345069 -0.03231221 -0.0155
v -0.01264346 -0.03263653 -0.0155
v -0.00643123 -0.03440406 -0.0155
v 0 -0.035 -0.0155
v 0.00643123 -0.03440406 -0.0155
v 0.01264346 -0.03263653 -0.0155
v 0.01842513 -0.0297576 -0.0155
v 0.02357935 -0.02586531 -0.0155
v 0.0279306 -0.02109221 -0.0155
v 0.03133072 -0.01560084 -0.0155
v 0.0336639 -0.0095782 -0.0155
v 0.0348507 -0.00322939 -0.0155
v 0.0348507 0.00322939 -0.0155
v 0.0336639 0.0095782 -0.0155
v 0.03133072 0.01560084 -0.0155
v 0.0279306 0.02109221 -0.0155
v 0.02357935 0.02586531 -0.0155
v 0.01842513 0.0297576 -0.0155
v 0.01264346 0.03263653 -0.0155
v 0.00643123 0.03440406 -0.0155
v -0 0.035 -0.0155
v -0.00643123 0.03440406 -0.0155
v -0.01264346 0.03263653 -0.0155
v -0.01842513 0.0297576 -0.0155
v -0.02357935 0.02586531 -0.0155
v -0.0279306 0.02109221 -0.0155
v -0.03133072 0.01560084 -0.0155
v -0.0336639 0.0095782 -0.0155
v -0.0348507 0.00322939 -0.0155
v -0.0348507 -0.00322939 -0.0155
v -0.0336639 -0.0095782 -0.0155
v -0.03133072 -0.01560084 -0.0155
v -0.0279306 -0.02109221 -0.0155
v -0.02357935 -0.02586531 -0.0155
v -0.01842513 -0.0297576 -0.0155
v 0.0481033 -0.00540581 -0.0155
v 0.05019099 -0.00374094 -0.0155
v 0.05134957 -0.00133513 -0.0155
v 0.05134957 0.00133513 -0.0155
v 0.05019099 0.00374094 -0.0155
v 0.0481033 0.00540581 -0.0155
v 0.0455 0.006 -0.0155
v 0.0428967 0.00540581 -0.0155
v 0.04080901 0.00374094 -0.0155
v 0.03965043 0.00133513 -0.0155
v 0.03965043 -0.00133513 -0.0155
v 0.04080901 -0.00374094 -0.0155
v 0.0428967 -0.00540581 -0.0155
v 0.0455 -0.006 -0.0155
v 0.04275 -0.02129904 -0.0155
v 0.04329904 -0.02075 -0.0155
v 0.0435 -0.02 -0.0155
v 0.04329904 -0.01925 -0.0155
v 0.04275 -0.01870096 -0.0155
v 0.042 -0.0185 -0.0155
v 0.04125 -0.01870096 -0.0155
v 0.04070096 -0.01925 -0.0155
v 0.0405 -0.02 -0.0155
v 0.04070096 -0.02075 -0.0155
v 0.04125 -0.02129904 -0.0155
v 0.042 -0.0215 -0.0155
v 0.04275 0.01870096 -0.0155
v 0.04329904 0.01925 -0.0155
v 0.0435 0.02 -0.0155
v 0.04329904 0.02075 -0.0155
v 0.04275 0.02129904 -0.0155
v 0.042 0.0215 -0.0155
v 0.04125 0.02129904 -0.0155
v 0.04070096 0.02075 -0.0155
v 0.0405 0.02 -0.0155
v 0.04070096 0.01925 -0.0155
v 0.04125 0.01870096 -0.0155
v 0.042 0.0185 -0.0155
v -0.02725 -0.02929904 -0.0155
v -0.02670096 -0.02875 -0.0155
v -0.0265 -0.028 -0.0155
v -0.02670096 -0.02725 -0.0155
v -0.02725 -0.02670096 -0.0155
v -0.028 -0.0265 -0.0155
v -0.02875 -0.02670096 -0.0155
v -0.02929904 -0.02725 -0.0155
v -0.0295 -0.028 -0.0155
v -0.02929904 -0.02875 -0.0155
v -0.02875 -0.02929904 -0.0155
v -0.028 -0.0295 -0.0155
v -0.02725 0.02670096 -0.0155
v -0.02670096 0.02725 -0.0155
v -0.0265 0.028 -0.0155
v -0.02670096 0.02875 -0.0155
v -0.02725 0.02929904 -0.0155
v -0.028 0.0295 -0.0155
v -0.02875 0.02929904 -0.0155
v -0.02929904 0.02875 -0.0155
v -0.0295 0.028 -0.0155
v -0.02929904 0.02725 -0.0155
v -0.02875 0.02670096 -0.0155
v -0.028 0.0265 -0.0155
v 0.04430096 0.00075 -0.035
v 0.03550259 0.01241138 -0.035
v 0.04485 0.00129904 -0.035
v 0.03922558 0.01467538 -0.035
v 0.0456 0.0015 -0.035
v 0.03390662 -0.01092085 -0.035
v 0.04430096 -0.00075 -0.035
v 0.04485 -0.00129904 -0.035
v 0.0456 -0.0015 -0.035
v 0.04128325 -0.01540668 -0.035
v 0.03728666 -0.01367071 -0.035
v 0.04689904 -0.00075 -0.035
v 0.0471 0 -0.035
v 0.06126535 -0.0032553 -0.035
v 0.04689904 0.00075 -0.035
v 0.06067618 0.00535807 -0.035
v 0.0615627 0.00109188 -0.035
v 0.04635 0.00129904 -0.035
v 0.05569741 0.01241138 -0.035
v 0.05867152 0.00922688 -0.035
v 0.04342133 0.01585097 -0.035
v 0.04777867 0.01585097 -0.035
v 0.05197442 0.01467538 -0.035
v 0.0441 0 -0.035
v 0.03052383 0.00535807 -0.035
v 0.03252848 0.00922688 -0.035
v 0.03139384 -0.00736104 -0.035
v 0.02993465 -0.0032553 -0.035
v 0.0296373 0.00109188 -0.035
v 0.04635 -0.00129904 -0.035
v 0.04991675 -0.01540668 -0.035
v 0.0456 -0.016 -0.035
v 0.05980616 -0.00736104 -0.035
v 0.05729337 -0.01092085 -0.035
v 0.05391334 -0.01367071 -0.035
v 0.02 -0.008 -0.03
v 0.03 -0.008 -0.03
v 0.03 -0.0255 -0.03
v -0 0.0255 -0.03
v 0.03 0.0255 -0.03
v 0.03 0.008 -0.03
v -0.01498852 -0.02062993 -0.03
v -0.01895019 -0.01706283 -0.03
v -0.01895019 0.01706283 -0.03
v 0 -0.0255 -0.03
v 0.02 0.008 -0.03
v -0.01037178 -0.02329541 -0.03
v -0.01498852 0.02062993 -0.03
v -0.01037178 0.02329541 -0.03
v -0.00530175 -0.02494276 -0.03
v -0.00530175 0.02494276 -0.03
v -0.02208365 -0.01275 -0.03
v -0.02425194 -0.00787993 -0.03
v -0.02536031 -0.00266548 -0.03
v -0.02536031 0.00266548 -0.03
v -0.02425194 0.00787993 -0.03
v -0.02208365 0.01275 -0.03
v 0.04053066 0.02204497 -0.0475
v 0.04053066 0.02204497 -0.0375
v 0.04071368 0.02222798 -0.0375
v 0.04071368 0.02222798 -0.0475
v 0.03949434 0.01975 -0.0475
v 0.03949434 0.01975 -0.0375
v 0.03943495 0.01991318 -0.0375
v 0.03943495 0.01991318 -0.0475
v 0.03943495 0.02008682 -0.0375
v 0.03943495 0.02008682 -0.0475
v 0.03949434 0.02025 -0.0375
v 0.03949434 0.02025 -0.0475
v 0.04096368 0.01770503 -0.0475
v 0.04096368 0.01770503 -0.0375
v 0.04071368 0.01777202 -0.0375
v 0.04071368 0.01777202 -0.0475
v 0.04053066 0.01795503 -0.0375
v 0.04053066 0.01795503 -0.0475
v 0.04346934 0.01795503 -0.0475
v 0.04346934 0.01795503 -0.0375
v 0.04328632 0.01777202 -0.0375
v 0.04328632 0.01777202 -0.0475
v 0.04303632 0.01770503 -0.0375
v 0.04303632 0.01770503 -0.0475
v 0.04456505 0.02008682 -0.0475
v 0.04456505 0.01991318 -0.0475
v 0.04450566 0.01975 -0.0475
v 0.04456505 0.02008682 -0.0375
v 0.04456505 0.01991318 -0.0375
v 0.04450566 0.01975 -0.0375
v 0.03139384 -0.00736104 -0.04
v 0.02993465 -0.0032553 -0.04
v 0.03550259 0.01241138 -0.04
v 0.03922558 0.01467538 -0.04
v 0.04342133 0.01585097 -0.04
v 0.04777867 0.01585097 -0.04
v 0.0296373 0.00109188 -0.04
v 0.03052383 0.00535807 -0.04
v 0.03252848 0.00922688 -0.04
v 0.03390662 -0.01092085 -0.04
v 0.03728666 -0.01367071 -0.04
v 0.0456 -0.016 -0.04
v 0.04128325 -0.01540668 -0.04
v 0.0471 0 -0.04
v 0.0615627 0.00109188 -0.04
v 0.06126535 -0.0032553 -0.04
v 0.0441 0 -0.04
v 0.06067618 0.00535807 -0.04
v 0.05867152 0.00922688 -0.04
v 0.05569741 0.01241138 -0.04
v 0.05197442 0.01467538 -0.04
v 0.04991675 -0.01540668 -0.04
v 0.05980616 -0.00736104 -0.04
v 0.05729337 -0.01092085 -0.04
v 0.05391334 -0.01367071 -0.04
v 0.04450566 -0.01975 -0.0475
v 0.04450566 -0.01975 -0.0375
v 0.04456505 -0.01991318 -0.0375
v 0.04456505 -0.01991318 -0.0475
v 0.04456505 -0.02008682 -0.0375
v 0.04456505 -0.02008682 -0.0475
v 0.04303632 -0.01770503 -0.0475
v 0.04303632 -0.01770503 -0.0375
v 0.04328632 -0.01777202 -0.0375
v 0.04328632 -0.01777202 -0.0475
v 0.04346934 -0.01795503 -0.0375
v 0.04346934 -0.01795503 -0.0475
v 0.04053066 -0.01795503 -0.0475
v 0.04053066 -0.01795503 -0.0375
v 0.04071368 -0.01777202 -0.0375
v 0.04071368 -0.01777202 -0.0475
v 0.04096368 -0.01770503 -0.0375
v 0.04096368 -0.01770503 -0.0475
v 0.03949434 -0.02025 -0.0475
v 0.03949434 -0.02025 -0.0375
v 0.03943495 -0.02008682 -0.0375
v 0.03943495 -0.02008682 -0.0475
v 0.03943495 -0.01991318 -0.0375
v 0.03943495 -0.01991318 -0.0475
v 0.03949434 -0.01975 -0.0375
v 0.03949434 -0.01975 -0.0475
v 0.04071368 -0.02222798 -0.0475
v 0.04053066 -0.02204497 -0.0475
v 0.04071368 -0.02222798 -0.0375
v 0.04053066 -0.02204497 -0.0375
v -0.02653066 -0.03004497 -0.0475
v -0.02653066 -0.03004497 -0.0375
v -0.02671367 -0.03022798 -0.0375
v -0.02671367 -0.03022798 -0.0475
v -0.02549434 -0.02775 -0.0475
v -0.02549434 -0.02775 -0.0375
v -0.02543495 -0.02791318 -0.0375
v -0.02543495 -0.02791318 -0.0475
v -0.02543495 -0.02808682 -0.0375
v -0.02543495 -0.02808682 -0.0475
v -0.02549434 -0.02825 -0.0375
v -0.02549434 -0.02825 -0.0475
v -0.02696368 -0.02570503 -0.0475
v -0.02696368 -0.02570503 -0.0375
v -0.02671367 -0.02577202 -0.0375
v -0.02671367 -0.02577202 -0.0475
v -0.02653066 -0.02595503 -0.0375
v -0.02653066 -0.02595503 -0.0475
v -0.02928632 -0.02577202 -0.0475
v -0.02903632 -0.02570503 -0.0475
v -0.02928632 -0.02577202 -0.0375
v -0.02903632 -0.02570503 -0.0375
v -0.02903632 0.02570503 -0.0475
v -0.02903632 0.02570503 -0.0375
v -0.02928632 0.02577202 -0.0375
v -0.02928632 0.02577202 -0.0475
v -0.02653066 0.02595503 -0.0475
v -0.02653066 0.02595503 -0.0375
v -0.02671367 0.02577202 -0.0375
v -0.02671367 0.02577202 -0.0475
v -0.02696368 0.02570503 -0.0375
v -0.02696368 0.02570503 -0.0475
v -0.02549434 0.02825 -0.0475
v -0.02549434 0.02825 -0.0375
v -0.02543495 0.02808682 -0.0375
v -0.02543495 0.02808682 -0.0475
v -0.02543495 0.02791318 -0.0375
v -0.02543495 0.02791318 -0.0475
v -0.02549434 0.02775 -0.0375
v -0.02549434 0.02775 -0.0475
v -0.02671367 0.03022798 -0.0475
v -0.02653066 0.03004497 -0.0475
v -0.02671367 0.03022798 -0.0375
v -0.02653066 0.03004497 -0.0375
v 0.0125 -0.03 -0.044
v -0.0125 -0.03 -0.044
v -0.0125 -0.025 -0.044
v 0.0125 -0.025 -0.044
v 0.00350681 0.03496458 -0.021
v -0 0.03514 -0.021
v 0.00350681 0.03496458 -0.0155
v -0 0.03514 -0.0155
v 0.04662 0.01760025 -0.01794
v 0.04662 0.01941495 -0.01794
v 0.04953262 0.01550917 -0.01794
v 0.05006569 0.01698217 -0.01794
v 0.06157027 0.00097799 -0.01794
v 0.0616 0 -0.01794
v 0.0615627 0.00109188 -0.01794
v 0.05973383 0.00752384 -0.01794
v 0.05927071 0.00831334 -0.01794
v 0.05925051 0.00837457 -0.01794
v 0.05897892 0.00877523 -0.01794
v 0.05871641 0.00919438 -0.01794
v 0.05867152 0.00922688 -0.01794
v 0.05611426 0.01210568 -0.01794
v 0.05569741 0.01241138 -0.01794
v 0.05197442 0.01467538 -0.01794
v 0.06085031 0.00484023 -0.01794
v 0.06067618 0.00535807 -0.01794
v 0.0607087 0.00528255 -0.01794
v 0.06054116 0.00574225 -0.01794
v 0.06048445 0.00586967 -0.01794
v 0.06027538 0.00637442 -0.01794
v 0.06016457 0.00664532 -0.01794
v 0.06004919 0.00687174 -0.01794
v 0.05980616 0.00736104 -0.01794
v 0.06086219 0.00481798 -0.01794
v 0.0610015 0.00434895 -0.01794
v 0.06100668 0.00431675 -0.01794
v 0.06112649 0.00387591 -0.01794
v 0.06114507 0.00378823 -0.01794
v 0.06123705 0.00339929 -0.01794
v 0.06126535 0.0032553 -0.01794
v 0.06133308 0.00291953 -0.01794
v 0.06131864 0.00298737 -0.01794
v 0.06141147 0.00244897 -0.01794
v 0.06144967 0.00219497 -0.01794
v 0.06145098 0.00217867 -0.01794
v 0.06148119 0.00195236 -0.01794
v 0.06148586 0.00190772 -0.01794
v 0.06150901 0.00170931 -0.01794
v 0.06151612 0.00163623 -0.01794
v 0.06153313 0.00146585 -0.01794
v 0.06152951 0.00150029 -0.01794
v 0.06154173 0.00136425 -0.01794
v 0.06136735 0.00271857 -0.01794
v 0.06137561 0.00267861 -0.01794
v 0.06141448 0.00243707 -0.01794
v 0.0615438 0.001344 -0.01794
v 0.06155355 0.00122206 -0.01794
v 0.06156237 0.00110006 -0.01794
v 0.04662 0.01760025 -0.021
v 0.04662 0.01941495 -0.021
v 0.04635 -0.00129904 -0.0375
v 0.04689904 -0.00075 -0.0375
v 0.0471 0 -0.0375
v 0.0471 0 -0.035
v 0.04689904 0.00075 -0.0375
v 0.04635 0.00129904 -0.0375
v 0.0456 0.0015 -0.0375
v 0.04485 0.00129904 -0.0375
v 0.04430096 0.00075 -0.0375
v 0.0441 0 -0.0375
v 0.0441 0 -0.035
v 0.04430096 -0.00075 -0.0375
v 0.04485 -0.00129904 -0.0375
v 0.0456 -0.0015 -0.0375
v 0.05611426 -0.01210568 -0.0155
v 0.05611426 -0.01210568 -0.01794
v 0.05871641 -0.00919438 -0.0155
v 0.05750392 -0.01072921 -0.01794
v 0.05871641 -0.00919438 -0.01794
v 0.05973383 -0.00752384 -0.01794
v 0.06054116 -0.00574225 -0.0155
v 0.06054116 -0.00574225 -0.01794
v 0.0607087 -0.00528255 -0.01794
v 0.06086219 -0.00481798 -0.01794
v 0.0610015 -0.00434895 -0.01794
v 0.06148119 -0.00195236 -0.0155
v 0.06112649 -0.00387591 -0.01794
v 0.06123705 -0.00339929 -0.01794
v 0.06133308 -0.00291953 -0.01794
v 0.06141448 -0.00243707 -0.01794
v 0.06144967 -0.00219497 -0.01794
v 0.06148119 -0.00195236 -0.01794
v 0.06150901 -0.00170931 -0.01794
v 0.06153313 -0.00146585 -0.01794
v 0.06148119 0.00195236 -0.0155
v 0.06157027 -0.00097799 -0.01794
v 0.06054116 0.00574225 -0.0155
v 0.05871641 0.00919438 -0.0155
v 0.05611426 0.01210568 -0.0155
v 0.03725 -0.024 -0.0155
v 0.0388792 -0.02409937 -0.0155
v 0.03731594 -0.02492652 -0.0155
v 0.0475 -0.01225 -0.0155
v 0.05006569 -0.01698217 -0.0155
v -0.02184949 -0.0323473 -0.0155
v -0.02878232 -0.02984065 -0.0155
v -0.029 -0.02973205 -0.0155
v -0.02973205 -0.029 -0.0155
v -0.0298696 -0.02871035 -0.0155
v -0.03148127 -0.02404409 -0.0155
v -0.03454865 0.00975982 -0.0155
v -0.03514 -0 -0.0155
v -0.03454865 -0.00975982 -0.0155
v -0.03278324 -0.01937683 -0.0155
v -0.03278324 0.01937683 -0.0155
v -0.0298696 0.02871035 -0.0155
v -0.02973205 0.029 -0.0155
v -0.029 0.02973205 -0.0155
v -0.02878232 0.02984065 -0.0155
v -0.02184949 0.0323473 -0.0155
v -0.01468355 0.03407839 -0.0155
v 0.03725 0.01225 -0.0155
v 0.0388792 0.02409937 -0.0155
v 0.03725 0.024 -0.0155
v 0.03731594 0.02492652 -0.0155
v 0.03159609 0.02764441 -0.0155
v 0.02157458 0.03133759 -0.0155
v 0.0111989 0.03387049 -0.0155
v -0.00737097 0.03501306 -0.0155
v 0.04 0.01225 -0.0155
v 0.04002863 0.02346687 -0.0155
v 0.04113415 0.0228386 -0.0155
v 0.05006569 0.01698217 -0.0155
v 0.0475 0.01225 -0.0155
v 0.04 -0.01225 -0.0155
v 0.04113415 -0.0228386 -0.0155
v 0.04002863 -0.02346687 -0.0155
v 0.02157458 -0.03133759 -0.0155
v 0.03159609 -0.02764441 -0.0155
v 0.00350681 -0.03496458 -0.0155
v 0.0111989 -0.03387049 -0.0155
v -0.01468355 -0.03407839 -0.0155
v -0.00737097 -0.03501306 -0.0155
v -0 -0.03514 -0.0155
v 0.03725 -0.01225 -0.0155
v -0 -0.03514 -0.021
v 0.00350681 -0.03496458 -0.021
v 0.00335712 -0.03347207 -0.017
v 0.00335712 -0.03347207 -0.021
v -2.815E-05 -0.03363999 -0.017
v -2.815E-05 -0.03363999 -0.021
v -2.815E-05 0.03363999 -0.017
v -2.815E-05 0.03363999 -0.021
v 0.00335712 0.03347207 -0.017
v 0.00335712 0.03347207 -0.021
v 0.04777867 0.01585097 -0.017
v 0.04953262 0.01550917 -0.017
v 0.04991675 -0.01540668 -0.01794
v 0.04953262 -0.01550917 -0.01794
v 0.05391334 -0.01367071 -0.01794
v 0.05867152 -0.00922688 -0.01794
v 0.05729337 -0.01092085 -0.01794
v 0.06114507 -0.00378823 -0.01794
v 0.06100668 -0.00431675 -0.01794
v 0.06085031 -0.00484023 -0.01794
v 0.06067618 -0.00535807 -0.01794
v 0.05980616 -0.00736104 -0.01794
v 0.06151612 -0.00163623 -0.01794
v 0.06149386 -0.0018399 -0.01794
v 0.06148789 -0.00189077 -0.01794
v 0.06148484 -0.0019162 -0.01794
v 0.06148176 -0.00194162 -0.01794
v 0.061469 -0.00204327 -0.01794
v 0.06141147 -0.00244897 -0.01794
v 0.06134357 -0.00285307 -0.01794
v 0.06126535 -0.0032553 -0.01794
v 0.04342133 0.01585097 -0.017
v 0.03922558 0.01467538 -0.017
v 0.03550259 0.01241138 -0.017
v 0.03252848 0.00922688 -0.017
v 0.03052383 0.00535807 -0.017
v 0.0296373 0.00109188 -0.017
v 0.02993465 -0.0032553 -0.017
v 0.03139384 -0.00736104 -0.017
v 0.03390662 -0.01092085 -0.017
v 0.03728666 -0.01367071 -0.017
v 0.04128325 -0.01540668 -0.017
v 0.0456 -0.016 -0.017
v 0.04953262 -0.01550917 -0.017
v 0 -0.0255 -0.017
v 0.03 -0.0255 -0.017
v 0.03 -0.008 -0.017
v 0.02 -0.008 -0.017
v 0.02 0.008 -0.017
v 0.03 0.008 -0.017
v 0.03 0.0255 -0.017
v -0 0.0255 -0.017
v -0.00530175 0.02494276 -0.017
v -0.01037178 0.02329541 -0.017
v -0.01498852 0.02062993 -0.017
v -0.01895019 0.01706283 -0.017
v -0.02208365 0.01275 -0.017
v -0.02425194 0.00787993 -0.017
v -0.02536031 0.00266548 -0.017
v -0.02536031 -0.00266548 -0.017
v -0.02425194 -0.00787993 -0.017
v -0.02208365 -0.01275 -0.017
v -0.01895019 -0.01706283 -0.017
v -0.01498852 -0.02062993 -0.017
v -0.01037178 -0.02329541 -0.017
v -0.00530175 -0.02494276 -0.017
v 0.04662 -0.01941495 -0.021
v 0.04662 -0.01760025 -0.021
v 0.04662 -0.01941495 -0.01794
v 0.04662 -0.01760025 -0.01794
v 0.05006569 -0.01698217 -0.01794
v 0.04342133 0.01585097 -0.0375
v 0.03922558 0.01467538 -0.0375
v 0.03550259 0.01241138 -0.0375
v 0.03252848 0.00922688 -0.0375
v 0.03052383 0.00535807 -0.0375
v 0.0296373 0.00109188 -0.0375
v 0.02993465 -0.0032553 -0.0375
v 0.03139384 -0.00736104 -0.0375
v 0.03390662 -0.01092085 -0.0375
v 0.03728666 -0.01367071 -0.0375
v 0.04128325 -0.01540668 -0.0375
v 0.04569459 0.01599972 -0.0375
v 0.04777867 0.01585097 -0.0375
v 0.05197442 0.01467538 -0.0375
v 0.05569741 0.01241138 -0.0375
v 0.05867152 0.00922688 -0.0375
v 0.06067618 0.00535807 -0.0375
v 0.0615627 0.00109188 -0.0375
v 0.06126535 -0.0032553 -0.0375
v 0.05980616 -0.00736104 -0.0375
v 0.05729337 -0.01092085 -0.0375
v 0.05391334 -0.01367071 -0.0375
v 0.04991675 -0.01540668 -0.0375
v 0.04569459 -0.01599972 -0.0375
v 0.0456 -0.016 -0.0375
v -0.0125 -0.03 -0.0375
v 0.0125 -0.03 -0.0375
v 0.0125 -0.025 -0.0375
v -0.0125 -0.025 -0.0375
v -0.00899311 -0.03336882 -0.017
v -0.00899311 -0.03336882 -0.021
v -0.01783731 -0.03187752 -0.017
v -0.01783731 -0.03187752 -0.021
v -0.02639548 -0.02919395 -0.017
v -0.02639548 -0.02919395 -0.021
v -0.02878232 -0.02984065 -0.021
v -0.02184949 -0.0323473 -0.021
v -0.01468355 -0.03407839 -0.021
v -0.00737097 -0.03501306 -0.021
v -0.02639548 0.02919395 -0.017
v -0.02639548 0.02919395 -0.021
v -0.01783731 0.03187752 -0.017
v -0.01783731 0.03187752 -0.021
v -0.00899311 0.03336882 -0.017
v -0.00899311 0.03336882 -0.021
v -0.02913508 -0.02635331 -0.017
v -0.02913508 -0.02635331 -0.021
v -0.03162714 -0.01775744 -0.017
v -0.03162714 -0.01775744 -0.021
v -0.03313518 -0.00893558 -0.017
v -0.03313518 -0.00893558 -0.021
v -0.03364 -0 -0.017
v -0.03364 -0 -0.021
v -0.03313518 0.00893558 -0.017
v -0.03313518 0.00893558 -0.021
v -0.03162714 0.01775744 -0.017
v -0.03162714 0.01775744 -0.021
v -0.02913508 0.02635331 -0.017
v -0.02913508 0.02635331 -0.021
v -0.0298696 -0.02871035 -0.021
v -0.03278324 -0.01937683 -0.021
v -0.03 -0.028 -0.021
v -0.02973205 -0.027 -0.021
v -0.02973205 0.027 -0.021
v -0.03278324 0.01937683 -0.021
v -0.03 0.028 -0.021
v -0.0298696 0.02871035 -0.021
v -0.03454865 -0.00975982 -0.021
v -0.03364 -0 -0.021
v -0.03514 -0 -0.021
v -0.03454865 0.00975982 -0.021
v -0.03514 -0 -0.021
v -0.00737097 0.03501306 -0.021
v -0.01468355 0.03407839 -0.021
v -0.02184949 0.0323473 -0.021
v -0.02878232 0.02984065 -0.021
v 0.01309548 0.03196803 -0.017
v 0.01309548 0.03196803 -0.021
v 0.02261868 0.02943693 -0.017
v 0.02261868 0.02943693 -0.021
v 0.03181871 0.02590746 -0.017
v 0.03181871 0.02590746 -0.021
v 0.04059124 0.02141965 -0.017
v 0.04059124 0.02141965 -0.021
v 0.0439077 0.01939943 -0.017
v 0.0439077 0.01939943 -0.021
v -0.028 0.03 -0.021
v 0.04113415 0.0228386 -0.021
v 0.04302426 0.02171781 -0.021
v 0.043 0.02173205 -0.021
v 0.042 0.022 -0.021
v 0.041 0.02173205 -0.021
v 0.03159609 0.02764441 -0.021
v -0.027 0.02973205 -0.021
v 0.02157458 0.03133759 -0.021
v 0.0111989 0.03387049 -0.021
v 0.04302426 0.02171781 -0.017
v 0.04305657 0.02169814 -0.021
v 0.04305657 0.02169814 -0.017
v 0.04373205 0.021 -0.021
v 0.044 0.02 -0.021
v 0.04569459 0.004 -0.0375
v 0.04569459 -0.004 -0.0375
v 0.04369459 -0.0034641 -0.0375
v 0.04223049 -0.002 -0.0375
v 0.04169459 0 -0.0375
v 0.04223049 0.002 -0.0375
v 0.04369459 0.0034641 -0.0375
v 0.0439077 -0.01939943 -0.021
v 0.044 -0.02 -0.021
v 0.04373205 -0.021 -0.021
v 0.04305657 -0.02169814 -0.021
v 0.04305657 -0.02169814 -0.017
v 0.04302426 -0.02171781 -0.017
v 0.03159609 -0.02764441 -0.021
v 0.02157458 -0.03133759 -0.021
v 0.0111989 -0.03387049 -0.021
v 0.04113415 -0.0228386 -0.021
v 0.04302426 -0.02171781 -0.021
v 0.043 -0.02173205 -0.021
v -0.028 -0.03 -0.021
v 0.041 -0.02173205 -0.021
v 0.042 -0.022 -0.021
v -0.027 -0.02973205 -0.021
v 0.04059124 -0.02141965 -0.021
v 0.03181871 -0.02590746 -0.021
v 0.02261868 -0.02943693 -0.021
v 0.01309548 -0.03196803 -0.021
v 0.04059124 -0.02141965 -0.017
v 0.03181871 -0.02590746 -0.017
v 0.02261868 -0.02943693 -0.017
v 0.01309548 -0.03196803 -0.017
v -0.028 0.026 -0.017
v 0.04026795 -0.019 -0.017
v 0.04 -0.02 -0.017
v 0.04026795 -0.021 -0.017
v -0.029 0.02626795 -0.017
v -0.027 -0.02626795 -0.017
v -0.02626795 -0.027 -0.017
v -0.026 -0.028 -0.017
v -0.027 0.02626795 -0.017
v -0.026 0.028 -0.017
v -0.02626795 0.027 -0.017
v -0.02626795 0.029 -0.017
v -0.02626795 -0.029 -0.017
v 0.041 -0.01826795 -0.017
v 0.042 -0.018 -0.017
v 0.043 -0.01826795 -0.017
v 0.04373205 -0.019 -0.017
v 0.0439077 -0.01939943 -0.017
v 0.04026795 0.019 -0.017
v 0.04 0.02 -0.017
v 0.04026795 0.021 -0.017
v 0.043 0.01826795 -0.017
v 0.04373205 0.019 -0.017
v -0.029 -0.02626795 -0.017
v -0.028 -0.026 -0.017
v 0.041 0.01826795 -0.017
v 0.042 0.018 -0.017
v 0.04302426 -0.02171781 -0.0375
v 0.04305657 -0.02169814 -0.0375
v -0.02184949 -0.0323473 -0.0375
v -0.03278324 -0.01937683 -0.0375
v 0.01388099 -0.03333474 -0.0375
v 0.00350681 -0.03496458 -0.0375
v -0 -0.03514 -0.0375
v -0.03514 0 -0.0375
v 0.03376371 -0.02666979 -0.0375
v -0.01468355 -0.03407839 -0.0375
v -0.00737097 -0.03501306 -0.0375
v -0.03454865 -0.00975982 -0.0375
v 0.04569459 -0.02002978 -0.0375
v 0.04569459 0.02002978 -0.0375
v 0.02400873 -0.03055827 -0.0375
v -0.03278324 0.01937683 -0.0375
v -0.03454865 0.00975982 -0.0375
v 0.03910641 0.02397599 -0.0375
v 0.03014177 0.02826187 -0.0375
v -0.02184949 0.0323473 -0.0375
v -0.01468355 0.03407839 -0.0375
v -0.00737097 0.03501306 -0.0375
v -0 0.03514 -0.0375
v 0.00350681 0.03496458 -0.0375
v 0.01111043 0.03388679 -0.0375
v 0.02077491 0.03157781 -0.0375
v -0.03 -0.028 -0.0359
v -0.0298696 -0.02871035 -0.0359
v -0.02878232 -0.02984065 -0.0359
v -0.028 -0.03 -0.0359
v -0.027 -0.02973205 -0.0359
v -0.029 -0.02626795 -0.0359
v -0.02626795 -0.029 -0.0359
v -0.026 -0.028 -0.0359
v -0.02626795 -0.027 -0.0359
v -0.027 -0.02626795 -0.0359
v -0.028 -0.026 -0.0359
v -0.02973205 -0.027 -0.0359
v -0.0298696 0.02871035 -0.0359
v -0.03278324 0.01937683 -0.0359
v -0.03454865 0.00975982 -0.0359
v -0.03514 0 -0.0375
v -0.03514 0 -0.0359
v -0.03454865 -0.00975982 -0.0359
v -0.03278324 -0.01937683 -0.0359
v -0.02878232 0.02984065 -0.0359
v -0.028 0.03 -0.0359
v -0.02626795 0.029 -0.0359
v -0.027 0.02973205 -0.0359
v -0.026 0.028 -0.0359
v -0.02626795 0.027 -0.0359
v -0.027 0.02626795 -0.0359
v -0.028 0.026 -0.0359
v -0.029 0.02626795 -0.0359
v -0.02973205 0.027 -0.0359
v -0.03 0.028 -0.0359
v -0 0.03514 -0.0359
v -0.00737097 0.03501306 -0.0359
v -0.01468355 0.03407839 -0.0359
v -0.02184949 0.0323473 -0.0359
v 0.00350681 0.03496458 -0.0359
v 0.04373205 0.021 -0.0359
v 0.04305657 0.02169814 -0.0359
v 0.04302426 0.02171781 -0.0359
v 0.043 0.02173205 -0.0359
v 0.04251764 0.02193185 -0.0359
v 0.042 0.022 -0.0359
v 0.041 0.02173205 -0.0359
v 0.04373205 0.019 -0.0359
v 0.044 0.02 -0.0359
v 0.043 0.01826795 -0.0359
v 0.042 0.018 -0.0359
v 0.041 0.01826795 -0.0359
v 0.04026795 0.019 -0.0359
v 0.04 0.02 -0.0359
v 0.04026795 0.021 -0.0359
v 0.04569459 0.02002978 -0.0359
v 0.04107892 0.02287046 -0.0359
v 0.03910641 0.02397599 -0.0359
v 0.03014177 0.02826187 -0.0359
v 0.02077491 0.03157781 -0.0359
v 0.01111043 0.03388679 -0.0359
v 0.04569459 0.004 -0.0359
v 0.04569459 -0.004 -0.0359
v 0.04369459 -0.0034641 -0.0359
v 0.04223049 -0.002 -0.0359
v 0.04169459 0 -0.0359
v 0.04169459 0 -0.0375
v 0.04223049 0.002 -0.0359
v 0.04369459 0.0034641 -0.0359
v 0.04569459 -0.02002978 -0.0359
v 0.04305657 -0.02169814 -0.0359
v 0.043 -0.02173205 -0.0359
v 0.04302426 -0.02171781 -0.0359
v 0.04304046 -0.02170805 -0.0359
v 0.04373205 -0.021 -0.0359
v 0.044 -0.02 -0.0359
v 0.04276537 -0.02184776 -0.0359
v 0.042 -0.022 -0.0359
v 0.04251764 -0.02193185 -0.0359
v 0.04026795 -0.021 -0.0359
v 0.041 -0.02173205 -0.0359
v 0.04 -0.02 -0.0359
v 0.04026795 -0.019 -0.0359
v 0.041 -0.01826795 -0.0359
v 0.042 -0.018 -0.0359
v 0.043 -0.01826795 -0.0359
v 0.04373205 -0.019 -0.0359
v 0.02400873 -0.03055827 -0.0359
v 0.01388099 -0.03333474 -0.0359
v 0.00350681 -0.03496458 -0.0359
v 0.04076191 -0.02305235 -0.0359
v 0.03846318 -0.02432318 -0.0359
v 0.03376371 -0.02666979 -0.0359
v -0 -0.03514 -0.0359
v -0.02184949 -0.0323473 -0.0359
v -0.01468355 -0.03407839 -0.0359
v -0.00737097 -0.03501306 -0.0359
vn -0 -0 1
vn -0 -1 -0
vn -0.18261 -0.01169 0.98312
vn 0.17447 -0.0245 0.98436
vn 0.16964 -0.04753 0.98436
vn 0.16964 -0.04753 0.98436
vn 0.16179 -0.06972 0.98436
vn 0.16179 -0.06972 0.98436
vn 0.15106 -0.09066 0.98436
vn 0.15106 -0.09066 0.98436
vn 0.13763 -0.10999 0.98436
vn 0.13763 -0.10999 0.98436
vn 0.12174 -0.12735 0.98436
vn 0.12174 -0.12735 0.98436
vn 0.10368 -0.14244 0.98436
vn 0.10368 -0.14244 0.98436
vn 0.08377 -0.15499 0.98436
vn 0.08377 -0.15499 0.98436
vn 0.06236 -0.16477 0.98436
vn 0.06236 -0.16477 0.98436
vn 0.03984 -0.17161 0.98436
vn 0.03984 -0.17161 0.98436
vn 0.01662 -0.17539 0.98436
vn 0.01661 -0.17539 0.98436
vn -0.00691 -0.17604 0.98436
vn -0.00691 -0.17604 0.98436
vn -0.03031 -0.17355 0.98436
vn -0.03031 -0.17355 0.98436
vn -0.05317 -0.16796 0.98436
vn -0.05317 -0.16796 0.98436
vn -0.07509 -0.15937 0.98436
vn -0.07509 -0.15937 0.98436
vn -0.09566 -0.14794 0.98436
vn -0.09566 -0.14794 0.98436
vn -0.11452 -0.13387 0.98436
vn -0.11452 -0.13387 0.98436
vn -0.13135 -0.11741 0.98436
vn -0.13135 -0.11741 0.98436
vn -0.14582 -0.09886 0.98436
vn -0.14582 -0.09886 0.98436
vn -0.1577 -0.07854 0.98436
vn -0.1577 -0.07854 0.98436
vn -0.16676 -0.05682 0.98436
vn -0.16676 -0.05682 0.98436
vn -0.17285 -0.03409 0.98436
vn -0.17285 -0.03409 0.98436
vn -0.17585 -0.01075 0.98436
vn -0.17579 0.00051 0.98443
vn -0.17571 0.01279 0.98436
vn -0.17571 0.01279 0.98436
vn -0.17244 0.03609 0.98436
vn -0.17244 0.0361 0.98436
vn -0.16609 0.05876 0.98436
vn -0.16609 0.05876 0.98436
vn -0.15678 0.08037 0.98436
vn -0.15678 0.08037 0.98436
vn -0.14466 0.10055 0.98436
vn -0.14466 0.10055 0.98436
vn -0.12997 0.11893 0.98436
vn -0.12997 0.11893 0.98436
vn -0.11296 0.1352 0.98436
vn -0.11296 0.1352 0.98436
vn -0.09393 0.14905 0.98436
vn -0.09393 0.14905 0.98436
vn -0.07323 0.16024 0.98436
vn -0.07323 0.16024 0.98436
vn -0.05122 0.16857 0.98436
vn -0.05122 0.16857 0.98436
vn -0.02829 0.17389 0.98436
vn -0.02829 0.17389 0.98436
vn -0.00486 0.17611 0.98436
vn -0.00486 0.17611 0.98436
vn 0.01865 0.17519 0.98436
vn 0.01865 0.17518 0.98436
vn 0.04184 0.17114 0.98436
vn 0.04184 0.17113 0.98436
vn 0.06427 0.16403 0.98436
vn 0.06427 0.16403 0.98436
vn 0.08556 0.154 0.98436
vn 0.08556 0.154 0.98436
vn 0.10533 0.14122 0.98436
vn 0.10533 0.14122 0.98436
vn 0.12321 0.12593 0.98436
vn 0.12321 0.12592 0.98436
vn 0.1389 0.10838 0.98436
vn 0.1389 0.10838 0.98436
vn 0.1521 0.0889 0.98436
vn 0.1521 0.0889 0.98436
vn 0.16259 0.06783 0.98436
vn 0.16259 0.06783 0.98436
vn 0.17018 0.04556 0.98436
vn 0.17018 0.04556 0.98436
vn 0.17474 0.02247 0.98436
vn 0.17474 0.02247 0.98436
vn 0.17579 0.00537 0.98441
vn 0.22315 -0.0013 0.97478
vn 0.17579 -0.00639 0.98441
vn 0.17446 -0.0245 0.98436
vn -0.41959 -0.8906 0.17542
vn -0.29714 -0.93858 0.17542
vn -0.29714 -0.93858 0.17542
vn -0.20741 -0.96234 0.17573
vn -0.15993 -0.91562 0.36887
vn -0.14267 -0.97406 0.17566
vn -0.03862 -0.98374 0.17541
vn -0.04981 -0.93823 0.34242
vn -0.50678 -0.78377 0.35898
vn -0.49831 -0.849 0.17575
vn -0.41959 -0.8906 0.17541
vn -0.78088 -0.59944 0.17579
vn -0.73398 -0.65613 0.17542
vn -0.73398 -0.65613 0.17541
vn -0.67595 -0.71568 0.17577
vn -0.61285 -0.71639 0.33346
vn -0.62665 -0.75926 0.17559
vn -0.55392 -0.81383 0.17564
vn -0.80029 -0.53336 0.27397
vn -0.81488 -0.55244 0.17542
vn -0.86606 -0.46804 0.1757
vn -0.82996 -0.41336 0.37458
vn -0.89539 -0.40915 0.1757
vn -0.92936 -0.3248 0.17549
vn -0.91349 -0.31126 0.26201
vn -0.94893 -0.26199 0.17579
vn -0.96589 -0.19048 0.17541
vn -0.96589 -0.19048 0.17541
vn -0.97847 -0.1082 0.17577
vn -0.94085 -0.05749 0.33391
vn -0.98354 -0.04261 0.17559
vn -0.98327 0.04832 0.17563
vn -0.93098 0.06776 0.35872
vn -0.97783 0.11389 0.17574
vn -0.96361 0.2017 0.17541
vn -0.96361 0.2017 0.17541
vn -0.92813 0.32834 0.17541
vn -0.92813 0.32834 0.17542
vn -0.89299 0.41435 0.17574
vn -0.82707 0.42399 0.36904
vn -0.86333 0.47307 0.17567
vn -0.81602 0.55072 0.17556
vn -0.78081 0.5427 0.30952
vn -0.77738 0.60397 0.17578
vn -0.7263 0.66462 0.17541
vn -0.7263 0.66462 0.17542
vn -0.4949 0.78528 0.37203
vn -0.54917 0.81703 0.17568
vn -0.63123 0.75549 0.17542
vn -0.59878 0.73414 0.32014
vn -0.67177 0.7196 0.17579
vn -0.28621 0.94197 0.17542
vn -0.35205 0.91932 0.1758
vn -0.40528 0.88683 0.22199
vn -0.41269 0.89382 0.17546
vn -0.49337 0.85188 0.17572
vn -0.15032 0.92386 0.35199
vn -0.20181 0.96353 0.17576
vn -0.28621 0.94197 0.17542
vn 0.17514 0.96872 0.1758
vn 0.10424 0.97896 0.17542
vn 0.10424 0.97896 0.17542
vn 0.01931 0.98424 0.17577
vn -0.02593 0.93888 0.34326
vn -0.04647 0.98336 0.1756
vn -0.13701 0.97488 0.17562
vn 0.23551 0.93913 0.25013
vn 0.23379 0.95633 0.17542
vn 0.32654 0.92871 0.17571
vn 0.33835 0.86351 0.37398
vn 0.38784 0.90483 0.17569
vn 0.46969 0.86521 0.17552
vn 0.46632 0.83931 0.27946
vn 0.5264 0.83186 0.17579
vn 0.58858 0.78918 0.17542
vn 0.58858 0.78918 0.17542
vn 0.9086 0.37906 0.17541
vn 0.84996 0.49678 0.17541
vn 0.84996 0.49678 0.17541
vn 0.80048 0.57302 0.17574
vn 0.73417 0.57287 0.36444
vn 0.76043 0.62522 0.17565
vn 0.68852 0.70369 0.17541
vn 0.66176 0.65534 0.36414
vn 0.65165 0.73787 0.17578
vn 0.89947 0.24078 0.36466
vn 0.93965 0.29355 0.17574
vn 0.90859 0.37906 0.17542
vn 0.98108 -0.08115 0.17579
vn 0.98448 -0.00572 0.17542
vn 0.98448 -0.00572 0.17542
vn 0.98153 0.07544 0.17578
vn 0.93893 0.12072 0.32224
vn 0.97434 0.14084 0.17557
vn 0.95717 0.23014 0.17565
vn 0.94415 -0.14209 0.29732
vn 0.97493 -0.13689 0.17541
vn 0.95582 -0.2357 0.17568
vn 0.89306 -0.25023 0.37393
vn 0.93793 -0.29901 0.17572
vn 0.90638 -0.38429 0.17548
vn 0.89087 -0.38389 0.24287
vn 0.87864 -0.44395 0.17579
vn 0.84413 -0.50663 0.17542
vn 0.84413 -0.50663 0.17541
vn 0.79713 -0.57766 0.17576
vn 0.73361 -0.58628 0.34364
vn 0.75679 -0.62963 0.17561
vn 0.69546 -0.69677 0.17562
vn 0.64686 -0.67668 0.35167
vn 0.64735 -0.74165 0.17576
vn 0.57936 -0.79597 0.17542
vn 0.57936 -0.79597 0.17541
vn 0.32855 -0.86808 0.37213
vn 0.38257 -0.90706 0.17572
vn 0.4681 -0.86609 0.17541
vn 0.45978 -0.85884 0.22582
vn 0.52156 -0.83491 0.17579
vn 0.01359 -0.98434 0.17578
vn 0.09285 -0.98011 0.17541
vn 0.09285 -0.98011 0.17541
vn 0.1695 -0.96973 0.17578
vn 0.21608 -0.93066 0.29528
vn 0.2339 -0.95628 0.17554
vn 0.32113 -0.9306 0.17568
vn -0.84054 0.06118 0.53828
vn -0.84054 0.06118 0.53829
vn -0.82489 0.17267 0.53829
vn -0.82489 0.17267 0.53828
vn -0.79451 0.28107 0.53828
vn -0.79451 0.28107 0.53828
vn -0.74996 0.38446 0.53828
vn -0.74996 0.38446 0.53828
vn -0.69202 0.48099 0.53828
vn -0.69202 0.48099 0.53828
vn -0.62174 0.56894 0.53828
vn -0.62174 0.56894 0.53828
vn -0.54036 0.64673 0.53828
vn -0.54036 0.64673 0.53828
vn -0.44934 0.71298 0.53828
vn -0.44934 0.71298 0.53829
vn -0.3503 0.76651 0.53829
vn -0.3503 0.76651 0.53828
vn -0.24501 0.80636 0.53828
vn -0.24501 0.80636 0.53828
vn -0.13534 0.83183 0.53828
vn -0.13534 0.83182 0.53828
vn -0.02326 0.84244 0.53828
vn -0.02326 0.84245 0.53828
vn 0.08923 0.83803 0.53828
vn 0.08923 0.83803 0.53828
vn 0.20013 0.81866 0.53828
vn 0.20013 0.81866 0.53828
vn 0.30746 0.78468 0.53828
vn 0.30746 0.78468 0.53828
vn 0.40931 0.7367 0.53828
vn 0.40931 0.73669 0.53828
vn 0.50385 0.67557 0.53828
vn 0.50385 0.67557 0.53828
vn 0.5894 0.60238 0.53828
vn 0.5894 0.60238 0.53828
vn 0.66443 0.51845 0.53828
vn 0.66443 0.51845 0.53828
vn 0.7276 0.42526 0.53828
vn 0.7276 0.42526 0.53829
vn 0.77779 0.32449 0.53829
vn 0.77779 0.32449 0.53829
vn 0.8141 0.21792 0.53829
vn 0.8141 0.21792 0.53828
vn 0.83588 0.10747 0.53828
vn 0.83588 0.10747 0.53828
vn 0.84275 -0.0049 0.53828
vn 0.84275 -0.0049 0.53829
vn 0.83458 -0.11718 0.53829
vn 0.83457 -0.11718 0.53829
vn 0.81151 -0.22738 0.53829
vn 0.81151 -0.22738 0.53828
vn 0.77396 -0.33351 0.53828
vn 0.77396 -0.33351 0.53828
vn 0.72261 -0.4337 0.53828
vn 0.7226 -0.43369 0.53829
vn 0.65835 -0.52614 0.53829
vn 0.65835 -0.52614 0.53828
vn 0.58235 -0.60919 0.53828
vn 0.58235 -0.6092 0.53828
vn 0.49596 -0.68138 0.53828
vn 0.49596 -0.68138 0.53828
vn 0.40071 -0.7414 0.53828
vn 0.40071 -0.7414 0.53828
vn 0.29832 -0.7882 0.53828
vn 0.29832 -0.7882 0.53828
vn 0.1906 -0.82093 0.53828
vn 0.1906 -0.82093 0.53828
vn 0.07948 -0.83901 0.53828
vn 0.07948 -0.83901 0.53829
vn -0.03306 -0.84211 0.53829
vn -0.03306 -0.84211 0.53829
vn -0.14501 -0.83019 0.53829
vn -0.14501 -0.83019 0.53828
vn -0.25437 -0.80346 0.53828
vn -0.25437 -0.80346 0.53828
vn -0.35919 -0.76239 0.53828
vn -0.35919 -0.76239 0.53828
vn -0.4576 -0.70771 0.53828
vn -0.4576 -0.70771 0.53828
vn -0.54785 -0.6404 0.53828
vn -0.54784 -0.6404 0.53828
vn -0.62831 -0.56167 0.53828
vn -0.62831 -0.56167 0.53828
vn -0.69757 -0.47291 0.53828
vn -0.69757 -0.47291 0.53828
vn -0.75438 -0.37572 0.53828
vn -0.75438 -0.37571 0.53828
vn -0.79773 -0.27181 0.53828
vn -0.79773 -0.27181 0.53829
vn -0.82684 -0.16306 0.53829
vn -0.82684 -0.16306 0.53828
vn -0.84119 -0.0514 0.53828
vn -0.8412 -0.0514 0.53828
vn -0.53857 0.0392 0.84167
vn -0.53857 0.0392 0.84167
vn -0.52854 0.11063 0.84167
vn -0.52854 0.11063 0.84167
vn -0.50908 0.18009 0.84167
vn -0.50908 0.18009 0.84167
vn -0.48053 0.24634 0.84167
vn -0.48053 0.24634 0.84167
vn -0.44341 0.30819 0.84167
vn -0.44341 0.30819 0.84167
vn -0.39838 0.36454 0.84167
vn -0.39838 0.36454 0.84167
vn -0.34623 0.41439 0.84167
vn -0.34623 0.41439 0.84167
vn -0.28791 0.45684 0.84167
vn -0.28791 0.45684 0.84167
vn -0.22445 0.49114 0.84167
vn -0.22445 0.49114 0.84167
vn -0.15699 0.51667 0.84167
vn -0.15698 0.51667 0.84167
vn -0.08672 0.53298 0.84167
vn -0.08672 0.53298 0.84167
vn -0.01491 0.53979 0.84167
vn -0.01491 0.53979 0.84167
vn 0.05717 0.53696 0.84167
vn 0.05717 0.53696 0.84167
vn 0.12823 0.52455 0.84167
vn 0.12823 0.52455 0.84167
vn 0.197 0.50278 0.84167
vn 0.197 0.50277 0.84167
vn 0.26226 0.47203 0.84167
vn 0.26226 0.47203 0.84167
vn 0.32284 0.43286 0.84167
vn 0.32284 0.43286 0.84167
vn 0.37765 0.38597 0.84167
vn 0.37765 0.38597 0.84167
vn 0.42573 0.33219 0.84167
vn 0.42572 0.33219 0.84167
vn 0.4662 0.27248 0.84167
vn 0.4662 0.27248 0.84167
vn 0.49836 0.20791 0.84167
vn 0.49836 0.20791 0.84167
vn 0.52163 0.13963 0.84167
vn 0.52163 0.13963 0.84167
vn 0.53559 0.06886 0.84167
vn 0.53558 0.06886 0.84167
vn 0.53998 -0.00314 0.84167
vn 0.53999 -0.00314 0.84167
vn 0.53475 -0.07508 0.84167
vn 0.53475 -0.07508 0.84167
vn 0.51997 -0.14569 0.84167
vn 0.51997 -0.14569 0.84167
vn 0.49591 -0.21369 0.84167
vn 0.49591 -0.21369 0.84167
vn 0.463 -0.27789 0.84167
vn 0.463 -0.27789 0.84167
vn 0.42183 -0.33712 0.84167
vn 0.42183 -0.33712 0.84167
vn 0.37314 -0.39034 0.84167
vn 0.37314 -0.39034 0.84167
vn 0.31778 -0.43659 0.84167
vn 0.31778 -0.43659 0.84167
vn 0.25675 -0.47505 0.84167
vn 0.25675 -0.47505 0.84167
vn 0.19114 -0.50503 0.84167
vn 0.19114 -0.50503 0.84167
vn 0.12212 -0.526 0.84167
vn 0.12212 -0.526 0.84167
vn 0.05093 -0.53759 0.84167
vn 0.05093 -0.53759 0.84167
vn -0.02118 -0.53958 0.84167
vn -0.02118 -0.53958 0.84167
vn -0.09291 -0.53194 0.84167
vn -0.09291 -0.53194 0.84167
vn -0.16298 -0.51481 0.84167
vn -0.16298 -0.51481 0.84167
vn -0.23015 -0.48849 0.84167
vn -0.23015 -0.48849 0.84167
vn -0.2932 -0.45346 0.84167
vn -0.2932 -0.45346 0.84167
vn -0.35103 -0.41033 0.84167
vn -0.35103 -0.41033 0.84167
vn -0.40259 -0.35988 0.84167
vn -0.40259 -0.35989 0.84167
vn -0.44696 -0.30301 0.84167
vn -0.44696 -0.30301 0.84167
vn -0.48336 -0.24074 0.84167
vn -0.48336 -0.24074 0.84167
vn -0.51114 -0.17416 0.84167
vn -0.51114 -0.17416 0.84167
vn -0.52979 -0.10448 0.84167
vn -0.52979 -0.10448 0.84167
vn -0.53899 -0.03293 0.84167
vn -0.53899 -0.03293 0.84167
vn 0 0 -1
vn -0.88001 0 -0.47495
vn -0.7052 0 -0.70901
vn -0.76621 -0.01259 -0.64247
vn -0.63076 0 -0.77598
vn -0.95483 -0.01354 -0.29683
vn -0.92336 0 -0.38393
vn -0.99517 0 -0.09821
vn -0.99997 -0.00728 -0
vn -0.99514 0 0.09849
vn -0.95601 0 0.29333
vn -0.92334 -0.00709 0.38392
vn -0.8801 0 0.4748
vn -0.77062 0 0.6373
vn -0.70519 -0.00665 0.70899
vn -0.63096 0 0.77582
vn 0.62419 -0 0.78127
vn 0.70519 -0.00514 0.709
vn 0.76505 -0 0.64397
vn 0.88075 -0 0.47358
vn 0.92335 -0.00507 0.38392
vn 0.95641 -0 0.29202
vn 0.99515 -0 0.09838
vn 0.99999 -0.00503 0
vn 0.99515 -0 -0.09832
vn 0.95644 -0 -0.29194
vn 0.92335 -0.00507 -0.38392
vn 0.8719 0.00094 -0.48969
vn 0.75345 -0.00105 -0.6575
vn 0.70519 -0.00514 -0.709
vn 0.62434 -0 -0.78115
vn 0.60662 -0 -0.79499
vn 0.70709 -0.00636 -0.70709
vn 0.38532 0 -0.92278
vn 0.25881 -0.00603 -0.96591
vn 0.13335 0 -0.99107
vn -0.12835 0 -0.99173
vn -0.25881 -0.00573 -0.96591
vn -0.38065 0 -0.92472
vn -0.60708 0 -0.79464
vn -0.7071 -0.00552 -0.7071
vn -0.79206 0 -0.61044
vn -0.92349 0 -0.38362
vn -0.96591 -0.00541 -0.25882
vn -0.99131 -0 -0.13153
vn -0.99135 0 0.13124
vn -0.96591 -0.00541 0.25882
vn -0.9236 0 0.38335
vn -0.7921 0 0.61039
vn -0.7071 -0.00552 0.7071
vn -0.60713 0 0.7946
vn -0.3808 -0 0.92466
vn -0.25881 -0.00573 0.96591
vn -0.1285 -0 0.99171
vn 0.70711 -0 0.70711
vn 0.78833 -0.01209 0.61513
vn 0.60648 -0 0.7951
vn 0.25882 -0 0.96593
vn 0.3788 -0.01191 0.9254
vn 0.13335 -0 0.99107
vn 0.79171 -0 -0.6109
vn 0.92311 -0 -0.38454
vn 0.9659 -0.00659 -0.25881
vn 0.99118 -0 -0.13252
vn 0.96593 0 0.25882
vn 0.99087 -0.01276 0.13421
vn 0.92293 -0 0.38496
vn 0.36983 -0.9291 0.00017
vn 0.66374 -0.74796 0.00037
vn 0.65264 -0.75767 0.00229
vn 0.58848 -0.80849 -0.00656
vn 0.56041 -0.82678 0.04869
vn 0.65718 -0.75291 -0.03518
vn 0.61952 -0.78463 0.02352
vn 0.63758 -0.77034 0.00845
vn 0.66995 -0.74241 -3E-05
vn 0.66351 -0.74817 -0.00024
vn 0.65171 -0.75846 -0.00141
vn 0.37141 -0.92847 -0
vn 0.39051 -0.92059 0.00432
vn 0.38861 -0.92139 0.00317
vn 0.46692 -0.88426 -0.00837
vn 0.47197 -0.88161 -0
vn 0.52981 -0.84812 -0
vn 0.28157 -0.95935 0.01882
vn 0.27366 -0.96182 -0.00138
vn 0.30662 -0.95147 -0.02613
vn 0.29002 -0.95689 -0.01598
vn 0.26707 -0.96365 0.00692
vn 0.35154 -0.93617 -0
vn 0.32621 -0.94529 0.00344
vn 0.23751 -0.97101 -0.02714
vn 0.63512 -0.7724 -0.00499
vn 0.61441 -0.78888 -0.01316
vn 0.60251 -0.79785 -0.02059
vn 0.56107 -0.82777 -0
vn 0.44574 -0.89516 -0
vn 0.46683 -0.88409 -0.02146
vn 0.39198 -0.91997 -0.00218
vn -0.59366 -0.80452 -0.01784
vn -0.60263 -0.79802 -0
vn -0.55119 -0.83313 -0.0457
vn -0.57493 -0.8177 -0.02877
vn -0.60839 -0.79356 -0.01092
vn -0.62287 -0.78231 -0.00521
vn -0.63758 -0.77039 -0
vn -0.62651 -0.77939 0.00597
vn -0.4009 -0.91611 0.00375
vn -0.41323 -0.91059 0.00773
vn -0.61342 -0.78963 0.01419
vn -0.59964 -0.79988 0.02497
vn -0.63648 -0.77116 -0.01423
vn -0.56309 -0.82637 0.00554
vn -0.56266 -0.82667 0.00576
vn -0.53827 -0.84277 -0
vn -0.50619 -0.86242 -0
vn -0.51358 -0.85804 0.00307
vn -0.4874 -0.87318 -0.0008
vn -0.42619 -0.90461 0.00582
vn -0.45168 -0.89161 0.03203
vn -0.42989 -0.90274 0.01598
vn -0.3922 -0.91988 -0.0015
vn -0.40227 -0.91552 -0.00306
vn -0.41532 -0.90966 -0.00578
vn -0.43298 -0.90133 -0.01103
vn -0.45558 -0.88996 -0.02043
vn -0.44569 -0.89506 -0.01491
vn -0.48693 -0.87343 -0.00378
vn -0.51328 -0.85822 -0
vn 0.0138 -0.9999 -0
vn -0.05301 -0.99859 -0
vn -0.09227 -0.99571 -0.00724
vn -0.39146 -0.92019 0.00162
vn -0.38173 -0.92427 -0.00013
vn -0.30182 -0.95336 0.00043
vn -0.27366 -0.96181 -0.00619
vn -0.21069 -0.97755 -0
vn -0.14493 -0.98944 -0
vn -0.68664 -0.727 -0
vn -0.74553 -0.66645 -0.00517
vn -0.73901 -0.67369 -0.00232
vn -0.79323 -0.60892 -0
vn -0.83213 -0.55458 -0
vn -0.8502 -0.52642 -0.00684
vn -0.94401 -0.32992 -0
vn -0.93245 -0.36123 -0.00683
vn -0.90954 -0.41562 -0
vn -0.87975 -0.47544 -0
vn -0.96394 -0.26613 -0
vn -0.9811 -0.19348 -0.00203
vn -0.98296 -0.18375 -0.00459
vn -0.99394 -0.10991 -0
vn -0.99906 -0.04328 -0
vn -0.99997 0 -0.00737
vn -0.99879 0.04909 -0
vn -0.99329 0.11569 -0
vn -0.98296 0.18375 -0.00562
vn -0.97879 0.20488 -0.00048
vn -0.94275 0.33351 0.00045
vn -0.93245 0.36123 -0.0062
vn -0.82889 0.55941 -0
vn -0.85019 0.52642 -0.00724
vn -0.87697 0.48055 -0
vn -0.90711 0.4209 -0
vn -0.78967 0.61353 -0
vn -0.73773 0.67508 -0.00383
vn -0.73901 0.67369 -0.00331
vn -0.6824 0.73098 -0
vn -0.63205 0.77493 0
vn -0.60262 0.798 -0.00713
vn -0.55785 0.82994 0
vn -0.50117 0.86535 0
vn -0.44573 0.89514 -0.00643
vn -0.29071 0.95679 -0.00665
vn -0.27366 0.96182 -0.00119
vn -0.35762 0.93387 0
vn -0.41919 0.9079 0
vn -0.04721 0.99889 0
vn -0.09227 0.99571 -0.0074
vn -0.13917 0.99027 0
vn -0.205 0.97876 0
vn 0.01962 0.99981 0
vn 0.10588 0.99436 -0.00588
vn 0.09227 0.99573 -0.00178
vn 0.17791 0.98405 0
vn 0.24324 0.96997 0
vn 0.27366 0.9618 -0.00665
vn 0.3317 0.94339 0
vn 0.39397 0.91912 0
vn 0.44573 0.89514 -0.00699
vn 0.59784 0.8016 -0.00452
vn 0.60263 0.79801 -0.0028
vn 0.53473 0.84502 0
vn 0.47709 0.87885 0
vn 0.66196 0.74954 0
vn 0.71054 0.70365 0
vn 0.73899 0.67368 -0.00732
vn 0.77244 0.63509 0
vn 0.81313 0.58208 0
vn 0.8502 0.52642 -0.00592
vn 0.86335 0.50461 -1E-05
vn 0.9229 0.38503 1E-05
vn 0.93246 0.36124 -0.00593
vn 0.98971 0.14306 0
vn 0.98295 0.18374 -0.00732
vn 0.97229 0.23377 0
vn 0.95451 0.29819 0
vn 0.99706 0.07664 0
vn 0.99997 -0.00581 -0.00449
vn 1 -0 -0.00282
vn 0.9966 -0.08243 0
vn 0.98886 -0.14882 0
vn 0.98295 -0.18375 -0.007
vn 0.97092 -0.23942 0
vn 0.95276 -0.30374 0
vn 0.93245 -0.36123 -0.00664
vn 0.85741 -0.5146 -0.00591
vn 0.85022 -0.52643 -0.00176
vn 0.89254 -0.45097 0
vn 0.92067 -0.39035 0
vn 0.67003 -0.74234 5E-05
vn 0.67256 -0.74005 0
vn 0.70644 -0.70777 0
vn 0.73899 -0.67368 -0.0074
vn 0.76873 -0.63957 0
vn 0.80973 -0.5868 0
vn 0.09431 -0.99554 -0.00386
vn 0.09227 -0.99573 -0.00329
vn 0.17218 -0.98507 -0
vn 0.25858 -0.96599 -0
vn 0.24276 -0.97004 -0.00955
vn 0.22252 -0.97493 -0
vn 0.62349 -0.78183 -0
vn 0.90097 -0.43388 0
vn 1 -0 0
vn 0.90097 0.43388 0
vn 0.62349 0.78183 0
vn 0.22252 0.97493 0
vn -0.22252 0.97493 0
vn -0.62349 0.78183 0
vn -0.90097 0.43388 -0
vn -1 0 -0
vn -0.90097 -0.43388 -0
vn -0.62349 -0.78183 -0
vn -0.22252 -0.97493 -0
vn 0.09506 0.99547 0
vn 0.28173 0.95949 0
vn 0.45823 0.88884 0
vn 0.61816 0.78605 0
vn 0.75575 0.65486 0
vn 0.86603 0.5 0
vn 0.945 0.32707 0
vn 0.98982 0.14232 0
vn 0.99887 -0.04758 0
vn 0.97181 -0.23576 0
vn 0.90963 -0.41542 0
vn 0.81458 -0.58006 0
vn 0.69008 -0.72373 0
vn 0.54064 -0.84125 -0
vn 0.37166 -0.92837 -0
vn 0.18925 -0.98193 -0
vn -0.18925 -0.98193 -0
vn -0.37166 -0.92837 -0
vn -0.54064 -0.84125 -0
vn -0.69008 -0.72373 -0
vn -0.81458 -0.58006 -0
vn -0.90963 -0.41542 -0
vn -0.97181 -0.23576 -0
vn -0.99887 -0.04758 -0
vn -0.98982 0.14232 -0
vn -0.945 0.32707 -0
vn -0.86603 0.5 -0
vn -0.75575 0.65486 -0
vn -0.61816 0.78605 0
vn -0.45823 0.88884 0
vn -0.28173 0.95949 0
vn -0.09506 0.99547 0
vn -0.09506 0.99547 -0
vn 0.09506 0.99547 0
vn 0.25882 -0.96593 -0
vn 0.70711 -0.70711 0
vn 0.96593 -0.25882 0
vn 0.96593 -0.25882 0
vn 0.96593 0.25882 -0
vn 0.96593 0.25882 0
vn 0.70711 0.70711 0
vn 0.25882 0.96593 0
vn -0.25882 0.96593 0
vn -0.70711 0.70711 -0
vn -0.96593 0.25882 -0
vn -0.96593 0.25882 -0
vn -0.96593 -0.25882 0
vn -0.96593 -0.25882 -0
vn -0.70711 -0.70711 -0
vn -0.25882 -0.96593 -0
vn 0.25881 0.96593 0
vn 0.70711 0.70711 0
vn 0.70711 -0.70711 0
vn 0.25881 -0.96593 -0
vn -0.25882 -0.96593 -0
vn -0.70711 -0.70711 -0
vn -0.93969 -0.34202 -0
vn -0.93969 0.34202 -0
vn -0.70711 0.70711 -0
vn -0.25882 0.96593 0
vn -0.25882 -0.96593 -0
vn -0.70711 -0.7071 -0
vn -0.96592 -0.25882 -0
vn -0.96593 0.25882 -0
vn -0.25882 0.96593 0
vn 0.25882 0.96593 0
vn 0.96593 0.25881 0
vn 0.96593 -0.25882 0
vn 0.70711 -0.7071 0
vn 0.25882 -0.96593 -0
vn -0.96593 -0.25882 -0
vn -0.96592 0.25882 -0
vn -0.70711 0.7071 -0
vn 0.70711 0.7071 0
vn 0.96593 0.25882 0
vn 0.96593 -0.25881 0
vn -0.96593 -0.25882 -0
vn -0.96593 0.25882 -0
vn 0.25882 0.96593 0
vn 0.96593 0.25882 0
vn 0.96593 -0.25882 0
vn 0.25882 -0.96593 -0
vn -0.96593 -0.25882 -0
vn -0.96593 0.25882 -0
vn 0.96593 0.25882 0
vn 0.96593 -0.25882 0
vn 0 1 0
vn -0.25882 -0.96593 -0
vn -0.70711 -0.70711 -0
vn -0.96593 -0.25882 -0
vn -0.96593 0.25882 -0
vn -0.25882 0.96593 0
vn 0.25882 0.96593 0
vn 0.96593 0.25882 0
vn 0.96593 -0.25882 0
vn 0.70711 -0.70711 0
vn 0.25882 -0.96593 -0
vn 0.86602 0.5 0
vn 0.86602 0.5 0
vn 0.86603 0.5 0
vn 0.25882 -0.96593 -0
vn 0.70711 -0.70711 0
vn 0.96593 -0.25882 0
vn 0.96593 -0.25882 0
vn 0.96593 0.25882 -0
vn 0.96593 0.25882 0
vn 0.70711 0.70711 0
vn 0.25882 0.96593 0
vn -0.25882 0.96593 0
vn -0.70711 0.70711 -0
vn -0.96593 0.25882 -0
vn -0.96593 0.25882 -0
vn -0.96593 -0.25882 0
vn -0.96593 -0.25882 -0
vn -0.70711 -0.70711 -0
vn -0.25882 -0.96593 -0
vn 0.86603 -0.5 0
vn 0.86602 -0.5 0
vn 0.86602 -0.5 0
vn -0.25882 -0.96593 -0
vn -0.96593 -0.25882 -0
vn -0.96593 0.25882 -0
vn -0.70711 0.70711 -0
vn -0.25882 0.96593 0
vn 0.25882 0.96593 0
vn 0.70711 0.70711 0
vn 0.96593 0.25882 0
vn 0.96593 -0.25882 0
vn 0.25882 -0.96593 -0
vn -0.86603 -0.5 -0
vn -0.25882 -0.96593 -0
vn -0.96593 -0.25882 -0
vn -0.96593 0.25882 -0
vn -0.25882 0.96593 0
vn 0.96593 0.25882 0
vn 0.96593 -0.25882 0
vn -0.86603 0.5 -0
vn -0.86603 0.5 0
vn -0.86602 0.5 -0
vn -0.86603 0.5 -0
vn -0.86602 -0.5 -0
vn -0.86603 -0.5 0
vn -0.86603 -0.5 -0
vn -0.96593 -0.25882 -0
vn -0.96593 0.25882 -0
vn 0.96593 0.25882 0
vn 0.96593 -0.25882 0
vn -0.3728 -0.92791 -0
vn -0.27366 -0.96183 -0
vn -0.09227 -0.99573 -0
vn 0.09227 -0.99573 -0
vn 0.27366 -0.96183 -0
vn 0.60263 -0.79802 -0
vn 0.73901 -0.6737 0
vn 0.85022 -0.52643 0
vn 0.93247 -0.36124 0
vn 0.98297 -0.18375 0
vn 0.98297 0.18375 0
vn 0.93247 0.36124 0
vn 0.85022 0.52643 0
vn 0.73901 0.6737 0
vn 0.60263 0.79802 0
vn 0.44574 0.89516 0
vn 0.27366 0.96183 0
vn 0.09227 0.99573 0
vn 0.09227 0.99573 0
vn -0.09227 0.99573 -0
vn -0.09227 0.99573 0
vn -0.27366 0.96183 0
vn -0.44574 0.89516 0
vn -0.60263 0.79802 0
vn -0.73901 0.6737 -0
vn -0.85022 0.52643 -0
vn -0.93247 0.36124 -0
vn -0.98297 0.18375 -0
vn -0.98297 -0.18375 -0
vn -0.93247 -0.36124 -0
vn -0.85022 -0.52643 -0
vn -0.73901 -0.6737 -0
vn -0.45683 -0.88955 -0
vn -0.44535 -0.89439 0.04166
vn -0.50859 0.50859 0.69475
vn -0.50859 0.50859 0.69475
vn -0.69475 0.18616 0.69475
vn -0.69475 0.18616 0.69474
vn -0.69475 -0.18616 0.69474
vn -0.69475 -0.18616 0.69475
vn -0.50859 -0.50859 0.69475
vn -0.50859 -0.50859 0.69475
vn -0.18616 -0.69475 0.69475
vn -0.18616 -0.69475 0.69475
vn 0.18616 -0.69475 0.69475
vn 0.18616 -0.69475 0.69475
vn 0.50859 -0.50859 0.69474
vn 0.50859 -0.50859 0.69475
vn 0.69475 -0.18615 0.69475
vn 0.69475 -0.18616 0.69475
vn 0.69475 0.18615 0.69475
vn 0.69475 0.18616 0.69475
vn 0.50859 0.50859 0.69475
vn 0.50859 0.50859 0.69474
vn 0.18616 0.69475 0.69475
vn 0.18616 0.69475 0.69475
vn -0.18616 0.69475 0.69475
vn -0.18616 0.69475 0.69475
vn -0.50859 0.50859 0.69475
vn -0.50859 0.50859 0.69475
vn -0.69475 0.18616 0.69475
vn -0.69475 -0.18616 0.69474
vn -0.69475 -0.18616 0.69475
vn -0.50859 -0.50859 0.69475
vn -0.18616 -0.69475 0.69475
vn 0.18616 -0.69475 0.69475
vn 0.18616 -0.69475 0.69475
vn 0.50859 -0.50859 0.69474
vn 0.50859 -0.50859 0.69475
vn 0.69475 -0.18615 0.69475
vn 0.69475 0.18615 0.69475
vn 0.69475 0.18616 0.69475
vn 0.50859 0.50859 0.69475
vn 0.18616 0.69475 0.69475
vn -0.18616 0.69475 0.69475
vn -0.18616 0.69475 0.69475
vn -0.69475 0.18616 0.69475
vn -0.69475 0.18616 0.69475
vn -0.69475 -0.18616 0.69475
vn -0.69475 -0.18616 0.69475
vn -0.50859 -0.50859 0.69475
vn 0.18616 -0.69475 0.69475
vn 0.18616 -0.69475 0.69475
vn 0.50859 -0.50859 0.69475
vn 0.69475 -0.18616 0.69475
vn 0.69475 -0.18616 0.69475
vn 0.69475 0.18616 0.69475
vn 0.69475 0.18616 0.69475
vn 0.50859 0.50859 0.69475
vn 0.18616 0.69475 0.69475
vn 0.18616 0.69475 0.69475
vn -0.69475 0.18616 0.69475
vn -0.69475 0.18616 0.69475
vn -0.69475 -0.18616 0.69475
vn -0.69475 -0.18616 0.69475
vn 0.69475 -0.18616 0.69475
vn 0.69475 -0.18616 0.69475
vn 0.69475 0.18616 0.69475
vn 0.69475 0.18616 0.69475
vn -0.25881 0.96593 0
vn -0.93969 -0.34203 -0
vn -0.93969 0.34203 -0
vn 0.25882 -0.96593 -0
vn 0.9397 0.34201 0
vn 0.9397 -0.34201 0
vn 0.25882 0.96593 0
vn -0.25881 -0.96593 -0
vn 0.93969 0.34202 0
vn 0.93969 -0.34202 0
vn 0.04996 0.99875 0
vn 0.96593 -0.25882 0
vn 0.96593 0.25882 -0
vn -0.96593 0.25882 -0
vn -0.96593 -0.25882 0
vn 0.74558 -0.66641 0
vn 0.70043 -0.70714 0.09675
vn 0.78469 -0.61989 0
vn 0.85407 -0.52016 0
vn 0.88304 -0.46677 0.04864
vn 0.91084 -0.41275 0
vn 0.93954 -0.34243 0
vn 0.9495 -0.31371 0.00609
vn 0.95845 -0.28467 0.01827
vn 0.96958 -0.24049 0.0456
vn 0.96503 -0.25499 0.06074
vn 0.97349 -0.22581 0.03651
vn 0.98039 -0.19623 0.01827
vn 0.98604 -0.16637 0.00609
vn 0.9896 -0.14385 0.00152
vn 0.99167 -0.12881 0
vn 0.99351 -0.11372 0
vn 0.99512 -0.09861 0.00152
vn 0.99924 0.03038 0.02435
vn 0.99882 -0 0.04864
vn 0.99924 -0.03038 0.02435
vn 0.9971 -0.0759 0.00609
vn 0.99786 0.06453 0.01066
vn 0.99736 0.07211 0.008
vn 0.9968 0.0797 0.00571
vn 0.99618 0.08725 0.00381
vn 0.99512 0.09861 0.00152
vn 0.99351 0.11372 0
vn 0.99167 0.12881 0
vn 0.9896 0.14385 0.00152
vn 0.98729 0.15888 0.00457
vn 0.98473 0.17384 0.00914
vn 0.98039 0.19623 0.01827
vn 0.96958 0.24049 0.0456
vn 0.97234 0.22555 0.06073
vn 0.96617 0.25529 0.03651
vn 0.95845 0.28467 0.01827
vn 0.9495 0.31371 0.00609
vn 0.93954 0.34243 0
vn 0.86922 0.49382 0.02435
vn 0.88304 0.46677 0.04864
vn 0.89761 0.44011 0.02435
vn 0.92296 0.38488 0
vn 0.83787 0.54587 0
vn 0.74558 0.66641 0
vn 0.04996 -0.99875 -0
vn -0.04954 0.99877 0
vn -0.04954 -0.99877 -0
vn 0.19128 0.98154 0
vn 0.25768 -0.96571 -0.03162
vn 0.13617 -0.99069 -0
vn 0.3984 -0.91721 -0
vn 0.63109 -0.77571 -0
vn 0.81694 -0.57666 -0.00874
vn 0.77571 -0.63109 0
vn 0.96738 -0.25332 -0.00109
vn 0.95816 -0.2862 -0.00328
vn 0.94782 -0.31873 -0.00655
vn 0.94223 -0.33487 -0.00874
vn 0.91721 -0.3984 0
vn 0.85442 -0.51958 0
vn 0.99867 -0.0512 -0.00546
vn 0.99764 -0.06824 -0.00819
vn 0.99407 -0.10864 -0.0043
vn 0.99317 -0.11658 -0.00363
vn 0.99289 -0.11898 -0.00344
vn 0.99272 -0.12044 -0.00332
vn 0.99221 -0.12455 -0.003
vn 0.99009 -0.1404 -0.00184
vn 0.98618 -0.1657 -0.00062
vn 0.98161 -0.1909 0
vn 0.97547 -0.22014 0
vn 0.95817 0.2862 -0.00109
vn 0.98076 0.19508 -0.00764
vn 0.97905 0.20345 -0.00873
vn 0.97545 0.22014 -0.00655
vn 0.96738 0.25332 -0.00328
vn 0.98396 0.17831 -0.00574
vn 0.98687 0.16149 -0.0041
vn 0.98948 0.14463 -0.00273
vn 0.99181 0.1277 -0.00164
vn 0.99385 0.11076 -0.00082
vn 0.99518 0.09802 -0.00041
vn 0.99599 0.08951 -0.0002
vn 0.99705 0.07676 0
vn 0.99942 0.03414 0
vn 0.92388 0.38268 -0.00109
vn 0.9364 0.35092 0
vn 0.94784 0.31874 0
vn 0.84543 0.53409 -0.00109
vn 0.87165 0.49011 -0.00437
vn 0.88785 0.46005 -0.00873
vn 0.89559 0.44483 -0.00655
vn 0.91027 0.414 -0.00328
vn 0.8267 0.56265 0
vn 0.73084 0.68255 0
vn 0.51958 0.85442 0
vn 0.32315 0.94635 0
vn 0.26979 0.96288 -0.00845
vn -0.2698 0.96292 0
vn -0.51958 0.85442 0
vn -0.73084 0.68255 -0
vn -0.88789 0.46007 -0
vn -0.97908 0.20346 -0
vn -0.99767 -0.06824 -0
vn -0.94226 -0.33488 -0
vn -0.81697 -0.57668 -0
vn -0.63109 -0.77571 -0
vn -0.3984 -0.91721 -0
vn -0.13617 -0.99069 -0
vn 0.12385 -0.9923 -0
vn -0.10453 0.99452 0
vn -0.30902 0.95106 0
vn -0.5 0.86603 0
vn -0.66913 0.74314 -0
vn -0.80902 0.58779 -0
vn -0.91355 0.40674 -0
vn -0.97815 0.20791 -0
vn -0.97815 -0.20791 -0
vn -0.91355 -0.40674 -0
vn -0.80902 -0.58779 -0
vn -0.66913 -0.74314 -0
vn -0.5 -0.86603 -0
vn -0.30902 -0.95106 -0
vn -0.10453 -0.99452 -0
vn -0.86603 0.5 -0
vn -0.86603 -0.5 -0
vn 0.86602 -0.5 0
vn -0.06487 0.99147 -0.11307
vn 0.07119 0.99746 0
vn 0.2698 0.96292 0
vn 0.88789 0.46007 0
vn 0.97908 0.20346 0
vn 0.99767 -0.06824 0
vn 0.94226 -0.33488 0
vn 0.81697 -0.57668 0
vn 0.13909 -0.99028 -0
vn 0.13617 -0.99067 -0.00504
vn 0.00297 -1 -0
vn 0.86602 0.5 0
vn 0.86603 -0.5 0
vn 0.03023 0.99954 0
vn 0.16627 0.98608 0
vn 0.2992 0.95419 0
vn -0.34002 -0.94042 -0
vn -0.23482 -0.97204 -0
vn -0.12678 -0.99193 -0
vn -0.01722 -0.99985 -0
vn 0.2992 -0.95419 -0
vn 0.16627 -0.98608 -0
vn 0.03023 -0.99954 -0
vn 0.96045 0.27845 0
vn 0.9857 0.1685 0
vn 0.99841 0.05641 0
vn 0.99841 0.05641 -0
vn 0.99841 -0.05641 0
vn 0.99841 -0.05641 0
vn 0.9857 -0.1685 0
vn 0.96045 -0.27845 0
vn -0.95457 0.29799 -0
vn -0.98356 0.18055 -0
vn -0.99817 0.06048 -0
vn -0.99817 0.06048 -0
vn -0.99817 -0.06048 0
vn -0.99817 -0.06048 -0
vn -0.98356 -0.18055 -0
vn -0.95457 -0.29799 -0
vn -0.94387 -0.326 -0.05321
vn -0.96322 -0.2687 -0
vn -0.01722 0.99985 0
vn -0.12678 0.99193 0
vn -0.23482 0.97204 0
vn -0.34002 0.94042 0
vn -0.15263 -0.98828 -0
vn -0.25687 -0.96645 -0
vn -0.35818 -0.93365 -0
vn -0.45544 -0.89027 -0
vn -0.5832 -0.81233 -0
vn -0.56755 -0.82062 -0.06694
vn -0.55278 -0.83333 -0
vn 0.51004 0.86015 0
vn 0.53949 0.84199 0
vn 0.54711 0.83439 0.06679
vn 0.54908 0.83389 0.05603
vn 0.57677 0.81691 0
vn 0.62764 0.7785 0
vn 0.42875 0.90231 -0.04489
vn 0.46766 0.88384 -0.01087
vn 0.52016 0.85389 0.01741
vn 0.49409 0.86941 0
vn 0.4821 0.87611 -0.00318
vn 0.44997 0.89305 0
vn 0.34579 0.93831 0
vn 0.23716 0.97147 0
vn 0.14082 0.99004 0
vn 0.54711 -0.83439 0.06679
vn 0.52016 -0.85389 0.01741
vn 0.53949 -0.84199 -0
vn 0.54908 -0.83389 0.05603
vn 0.57677 -0.81691 -0
vn 0.62764 -0.7785 -0
vn 0.34579 -0.93831 -0
vn 0.23716 -0.97147 -0
vn 0.14082 -0.99004 -0
vn 0.49409 -0.86941 -0
vn 0.51004 -0.86015 -0
vn 0.4821 -0.87611 -0.00318
vn 0.46766 -0.88384 -0.01087
vn 0.44981 -0.89273 -0.02663
vn 0.42918 -0.90322 -0
vn -0.45544 0.89027 0
vn -0.35818 0.93365 0
vn -0.25687 0.96645 0
vn -0.15263 0.98828 0
vn -0.5832 0.81233 0
vn -0.55278 0.83333 0
vn -0.56755 0.82062 -0.06694
vn -0.44641 -0.89483 -0
vn -0.98357 -0.18055 -0
vn -0.90332 -0.42897 -0
vn -0.19959 -0.97988 -0
vn 0.25882 -0.96593 -0
vn 0.83555 -0.54941 0
vn -0.73479 0.67829 -0.00278
vn 0.66488 -0.74695 -0
vn 0.7071 -0.7071 -0.00315
vn 0.96593 0.25882 0
vn 0.25882 0.96593 0
vn -0.25882 0.96593 0
vn -0.53419 0.84536 0
vn -0.96593 0.25882 -0
vn -0.93771 0.34742 -0
vn -0.95366 0.2977 0.04366
vn -0.95701 0.29007 -0
vn -0.98356 0.18055 -0
vn -0.99817 0.06048 -0
vn -0.99817 0.06048 -0
vn -0.99817 -0.06048 0
vn -0.99817 -0.06048 -0
vn -0.98356 -0.18055 -0
vn -0.95578 -0.2897 0.05057
vn -0.93771 -0.34742 -0
vn -0.90332 0.42897 -0
vn 0.83555 0.54941 0
vn -0.44641 0.89483 0
vn -0.19959 0.97988 0
vn 0.66487 0.74694 -0.00403
vn -0.53419 -0.84536 -0
vn 0.96593 -0.25882 0
vn -0.25882 -0.96593 -0
vn -0.7071 -0.7071 -0.00236
vn -0.73479 -0.67829 -0
vn -0.96593 -0.25882 -0
vn -0.98357 0.18055 -0
vn -0.33142 0.94261 0.04069
vn -0.38301 0.92374 0
vn 0.9154 -0.40255 0
vn 0.71867 0.69535 0.00064
vn 0.52023 0.85402 0
vn 0.50612 0.86246 0
vn 0.38268 0.92388 0
vn 0.25882 0.96592 0.00457
vn 0.13053 0.99144 0
vn -0.79218 0.61029 -0
vn 0.98837 -0.1519 -0.00758
vn 0.52016 0.85391 -0.01643
vn 0.71867 0.69535 0
vn 0.25882 -0.96593 -0
vn -0.25882 -0.96593 -0
vn -0.7071 -0.70711 -0
vn -0.7071 0.7071 -0.00457
vn -0.60723 0.79453 0
vn 0.5345 0.84517 0
vn 0.53949 0.84191 0.01162
vn 0.52023 0.85402 -0.00431
vn 0.52022 0.85402 -0.00431
vn 0.50975 0.86031 0.00425
vn 0.48888 0.87226 -0.01289
vn 0.4942 0.86935 0
vn 0.43133 0.9022 0
vn 0.33371 0.94267 0
vn 0.23237 0.97263 0
vn 0.14034 0.9901 0
vn 0.25882 0.96593 0
vn 0.70711 0.70711 0
vn 0.96593 0.25882 -0
vn 0.96593 -0.25882 0
vn 0.70711 -0.70711 0
vn 0.25882 -0.96593 -0
vn 0.53953 -0.84197 -0
vn 0.53449 -0.84514 0.00745
vn 0.52548 -0.85081 -0
vn -0.79218 -0.61029 -0
vn 0.71867 -0.69535 -0.00115
vn 0.50604 -0.86233 0.01751
vn 0.51612 -0.85635 0.01674
vn 0.51619 -0.85647 -0
vn 0.52023 -0.85402 -6E-05
vn 0.52427 -0.85155 -0
vn 0.5242 -0.85144 0.01613
vn 0.71867 -0.69535 0
vn 0.52023 -0.85402 -0
vn 0.52023 -0.85402 -3E-05
vn 0.50612 -0.86246 -0
vn 0.44229 -0.89687 -0
vn 0.25882 -0.96592 0.00343
vn 0.13053 -0.99144 -0
vn 0.32143 -0.94691 0.00684
vn -0.60721 -0.79449 -0.0092
vn -0.70711 -0.70711 -0
vn 0.9154 0.40255 0
vn -0.7071 0.70711 -0
vn -0.25882 0.96593 0
vn 0.25882 0.96593 0
vn 0.96592 0.25882 -0.00445
vn 0.9884 0.15191 0
vn 0.37028 -0.92892 -0
vn 0.26439 -0.96442 -0
vn 0.1552 -0.98788 -0
vn 0.51496 -0.85721 -0
vn 0.50807 -0.8613 0.00561
vn 0.48372 -0.87498 -0.02068
vn 0.46508 -0.88234 -0.07195
vn 0.44674 -0.89466 -0
vn -0.38301 -0.92374 -0
vn -0.33982 -0.93987 0.03416
vn -0.3317 -0.94339 -0
f 1//1 2//1 3//1
f 3//1 2//1 4//1
f 3//1 4//1 5//1
f 5//1 4//1 6//1
f 7//1 8//1 6//1
f 9//1 10//1 11//1
f 12//1 13//1 2//1
f 13//1 14//1 2//1
f 2//1 14//1 15//1
f 2//1 15//1 16//1
f 9//1 11//1 17//1
f 16//1 18//1 2//1
f 2//1 18//1 19//1
f 2//1 19//1 20//1
f 20//1 19//1 21//1
f 8//1 22//1 6//1
f 6//1 22//1 23//1
f 6//1 23//1 5//1
f 1//1 24//1 2//1
f 2//1 24//1 25//1
f 2//1 25//1 26//1
f 26//1 27//1 2//1
f 2//1 27//1 28//1
f 2//1 28//1 29//1
f 29//1 30//1 2//1
f 2//1 30//1 31//1
f 2//1 31//1 12//1
f 17//1 11//1 19//1
f 19//1 11//1 32//1
f 19//1 32//1 21//1
f 7//1 6//1 33//1
f 33//1 6//1 34//1
f 33//1 34//1 35//1
f 36//1 37//1 33//1
f 33//1 37//1 38//1
f 33//1 38//1 39//1
f 39//1 40//1 33//1
f 33//1 40//1 41//1
f 33//1 41//1 42//1
f 35//1 43//1 33//1
f 33//1 43//1 44//1
f 33//1 44//1 36//1
f 42//1 45//1 33//1
f 33//1 45//1 46//1
f 33//1 46//1 47//1
f 47//1 46//1 48//1
f 47//1 48//1 49//1
f 50//2 51//2 52//2
f 52//2 51//2 53//2
f 54//2 52//2 55//2
f 55//2 52//2 53//2
f 55//2 53//2 56//2
f 56//2 53//2 57//2
f 58//2 59//2 60//2
f 60//2 59//2 56//2
f 60//2 56//2 61//2
f 61//2 56//2 57//2
f 62//2 63//2 64//2
f 64//2 63//2 65//2
f 64//2 65//2 66//2
f 67//2 68//2 64//2
f 64//2 68//2 69//2
f 64//2 69//2 62//2
f 70//2 71//2 64//2
f 64//2 71//2 72//2
f 64//2 72//2 67//2
f 66//2 73//2 64//2
f 64//2 73//2 74//2
f 64//2 74//2 70//2
f 6//3 4//3 75//3
f 76//4 23//4 77//4
f 77//5 23//5 22//5
f 77//6 22//6 78//6
f 78//7 22//7 8//7
f 78//8 8//8 79//8
f 79//9 8//9 7//9
f 79//10 7//10 80//10
f 80//11 7//11 33//11
f 80//12 33//12 81//12
f 81//13 33//13 47//13
f 81//14 47//14 82//14
f 82//15 47//15 49//15
f 82//16 49//16 83//16
f 83//17 49//17 48//17
f 83//18 48//18 84//18
f 84//19 48//19 46//19
f 84//20 46//20 85//20
f 85//21 46//21 45//21
f 85//22 45//22 86//22
f 86//23 45//23 42//23
f 86//24 42//24 87//24
f 87//25 42//25 41//25
f 87//26 41//26 88//26
f 88//27 41//27 40//27
f 88//28 40//28 89//28
f 89//29 40//29 39//29
f 89//30 39//30 90//30
f 90//31 39//31 38//31
f 90//32 38//32 91//32
f 91//33 38//33 37//33
f 91//34 37//34 92//34
f 92//35 37//35 36//35
f 92//36 36//36 93//36
f 93//37 36//37 44//37
f 93//38 44//38 94//38
f 94//39 44//39 43//39
f 94//40 43//40 95//40
f 95//41 43//41 35//41
f 95//42 35//42 96//42
f 96//43 35//43 34//43
f 96//44 34//44 97//44
f 97//45 34//45 6//45
f 97//46 6//46 98//46
f 98//47 6//47 75//47
f 4//48 2//48 75//48
f 75//49 2//49 20//49
f 75//50 20//50 99//50
f 99//51 20//51 21//51
f 99//52 21//52 100//52
f 100//53 21//53 32//53
f 100//54 32//54 101//54
f 101//55 32//55 11//55
f 101//56 11//56 102//56
f 102//57 11//57 10//57
f 102//58 10//58 103//58
f 103//59 10//59 9//59
f 103//60 9//60 104//60
f 104//61 9//61 17//61
f 104//62 17//62 105//62
f 105//63 17//63 19//63
f 105//64 19//64 106//64
f 106//65 19//65 18//65
f 106//66 18//66 107//66
f 107//67 18//67 16//67
f 107//68 16//68 108//68
f 108//69 16//69 15//69
f 108//70 15//70 109//70
f 109//71 15//71 14//71
f 109//72 14//72 110//72
f 110//73 14//73 13//73
f 110//74 13//74 111//74
f 111//75 13//75 12//75
f 111//76 12//76 112//76
f 112//77 12//77 31//77
f 112//78 31//78 113//78
f 113//79 31//79 30//79
f 113//80 30//80 114//80
f 114//81 30//81 29//81
f 114//82 29//82 115//82
f 115//83 29//83 28//83
f 115//84 28//84 116//84
f 116//85 28//85 27//85
f 116//86 27//86 117//86
f 117//87 27//87 26//87
f 117//88 26//88 118//88
f 118//89 26//89 25//89
f 118//90 25//90 119//90
f 119//91 25//91 24//91
f 119//92 24//92 120//92
f 120//93 24//93 1//93
f 120//94 1//94 121//94
f 121//95 1//95 3//95
f 121//96 3//96 76//96
f 76//97 3//97 5//97
f 76//98 5//98 23//98
f 122//99 123//99 124//99
f 124//100 123//100 125//100
f 124//101 125//101 126//101
f 126//102 125//102 127//102
f 126//103 127//103 128//103
f 128//104 127//104 129//104
f 128//105 129//105 130//105
f 130//106 129//106 131//106
f 132//107 133//107 122//107
f 122//108 133//108 134//108
f 122//109 134//109 123//109
f 135//110 136//110 137//110
f 137//111 136//111 138//111
f 137//112 138//112 139//112
f 139//113 138//113 140//113
f 139//114 140//114 132//114
f 132//115 140//115 141//115
f 132//116 141//116 133//116
f 135//117 137//117 142//117
f 142//118 137//118 143//118
f 142//119 143//119 144//119
f 144//120 143//120 145//120
f 144//121 145//121 146//121
f 146//122 145//122 147//122
f 147//123 145//123 148//123
f 147//124 148//124 149//124
f 149//125 148//125 150//125
f 149//126 150//126 151//126
f 151//127 150//127 152//127
f 152//128 150//128 153//128
f 152//129 153//129 154//129
f 154//130 153//130 155//130
f 155//131 153//131 156//131
f 155//132 156//132 157//132
f 157//133 156//133 158//133
f 157//134 158//134 159//134
f 159//135 158//135 160//135
f 159//136 160//136 161//136
f 161//137 160//137 162//137
f 162//138 160//138 163//138
f 162//139 163//139 164//139
f 164//140 163//140 165//140
f 165//141 163//141 166//141
f 165//142 166//142 167//142
f 167//143 166//143 168//143
f 167//144 168//144 169//144
f 170//145 171//145 172//145
f 172//146 171//146 173//146
f 172//147 173//147 168//147
f 168//148 173//148 174//148
f 168//149 174//149 169//149
f 175//150 176//150 177//150
f 177//151 176//151 178//151
f 177//152 178//152 170//152
f 170//153 178//153 179//153
f 170//154 179//154 171//154
f 180//155 181//155 175//155
f 175//156 181//156 182//156
f 175//157 182//157 176//157
f 183//158 184//158 185//158
f 185//159 184//159 186//159
f 185//160 186//160 187//160
f 187//161 186//161 188//161
f 187//162 188//162 180//162
f 180//163 188//163 189//163
f 180//164 189//164 181//164
f 183//165 185//165 190//165
f 190//166 185//166 191//166
f 190//167 191//167 192//167
f 192//168 191//168 193//168
f 192//169 193//169 194//169
f 194//170 193//170 195//170
f 195//171 193//171 196//171
f 195//172 196//172 197//172
f 197//173 196//173 198//173
f 197//174 198//174 199//174
f 200//175 201//175 202//175
f 202//176 201//176 203//176
f 202//177 203//177 204//177
f 204//178 203//178 205//178
f 204//179 205//179 206//179
f 206//180 205//180 207//180
f 206//181 207//181 198//181
f 198//182 207//182 208//182
f 198//183 208//183 199//183
f 209//184 210//184 200//184
f 200//185 210//185 211//185
f 200//186 211//186 201//186
f 212//187 213//187 214//187
f 214//188 213//188 215//188
f 214//189 215//189 216//189
f 216//190 215//190 217//190
f 216//191 217//191 209//191
f 209//192 217//192 218//192
f 209//193 218//193 210//193
f 212//194 214//194 219//194
f 219//195 214//195 220//195
f 219//196 220//196 221//196
f 221//197 220//197 222//197
f 221//198 222//198 223//198
f 223//199 222//199 224//199
f 224//200 222//200 225//200
f 224//201 225//201 226//201
f 226//202 225//202 227//202
f 226//203 227//203 228//203
f 228//204 227//204 229//204
f 229//205 227//205 230//205
f 229//206 230//206 231//206
f 231//207 230//207 232//207
f 232//208 230//208 233//208
f 232//209 233//209 234//209
f 234//210 233//210 235//210
f 234//211 235//211 236//211
f 237//212 238//212 239//212
f 239//213 238//213 240//213
f 239//214 240//214 235//214
f 235//215 240//215 241//215
f 235//216 241//216 236//216
f 131//217 242//217 130//217
f 130//218 242//218 243//218
f 130//219 243//219 244//219
f 244//220 243//220 245//220
f 244//221 245//221 237//221
f 237//222 245//222 246//222
f 237//223 246//223 238//223
f 153//224 247//224 156//224
f 156//225 247//225 248//225
f 156//226 248//226 158//226
f 158//227 248//227 249//227
f 158//228 249//228 160//228
f 160//229 249//229 250//229
f 160//230 250//230 163//230
f 163//231 250//231 251//231
f 163//232 251//232 166//232
f 166//233 251//233 252//233
f 166//234 252//234 168//234
f 168//235 252//235 253//235
f 168//236 253//236 172//236
f 172//237 253//237 254//237
f 172//238 254//238 170//238
f 170//239 254//239 255//239
f 170//240 255//240 177//240
f 177//241 255//241 256//241
f 177//242 256//242 175//242
f 175//243 256//243 257//243
f 175//244 257//244 180//244
f 180//245 257//245 258//245
f 180//246 258//246 187//246
f 187//247 258//247 259//247
f 187//248 259//248 185//248
f 185//249 259//249 260//249
f 185//250 260//250 191//250
f 191//251 260//251 261//251
f 191//252 261//252 193//252
f 193//253 261//253 262//253
f 193//254 262//254 196//254
f 196//255 262//255 263//255
f 196//256 263//256 198//256
f 198//257 263//257 264//257
f 198//258 264//258 206//258
f 206//259 264//259 265//259
f 206//260 265//260 204//260
f 204//261 265//261 266//261
f 204//262 266//262 202//262
f 202//263 266//263 267//263
f 202//264 267//264 200//264
f 200//265 267//265 268//265
f 200//266 268//266 209//266
f 209//267 268//267 269//267
f 209//268 269//268 216//268
f 216//269 269//269 270//269
f 216//270 270//270 214//270
f 214//271 270//271 271//271
f 214//272 271//272 220//272
f 220//273 271//273 272//273
f 220//274 272//274 222//274
f 222//275 272//275 273//275
f 222//276 273//276 225//276
f 225//277 273//277 274//277
f 225//278 274//278 227//278
f 227//279 274//279 275//279
f 227//280 275//280 230//280
f 230//281 275//281 276//281
f 230//282 276//282 233//282
f 233//283 276//283 277//283
f 233//284 277//284 235//284
f 235//285 277//285 278//285
f 235//286 278//286 239//286
f 239//287 278//287 279//287
f 239//288 279//288 237//288
f 237//289 279//289 280//289
f 237//290 280//290 244//290
f 244//291 280//291 281//291
f 244//292 281//292 130//292
f 130//293 281//293 282//293
f 130//294 282//294 128//294
f 128//295 282//295 283//295
f 128//296 283//296 126//296
f 126//297 283//297 284//297
f 126//298 284//298 124//298
f 124//299 284//299 285//299
f 124//300 285//300 122//300
f 122//301 285//301 286//301
f 122//302 286//302 132//302
f 132//303 286//303 287//303
f 132//304 287//304 139//304
f 139//305 287//305 288//305
f 139//306 288//306 137//306
f 137//307 288//307 289//307
f 137//308 289//308 143//308
f 143//309 289//309 290//309
f 143//310 290//310 145//310
f 145//311 290//311 291//311
f 145//312 291//312 148//312
f 148//313 291//313 292//313
f 148//314 292//314 150//314
f 150//315 292//315 293//315
f 150//316 293//316 153//316
f 153//317 293//317 247//317
f 247//318 75//318 248//318
f 248//319 75//319 99//319
f 248//320 99//320 249//320
f 249//321 99//321 100//321
f 249//322 100//322 250//322
f 250//323 100//323 101//323
f 250//324 101//324 251//324
f 251//325 101//325 102//325
f 251//326 102//326 252//326
f 252//327 102//327 103//327
f 252//328 103//328 253//328
f 253//329 103//329 104//329
f 253//330 104//330 254//330
f 254//331 104//331 105//331
f 254//332 105//332 255//332
f 255//333 105//333 106//333
f 255//334 106//334 256//334
f 256//335 106//335 107//335
f 256//336 107//336 257//336
f 257//337 107//337 108//337
f 257//338 108//338 258//338
f 258//339 108//339 109//339
f 258//340 109//340 259//340
f 259//341 109//341 110//341
f 259//342 110//342 260//342
f 260//343 110//343 111//343
f 260//344 111//344 261//344
f 261//345 111//345 112//345
f 261//346 112//346 262//346
f 262//347 112//347 113//347
f 262//348 113//348 263//348
f 263//349 113//349 114//349
f 263//350 114//350 264//350
f 264//351 114//351 115//351
f 264//352 115//352 265//352
f 265//353 115//353 116//353
f 265//354 116//354 266//354
f 266//355 116//355 117//355
f 266//356 117//356 267//356
f 267//357 117//357 118//357
f 267//358 118//358 268//358
f 268//359 118//359 119//359
f 268//360 119//360 269//360
f 269//361 119//361 120//361
f 269//362 120//362 270//362
f 270//363 120//363 121//363
f 270//364 121//364 271//364
f 271//365 121//365 76//365
f 271//366 76//366 272//366
f 272//367 76//367 77//367
f 272//368 77//368 273//368
f 273//369 77//369 78//369
f 273//370 78//370 274//370
f 274//371 78//371 79//371
f 274//372 79//372 275//372
f 275//373 79//373 80//373
f 275//374 80//374 276//374
f 276//375 80//375 81//375
f 276//376 81//376 277//376
f 277//377 81//377 82//377
f 277//378 82//378 278//378
f 278//379 82//379 83//379
f 278//380 83//380 279//380
f 279//381 83//381 84//381
f 279//382 84//382 280//382
f 280//383 84//383 85//383
f 280//384 85//384 281//384
f 281//385 85//385 86//385
f 281//386 86//386 282//386
f 282//387 86//387 87//387
f 282//388 87//388 283//388
f 283//389 87//389 88//389
f 283//390 88//390 284//390
f 284//391 88//391 89//391
f 284//392 89//392 285//392
f 285//393 89//393 90//393
f 285//394 90//394 286//394
f 286//395 90//395 91//395
f 286//396 91//396 287//396
f 287//397 91//397 92//397
f 287//398 92//398 288//398
f 288//399 92//399 93//399
f 288//400 93//400 289//400
f 289//401 93//401 94//401
f 289//402 94//402 290//402
f 290//403 94//403 95//403
f 290//404 95//404 291//404
f 291//405 95//405 96//405
f 291//406 96//406 292//406
f 292//407 96//407 97//407
f 292//408 97//408 293//408
f 293//409 97//409 98//409
f 293//410 98//410 247//410
f 247//411 98//411 75//411
f 58//412 294//412 59//412
f 59//412 294//412 295//412
f 59//412 295//412 296//412
f 297//413 298//413 60//413
f 60//414 298//414 58//414
f 58//415 298//415 299//415
f 58//416 299//416 294//416
f 297//417 60//417 300//417
f 300//418 60//418 61//418
f 300//419 61//419 301//419
f 301//420 61//420 57//420
f 301//421 57//421 302//421
f 302//422 57//422 303//422
f 303//423 57//423 53//423
f 303//424 53//424 304//424
f 304//425 53//425 305//425
f 305//426 53//426 51//426
f 305//427 51//427 306//427
f 306//1 51//1 307//1
f 307//1 51//1 50//1
f 307//1 50//1 308//1
f 308//428 50//428 309//428
f 309//429 50//429 52//429
f 309//430 52//430 310//430
f 310//431 52//431 311//431
f 311//432 52//432 54//432
f 311//433 54//433 312//433
f 312//434 54//434 313//434
f 313//435 54//435 55//435
f 313//436 55//436 314//436
f 314//437 55//437 315//437
f 315//438 55//438 56//438
f 315//439 56//439 316//439
f 316//440 56//440 317//440
f 317//441 56//441 59//441
f 317//442 59//442 296//442
f 70//443 318//443 319//443
f 70//444 319//444 71//444
f 318//445 70//445 320//445
f 320//446 70//446 74//446
f 320//447 74//447 321//447
f 321//448 74//448 322//448
f 322//449 74//449 73//449
f 322//450 73//450 323//450
f 323//451 73//451 324//451
f 324//452 73//452 66//452
f 324//453 66//453 325//453
f 325//454 66//454 326//454
f 326//455 66//455 65//455
f 326//456 65//456 327//456
f 327//457 65//457 328//457
f 328//458 65//458 63//458
f 328//459 63//459 329//459
f 329//460 63//460 330//460
f 330//461 63//461 62//461
f 330//462 62//462 331//462
f 331//463 62//463 332//463
f 332//464 62//464 69//464
f 332//465 69//465 333//465
f 68//466 67//466 334//466
f 334//467 335//467 68//467
f 68//468 335//468 336//468
f 68//469 336//469 69//469
f 69//470 336//470 337//470
f 69//471 337//471 333//471
f 319//472 338//472 71//472
f 71//473 338//473 339//473
f 71//474 339//474 72//474
f 72//475 339//475 340//475
f 72//476 340//476 67//476
f 67//477 340//477 341//477
f 67//478 341//478 334//478
f 342//1 343//1 344//1
f 342//1 344//1 345//1
f 346//1 347//1 344//1
f 344//1 347//1 348//1
f 344//1 348//1 345//1
f 349//1 350//1 344//1
f 344//1 350//1 351//1
f 344//1 351//1 346//1
f 352//1 353//1 344//1
f 344//1 353//1 354//1
f 344//1 354//1 349//1
f 343//1 355//1 344//1
f 344//1 355//1 356//1
f 344//1 356//1 352//1
f 309//479 310//479 357//479
f 297//480 300//480 232//480
f 297//481 232//481 298//481
f 236//482 295//482 234//482
f 234//483 295//483 294//483
f 234//484 294//484 232//484
f 232//485 294//485 299//485
f 232//486 299//486 298//486
f 301//487 302//487 358//487
f 358//488 302//488 303//488
f 358//489 303//489 304//489
f 316//490 317//490 238//490
f 238//491 317//491 296//491
f 238//492 296//492 240//492
f 240//493 296//493 295//493
f 240//494 295//494 241//494
f 241//495 295//495 236//495
f 314//496 315//496 245//496
f 357//497 310//497 359//497
f 359//498 310//498 311//498
f 359//499 311//499 312//499
f 314//500 245//500 313//500
f 316//501 238//501 315//501
f 315//502 238//502 246//502
f 315//503 246//503 245//503
f 304//504 305//504 358//504
f 358//505 305//505 306//505
f 358//506 306//506 360//506
f 360//507 306//507 307//507
f 360//508 307//508 357//508
f 357//509 307//509 308//509
f 357//510 308//510 309//510
f 335//511 334//511 361//511
f 362//512 337//512 361//512
f 361//513 337//513 336//513
f 361//514 336//514 335//514
f 334//515 341//515 361//515
f 361//516 341//516 340//516
f 361//517 340//517 140//517
f 140//518 340//518 339//518
f 325//519 326//519 123//519
f 325//520 123//520 324//520
f 339//521 338//521 140//521
f 140//522 338//522 319//522
f 140//523 319//523 141//523
f 141//524 319//524 318//524
f 141//525 318//525 133//525
f 133//526 318//526 320//526
f 133//527 320//527 134//527
f 320//528 321//528 134//528
f 134//529 321//529 322//529
f 134//530 322//530 123//530
f 123//531 322//531 323//531
f 123//532 323//532 324//532
f 327//533 328//533 363//533
f 363//534 328//534 329//534
f 363//535 329//535 330//535
f 330//536 331//536 363//536
f 363//537 331//537 332//537
f 363//538 332//538 362//538
f 362//539 332//539 333//539
f 362//540 333//540 337//540
f 242//541 131//541 364//541
f 364//542 131//542 129//542
f 364//543 129//543 365//543
f 326//544 327//544 123//544
f 123//545 327//545 363//545
f 123//546 363//546 125//546
f 125//547 363//547 365//547
f 125//548 365//548 127//548
f 127//549 365//549 129//549
f 140//550 138//550 361//550
f 361//551 138//551 136//551
f 361//552 136//552 366//552
f 136//553 135//553 366//553
f 366//554 135//554 142//554
f 366//555 142//555 367//555
f 147//556 368//556 146//556
f 146//557 368//557 367//557
f 146//558 367//558 144//558
f 144//559 367//559 142//559
f 147//560 149//560 368//560
f 368//561 149//561 151//561
f 368//562 151//562 369//562
f 151//563 152//563 369//563
f 369//564 152//564 154//564
f 369//565 154//565 370//565
f 154//566 155//566 370//566
f 370//567 155//567 157//567
f 370//568 157//568 371//568
f 157//569 159//569 371//569
f 371//570 159//570 161//570
f 371//571 161//571 372//571
f 165//572 373//572 164//572
f 164//573 373//573 372//573
f 164//574 372//574 162//574
f 162//575 372//575 161//575
f 165//576 167//576 373//576
f 373//577 167//577 169//577
f 373//578 169//578 374//578
f 169//579 174//579 374//579
f 374//580 174//580 173//580
f 374//581 173//581 375//581
f 173//582 171//582 375//582
f 375//583 171//583 179//583
f 375//584 179//584 376//584
f 182//585 377//585 176//585
f 176//586 377//586 376//586
f 176//587 376//587 178//587
f 178//588 376//588 179//588
f 188//589 378//589 189//589
f 189//590 378//590 377//590
f 189//591 377//591 181//591
f 181//592 377//592 182//592
f 188//593 186//593 378//593
f 378//594 186//594 184//594
f 378//595 184//595 379//595
f 184//596 183//596 379//596
f 379//597 183//597 190//597
f 379//598 190//598 380//598
f 190//599 192//599 380//599
f 380//600 192//600 194//600
f 380//601 194//601 381//601
f 199//602 382//602 197//602
f 197//603 382//603 381//603
f 197//604 381//604 195//604
f 195//605 381//605 194//605
f 199//606 208//606 382//606
f 382//607 208//607 207//607
f 382//608 207//608 383//608
f 207//609 205//609 383//609
f 383//610 205//610 203//610
f 383//611 203//611 384//611
f 203//612 201//612 384//612
f 384//613 201//613 211//613
f 384//614 211//614 385//614
f 217//615 386//615 218//615
f 218//616 386//616 385//616
f 218//617 385//617 210//617
f 210//618 385//618 211//618
f 217//619 215//619 386//619
f 386//620 215//620 213//620
f 386//621 213//621 387//621
f 213//622 212//622 387//622
f 387//623 212//623 219//623
f 387//624 219//624 388//624
f 219//625 221//625 388//625
f 388//626 221//626 223//626
f 388//627 223//627 389//627
f 228//628 390//628 226//628
f 226//629 390//629 389//629
f 226//630 389//630 224//630
f 224//631 389//631 223//631
f 300//632 301//632 232//632
f 232//633 301//633 358//633
f 232//634 358//634 231//634
f 231//635 358//635 390//635
f 231//636 390//636 229//636
f 229//637 390//637 228//637
f 242//638 364//638 243//638
f 243//639 364//639 359//639
f 243//640 359//640 245//640
f 245//641 359//641 312//641
f 245//642 312//642 313//642
f 342//643 391//643 343//643
f 343//644 391//644 392//644
f 343//644 392//644 355//644
f 355//645 392//645 393//645
f 355//645 393//645 356//645
f 356//646 393//646 394//646
f 356//646 394//646 352//646
f 352//647 394//647 395//647
f 352//647 395//647 353//647
f 353//648 395//648 396//648
f 353//648 396//648 354//648
f 354//649 396//649 397//649
f 354//649 397//649 349//649
f 349//650 397//650 398//650
f 349//650 398//650 350//650
f 350//651 398//651 399//651
f 350//651 399//651 351//651
f 351//652 399//652 400//652
f 351//652 400//652 346//652
f 346//653 400//653 401//653
f 346//653 401//653 347//653
f 347//654 401//654 402//654
f 347//654 402//654 348//654
f 348//655 402//655 403//655
f 348//655 403//655 345//655
f 345//656 403//656 404//656
f 345//656 404//656 342//656
f 342//643 404//643 391//643
f 405//412 365//412 406//412
f 406//412 365//412 363//412
f 406//412 363//412 407//412
f 407//412 363//412 362//412
f 407//412 362//412 408//412
f 408//412 362//412 361//412
f 408//412 361//412 409//412
f 409//412 361//412 366//412
f 409//412 366//412 410//412
f 410//412 366//412 367//412
f 410//412 367//412 411//412
f 411//412 367//412 368//412
f 411//412 368//412 412//412
f 412//412 368//412 369//412
f 412//412 369//412 413//412
f 413//412 369//412 370//412
f 413//412 370//412 414//412
f 414//412 370//412 371//412
f 414//412 371//412 415//412
f 415//412 371//412 372//412
f 415//412 372//412 416//412
f 416//412 372//412 373//412
f 416//412 373//412 417//412
f 417//412 373//412 374//412
f 417//412 374//412 418//412
f 418//412 374//412 375//412
f 418//412 375//412 419//412
f 419//412 375//412 376//412
f 419//412 376//412 420//412
f 420//412 376//412 377//412
f 420//412 377//412 421//412
f 421//412 377//412 378//412
f 421//412 378//412 422//412
f 422//412 378//412 379//412
f 422//412 379//412 423//412
f 423//412 379//412 380//412
f 423//412 380//412 424//412
f 424//412 380//412 381//412
f 424//412 381//412 425//412
f 425//412 381//412 382//412
f 425//412 382//412 426//412
f 426//412 382//412 383//412
f 426//412 383//412 427//412
f 427//412 383//412 384//412
f 427//412 384//412 428//412
f 428//412 384//412 385//412
f 428//412 385//412 429//412
f 429//412 385//412 386//412
f 429//412 386//412 430//412
f 430//412 386//412 387//412
f 430//412 387//412 431//412
f 431//412 387//412 388//412
f 431//412 388//412 432//412
f 432//412 388//412 389//412
f 432//412 389//412 433//412
f 433//412 389//412 390//412
f 433//412 390//412 434//412
f 434//412 390//412 358//412
f 434//412 358//412 435//412
f 435//412 358//412 360//412
f 435//412 360//412 436//412
f 436//412 360//412 357//412
f 436//412 357//412 437//412
f 437//412 357//412 359//412
f 437//412 359//412 405//412
f 405//412 359//412 364//412
f 405//412 364//412 365//412
f 438//412 393//412 439//412
f 439//412 393//412 392//412
f 439//412 392//412 440//412
f 440//412 392//412 391//412
f 440//412 391//412 441//412
f 441//412 391//412 404//412
f 441//412 404//412 442//412
f 442//412 404//412 403//412
f 442//412 403//412 443//412
f 443//412 403//412 402//412
f 443//412 402//412 444//412
f 402//412 401//412 444//412
f 444//412 401//412 400//412
f 444//412 400//412 445//412
f 445//412 400//412 399//412
f 445//412 399//412 446//412
f 446//412 399//412 398//412
f 446//412 398//412 447//412
f 447//412 398//412 397//412
f 447//412 397//412 448//412
f 448//412 397//412 396//412
f 448//412 396//412 449//412
f 449//412 396//412 395//412
f 449//412 395//412 438//412
f 438//412 395//412 394//412
f 438//412 394//412 393//412
f 450//657 422//657 451//657
f 451//658 422//658 423//658
f 451//658 423//658 452//658
f 452//659 423//659 424//659
f 452//659 424//659 453//659
f 453//660 424//660 425//660
f 453//660 425//660 454//660
f 454//661 425//661 426//661
f 454//661 426//661 455//661
f 455//662 426//662 427//662
f 455//662 427//662 456//662
f 456//663 427//663 428//663
f 456//663 428//663 457//663
f 457//664 428//664 429//664
f 457//664 429//664 458//664
f 458//665 429//665 430//665
f 458//665 430//665 459//665
f 459//666 430//666 431//666
f 459//666 431//666 460//666
f 460//667 431//667 432//667
f 460//667 432//667 461//667
f 461//668 432//668 433//668
f 461//668 433//668 462//668
f 462//669 433//669 434//669
f 462//669 434//669 463//669
f 463//670 434//670 435//670
f 463//670 435//670 464//670
f 464//671 435//671 436//671
f 464//671 436//671 465//671
f 465//672 436//672 437//672
f 465//672 437//672 466//672
f 466//2 437//2 405//2
f 466//2 405//2 467//2
f 467//673 405//673 406//673
f 467//673 406//673 468//673
f 468//674 406//674 407//674
f 468//674 407//674 469//674
f 469//675 407//675 408//675
f 469//675 408//675 470//675
f 470//676 408//676 409//676
f 470//676 409//676 471//676
f 471//677 409//677 410//677
f 471//677 410//677 472//677
f 472//678 410//678 411//678
f 472//678 411//678 473//678
f 473//679 411//679 412//679
f 473//679 412//679 474//679
f 474//680 412//680 413//680
f 474//680 413//680 475//680
f 475//681 413//681 414//681
f 475//681 414//681 476//681
f 476//682 414//682 415//682
f 476//682 415//682 477//682
f 477//683 415//683 416//683
f 477//683 416//683 478//683
f 478//684 416//684 417//684
f 478//684 417//684 479//684
f 479//685 417//685 418//685
f 479//685 418//685 480//685
f 480//686 418//686 419//686
f 480//686 419//686 481//686
f 481//687 419//687 420//687
f 481//687 420//687 482//687
f 482//688 420//688 421//688
f 482//689 421//689 450//689
f 450//690 421//690 422//690
f 441//691 483//691 440//691
f 440//692 483//692 484//692
f 440//692 484//692 439//692
f 439//693 484//693 485//693
f 439//694 485//694 486//694
f 486//695 485//695 487//695
f 486//696 487//696 449//696
f 449//697 487//697 488//697
f 449//697 488//697 448//697
f 448//698 488//698 489//698
f 448//698 489//698 447//698
f 447//699 489//699 490//699
f 447//699 490//699 446//699
f 446//700 490//700 491//700
f 446//700 491//700 445//700
f 445//701 491//701 492//701
f 445//702 492//702 493//702
f 493//703 492//703 494//703
f 493//704 494//704 443//704
f 443//705 494//705 495//705
f 443//705 495//705 442//705
f 442//706 495//706 496//706
f 442//706 496//706 441//706
f 441//691 496//691 483//691
f 497//1 498//1 499//1
f 499//1 498//1 500//1
f 499//1 500//1 501//1
f 502//1 503//1 499//1
f 499//1 503//1 504//1
f 499//1 504//1 497//1
f 505//1 506//1 499//1
f 499//1 506//1 507//1
f 499//1 507//1 502//1
f 501//1 508//1 499//1
f 499//1 508//1 509//1
f 499//1 509//1 505//1
f 510//1 511//1 512//1
f 512//1 511//1 513//1
f 512//1 513//1 514//1
f 515//1 516//1 512//1
f 512//1 516//1 517//1
f 512//1 517//1 510//1
f 518//1 519//1 512//1
f 512//1 519//1 520//1
f 512//1 520//1 515//1
f 514//1 521//1 512//1
f 512//1 521//1 522//1
f 512//1 522//1 518//1
f 523//1 524//1 525//1
f 525//1 524//1 526//1
f 525//1 526//1 527//1
f 528//1 529//1 525//1
f 525//1 529//1 530//1
f 525//1 530//1 523//1
f 531//1 532//1 525//1
f 525//1 532//1 533//1
f 525//1 533//1 528//1
f 527//1 534//1 525//1
f 525//1 534//1 535//1
f 525//1 535//1 531//1
f 536//1 537//1 538//1
f 538//1 537//1 539//1
f 538//1 539//1 540//1
f 541//1 542//1 538//1
f 538//1 542//1 543//1
f 538//1 543//1 536//1
f 544//1 545//1 538//1
f 538//1 545//1 546//1
f 538//1 546//1 541//1
f 540//1 547//1 538//1
f 538//1 547//1 548//1
f 538//1 548//1 544//1
f 549//412 550//412 551//412
f 551//412 550//412 552//412
f 551//412 552//412 553//412
f 554//412 555//412 551//412
f 551//412 555//412 556//412
f 551//412 556//412 549//412
f 557//412 558//412 551//412
f 551//412 558//412 559//412
f 551//412 559//412 554//412
f 553//412 560//412 551//412
f 551//412 560//412 561//412
f 551//412 561//412 557//412
f 562//707 563//707 564//707
f 562//707 564//707 565//707
f 565//708 564//708 566//708
f 565//708 566//708 567//708
f 568//412 569//412 570//412
f 570//412 569//412 571//412
f 570//412 571//412 572//412
f 573//412 574//412 570//412
f 570//412 574//412 575//412
f 570//412 575//412 568//412
f 576//412 577//412 570//412
f 570//412 577//412 578//412
f 570//412 578//412 573//412
f 572//412 579//412 570//412
f 570//412 579//412 580//412
f 570//412 580//412 576//412
f 581//412 582//412 583//412
f 583//412 582//412 584//412
f 585//412 586//412 587//412
f 587//412 586//412 588//412
f 587//412 588//412 589//412
f 590//412 591//412 587//412
f 587//412 591//412 592//412
f 587//412 592//412 585//412
f 593//412 594//412 587//412
f 587//412 594//412 595//412
f 587//412 595//412 590//412
f 589//412 596//412 587//412
f 587//412 596//412 597//412
f 587//412 597//412 593//412
f 598//709 599//709 600//709
f 598//709 600//709 601//709
f 601//710 600//710 602//710
f 601//710 602//710 603//710
f 604//1 605//1 606//1
f 606//1 605//1 607//1
f 607//1 608//1 606//1
f 606//1 608//1 609//1
f 606//1 609//1 610//1
f 610//1 609//1 611//1
f 610//1 611//1 612//1
f 612//1 611//1 613//1
f 612//1 613//1 614//1
f 614//1 613//1 615//1
f 614//1 615//1 616//1
f 617//711 615//711 613//711
f 617//711 613//711 618//711
f 618//712 613//712 611//712
f 618//712 611//712 619//712
f 620//412 621//412 622//412
f 622//412 621//412 623//412
f 622//412 623//412 624//412
f 625//412 626//412 622//412
f 622//412 626//412 627//412
f 622//412 627//412 620//412
f 628//412 629//412 622//412
f 622//412 629//412 630//412
f 622//412 630//412 625//412
f 624//412 631//412 622//412
f 622//412 631//412 632//412
f 622//412 632//412 628//412
f 633//713 609//713 608//713
f 633//713 608//713 634//713
f 634//653 608//653 607//653
f 634//653 607//653 635//653
f 635//714 607//714 605//714
f 635//714 605//714 636//714
f 637//1 638//1 639//1
f 640//1 641//1 642//1
f 642//1 641//1 643//1
f 643//1 641//1 644//1
f 643//1 644//1 645//1
f 646//1 637//1 647//1
f 647//1 637//1 639//1
f 647//1 639//1 648//1
f 648//1 639//1 640//1
f 648//1 640//1 649//1
f 649//1 640//1 642//1
f 650//713 637//713 646//713
f 650//713 646//713 651//713
f 651//653 646//653 647//653
f 651//653 647//653 652//653
f 652//714 647//714 648//714
f 652//714 648//714 653//714
f 654//412 655//412 656//412
f 656//412 655//412 657//412
f 656//412 657//412 658//412
f 659//412 660//412 656//412
f 656//412 660//412 661//412
f 656//412 661//412 654//412
f 662//412 663//412 656//412
f 656//412 663//412 664//412
f 656//412 664//412 659//412
f 658//412 665//412 656//412
f 656//412 665//412 666//412
f 656//412 666//412 662//412
f 667//715 649//715 642//715
f 667//715 642//715 668//715
f 668//716 642//716 643//716
f 668//716 643//716 669//716
f 670//412 671//412 672//412
f 672//412 671//412 673//412
f 674//1 675//1 467//1
f 467//1 675//1 676//1
f 467//1 676//1 466//1
f 466//1 676//1 677//1
f 466//1 677//1 465//1
f 465//1 677//1 678//1
f 465//1 678//1 464//1
f 464//1 678//1 679//1
f 464//1 679//1 463//1
f 463//1 679//1 680//1
f 463//1 680//1 462//1
f 462//1 680//1 681//1
f 462//1 681//1 461//1
f 461//1 681//1 682//1
f 461//1 682//1 460//1
f 460//1 682//1 683//1
f 460//1 683//1 459//1
f 459//1 683//1 684//1
f 459//1 684//1 458//1
f 458//1 684//1 685//1
f 458//1 685//1 457//1
f 457//1 685//1 686//1
f 457//1 686//1 456//1
f 456//1 686//1 687//1
f 456//1 687//1 455//1
f 455//1 687//1 688//1
f 455//1 688//1 454//1
f 454//1 688//1 689//1
f 454//1 689//1 453//1
f 453//1 689//1 690//1
f 453//1 690//1 452//1
f 452//1 690//1 691//1
f 452//1 691//1 451//1
f 451//1 691//1 692//1
f 451//1 692//1 450//1
f 450//1 692//1 693//1
f 450//1 693//1 482//1
f 482//1 693//1 694//1
f 482//1 694//1 481//1
f 481//1 694//1 695//1
f 481//1 695//1 480//1
f 480//1 695//1 696//1
f 480//1 696//1 479//1
f 479//1 696//1 697//1
f 479//1 697//1 478//1
f 478//1 697//1 698//1
f 478//1 698//1 477//1
f 477//1 698//1 699//1
f 477//1 699//1 476//1
f 476//1 699//1 700//1
f 476//1 700//1 475//1
f 475//1 700//1 701//1
f 475//1 701//1 474//1
f 474//1 701//1 702//1
f 474//1 702//1 473//1
f 473//1 702//1 703//1
f 473//1 703//1 472//1
f 472//1 703//1 704//1
f 472//1 704//1 471//1
f 471//1 704//1 705//1
f 471//1 705//1 470//1
f 470//1 705//1 706//1
f 470//1 706//1 469//1
f 469//1 706//1 707//1
f 469//1 707//1 468//1
f 468//1 707//1 674//1
f 468//1 674//1 467//1
f 485//1 708//1 487//1
f 487//1 708//1 709//1
f 487//1 709//1 488//1
f 488//1 709//1 710//1
f 488//1 710//1 489//1
f 489//1 710//1 711//1
f 489//1 711//1 490//1
f 490//1 711//1 712//1
f 490//1 712//1 491//1
f 491//1 712//1 713//1
f 491//1 713//1 492//1
f 713//1 714//1 492//1
f 492//1 714//1 715//1
f 492//1 715//1 494//1
f 494//1 715//1 716//1
f 494//1 716//1 495//1
f 495//1 716//1 717//1
f 495//1 717//1 496//1
f 496//1 717//1 718//1
f 496//1 718//1 483//1
f 483//1 718//1 719//1
f 483//1 719//1 484//1
f 484//1 719//1 720//1
f 484//1 720//1 485//1
f 485//1 720//1 721//1
f 485//1 721//1 708//1
f 722//717 500//717 723//717
f 723//717 500//717 498//717
f 723//718 498//718 724//718
f 724//718 498//718 497//718
f 724//719 497//719 725//719
f 725//719 497//719 504//719
f 725//720 504//720 726//720
f 726//720 504//720 503//720
f 726//715 503//715 727//715
f 727//715 503//715 502//715
f 727//721 502//721 728//721
f 728//721 502//721 507//721
f 728//722 507//722 729//722
f 729//722 507//722 506//722
f 729//708 506//708 730//708
f 730//708 506//708 505//708
f 730//723 505//723 731//723
f 731//723 505//723 509//723
f 731//724 509//724 732//724
f 732//724 509//724 508//724
f 732//725 508//725 733//725
f 733//725 508//725 501//725
f 733//726 501//726 722//726
f 722//726 501//726 500//726
f 734//717 513//717 735//717
f 735//717 513//717 511//717
f 735//712 511//712 736//712
f 736//712 511//712 510//712
f 736//727 510//727 737//727
f 737//727 510//727 517//727
f 737//728 517//728 738//728
f 738//728 517//728 516//728
f 738//729 516//729 739//729
f 739//729 516//729 515//729
f 739//721 515//721 740//721
f 740//721 515//721 520//721
f 740//722 520//722 741//722
f 741//722 520//722 519//722
f 741//730 519//730 742//730
f 742//730 519//730 518//730
f 742//731 518//731 743//731
f 743//731 518//731 522//731
f 743//732 522//732 744//732
f 744//732 522//732 521//732
f 744//709 521//709 745//709
f 745//709 521//709 514//709
f 745//726 514//726 734//726
f 734//726 514//726 513//726
f 746//717 526//717 747//717
f 747//717 526//717 524//717
f 747//712 524//712 748//712
f 748//712 524//712 523//712
f 748//733 523//733 749//733
f 749//733 523//733 530//733
f 749//734 530//734 750//734
f 750//734 530//734 529//734
f 750//715 529//715 751//715
f 751//715 529//715 528//715
f 751//721 528//721 752//721
f 752//721 528//721 533//721
f 752//735 533//735 753//735
f 753//735 533//735 532//735
f 753//708 532//708 754//708
f 754//708 532//708 531//708
f 754//736 531//736 755//736
f 755//736 531//736 535//736
f 755//737 535//737 756//737
f 756//737 535//737 534//737
f 756//709 534//709 757//709
f 757//709 534//709 527//709
f 757//738 527//738 746//738
f 746//738 527//738 526//738
f 758//717 539//717 759//717
f 759//717 539//717 537//717
f 759//712 537//712 760//712
f 760//712 537//712 536//712
f 760//739 536//739 761//739
f 761//739 536//739 543//739
f 761//740 543//740 762//740
f 762//740 543//740 542//740
f 762//715 542//715 763//715
f 763//715 542//715 541//715
f 763//721 541//721 764//721
f 764//721 541//721 546//721
f 764//735 546//735 765//735
f 765//735 546//735 545//735
f 765//708 545//708 766//708
f 766//708 545//708 544//708
f 766//741 544//741 767//741
f 767//741 544//741 548//741
f 767//742 548//742 768//742
f 768//742 548//742 547//742
f 768//709 547//709 769//709
f 769//709 547//709 540//709
f 769//738 540//738 758//738
f 758//738 540//738 539//738
f 563//743 562//743 770//743
f 770//743 562//743 771//743
f 770//743 771//743 772//743
f 552//744 773//744 553//744
f 553//744 773//744 774//744
f 553//745 774//745 560//745
f 560//745 774//745 775//745
f 560//746 775//746 561//746
f 561//746 775//746 776//746
f 561//747 776//747 557//747
f 557//747 776//747 777//747
f 557//715 777//715 558//715
f 558//715 777//715 778//715
f 558//748 778//748 559//748
f 559//748 778//748 779//748
f 559//749 779//749 554//749
f 554//749 779//749 780//749
f 554//708 780//708 555//708
f 555//708 780//708 781//708
f 555//750 781//750 556//750
f 556//750 781//750 782//750
f 556//751 782//751 549//751
f 549//751 782//751 783//751
f 549//752 783//752 550//752
f 550//752 783//752 784//752
f 550//753 784//753 552//753
f 552//753 784//753 773//753
f 785//754 786//754 787//754
f 787//755 786//755 567//755
f 787//756 567//756 566//756
f 788//757 569//757 789//757
f 789//758 569//758 568//758
f 789//758 568//758 790//758
f 790//759 568//759 575//759
f 790//760 575//760 791//760
f 791//761 575//761 574//761
f 791//762 574//762 792//762
f 792//763 574//763 573//763
f 792//763 573//763 793//763
f 793//764 573//764 578//764
f 793//764 578//764 794//764
f 794//765 578//765 577//765
f 794//765 577//765 795//765
f 795//766 577//766 576//766
f 795//766 576//766 796//766
f 796//767 576//767 580//767
f 796//768 580//768 797//768
f 797//769 580//769 579//769
f 797//770 579//770 798//770
f 798//771 579//771 572//771
f 798//771 572//771 799//771
f 799//772 572//772 571//772
f 799//772 571//772 788//772
f 788//757 571//757 569//757
f 800//653 581//653 801//653
f 801//653 581//653 583//653
f 802//743 582//743 800//743
f 800//743 582//743 581//743
f 803//646 584//646 802//646
f 802//646 584//646 582//646
f 801//2 583//2 803//2
f 803//2 583//2 584//2
f 599//773 598//773 804//773
f 804//774 598//774 805//774
f 804//775 805//775 806//775
f 588//776 807//776 589//776
f 589//776 807//776 808//776
f 589//712 808//712 596//712
f 596//712 808//712 809//712
f 596//777 809//777 597//777
f 597//777 809//777 810//777
f 597//778 810//778 593//778
f 593//778 810//778 811//778
f 593//779 811//779 594//779
f 594//779 811//779 812//779
f 594//780 812//780 595//780
f 595//780 812//780 813//780
f 595//781 813//781 590//781
f 590//781 813//781 814//781
f 590//782 814//782 591//782
f 591//782 814//782 815//782
f 591//783 815//783 592//783
f 592//783 815//783 816//783
f 592//784 816//784 585//784
f 585//784 816//784 817//784
f 585//709 817//709 586//709
f 586//709 817//709 818//709
f 586//785 818//785 588//785
f 588//785 818//785 807//785
f 819//2 820//2 821//2
f 821//2 820//2 603//2
f 821//2 603//2 602//2
f 615//2 617//2 616//2
f 616//2 617//2 822//2
f 616//2 822//2 823//2
f 611//786 609//786 619//786
f 619//786 609//786 633//786
f 623//787 824//787 624//787
f 624//787 824//787 825//787
f 624//712 825//712 631//712
f 631//712 825//712 826//712
f 631//788 826//788 632//788
f 632//788 826//788 827//788
f 632//789 827//789 628//789
f 628//789 827//789 828//789
f 628//715 828//715 629//715
f 629//715 828//715 829//715
f 629//790 829//790 630//790
f 630//790 829//790 830//790
f 630//781 830//781 625//781
f 625//781 830//781 831//781
f 625//708 831//708 626//708
f 626//708 831//708 832//708
f 626//791 832//791 627//791
f 627//791 832//791 833//791
f 627//792 833//792 620//792
f 620//792 833//792 834//792
f 620//709 834//709 621//709
f 621//709 834//709 835//709
f 621//753 835//753 623//753
f 623//753 835//753 824//753
f 836//793 837//793 604//793
f 604//794 837//794 636//794
f 604//795 636//795 605//795
f 648//796 649//796 653//796
f 653//796 649//796 667//796
f 637//797 650//797 638//797
f 638//798 650//798 838//798
f 638//799 838//799 839//799
f 657//787 840//787 658//787
f 658//787 840//787 841//787
f 658//712 841//712 665//712
f 665//712 841//712 842//712
f 665//800 842//800 666//800
f 666//800 842//800 843//800
f 666//801 843//801 662//801
f 662//801 843//801 844//801
f 662//715 844//715 663//715
f 663//715 844//715 845//715
f 663//790 845//790 664//790
f 664//790 845//790 846//790
f 664//781 846//781 659//781
f 659//781 846//781 847//781
f 659//708 847//708 660//708
f 660//708 847//708 848//708
f 660//802 848//802 661//802
f 661//802 848//802 849//802
f 661//803 849//803 654//803
f 654//803 849//803 850//803
f 654//709 850//709 655//709
f 655//709 850//709 851//709
f 655//753 851//753 657//753
f 657//753 851//753 840//753
f 852//743 853//743 645//743
f 645//743 853//743 669//743
f 645//743 669//743 643//743
f 673//653 854//653 672//653
f 672//653 854//653 855//653
f 671//2 856//2 673//2
f 673//2 856//2 854//2
f 670//646 857//646 671//646
f 671//646 857//646 856//646
f 672//743 855//743 670//743
f 670//743 855//743 857//743
f 858//804 859//804 674//804
f 674//805 859//805 860//805
f 674//805 860//805 675//805
f 675//806 860//806 861//806
f 675//806 861//806 676//806
f 676//807 861//807 862//807
f 676//807 862//807 677//807
f 677//808 862//808 863//808
f 677//808 863//808 678//808
f 678//508 863//508 864//508
f 678//508 864//508 679//508
f 679//809 864//809 865//809
f 679//809 865//809 680//809
f 680//810 865//810 866//810
f 680//810 866//810 681//810
f 681//811 866//811 867//811
f 681//811 867//811 682//811
f 682//812 867//812 868//812
f 682//812 868//812 683//812
f 683//813 868//813 869//813
f 683//813 869//813 684//813
f 684//646 869//646 870//646
f 684//646 870//646 685//646
f 685//814 870//814 871//814
f 685//814 871//814 686//814
f 686//815 871//815 872//815
f 686//815 872//815 687//815
f 687//816 872//816 873//816
f 687//816 873//816 688//816
f 688//817 873//817 874//817
f 688//817 874//817 689//817
f 689//818 874//818 875//818
f 689//818 875//818 690//818
f 690//819 875//819 876//819
f 690//819 876//819 691//819
f 691//820 876//820 877//820
f 691//820 877//820 692//820
f 692//821 877//821 878//821
f 692//822 878//822 693//822
f 693//823 878//823 879//823
f 693//824 879//824 694//824
f 694//825 879//825 880//825
f 694//825 880//825 695//825
f 695//826 880//826 881//826
f 695//826 881//826 696//826
f 696//827 881//827 882//827
f 696//827 882//827 697//827
f 697//828 882//828 883//828
f 697//828 883//828 698//828
f 698//829 883//829 884//829
f 698//829 884//829 699//829
f 699//830 884//830 885//830
f 699//830 885//830 700//830
f 700//831 885//831 886//831
f 700//831 886//831 701//831
f 701//653 886//653 887//653
f 701//653 887//653 702//653
f 702//832 887//832 888//832
f 702//832 888//832 703//832
f 703//833 888//833 889//833
f 703//833 889//833 704//833
f 704//834 889//834 890//834
f 704//834 890//834 705//834
f 705//835 890//835 891//835
f 705//835 891//835 706//835
f 706//512 891//512 892//512
f 706//512 892//512 707//512
f 707//836 892//836 858//836
f 707//837 858//837 674//837
f 718//643 893//643 719//643
f 719//644 893//644 894//644
f 719//644 894//644 720//644
f 720//645 894//645 895//645
f 720//645 895//645 721//645
f 721//646 895//646 896//646
f 721//646 896//646 708//646
f 708//647 896//647 897//647
f 708//647 897//647 709//647
f 709//648 897//648 898//648
f 709//648 898//648 710//648
f 710//649 898//649 899//649
f 710//649 899//649 711//649
f 711//650 899//650 900//650
f 711//650 900//650 712//650
f 712//651 900//651 901//651
f 712//651 901//651 713//651
f 713//652 901//652 902//652
f 713//652 902//652 714//652
f 714//653 902//653 903//653
f 714//653 903//653 715//653
f 715//654 903//654 904//654
f 715//654 904//654 716//654
f 716//655 904//655 905//655
f 716//655 905//655 717//655
f 717//656 905//656 906//656
f 717//656 906//656 718//656
f 718//643 906//643 893//643
f 727//838 907//838 726//838
f 726//839 907//839 908//839
f 726//840 908//840 725//840
f 725//841 908//841 909//841
f 725//842 909//842 724//842
f 724//843 909//843 910//843
f 724//844 910//844 723//844
f 723//845 910//845 911//845
f 723//846 911//846 722//846
f 722//847 911//847 912//847
f 722//848 912//848 733//848
f 733//849 912//849 913//849
f 733//850 913//850 732//850
f 732//851 913//851 914//851
f 732//852 914//852 731//852
f 731//853 914//853 915//853
f 731//854 915//854 730//854
f 730//855 915//855 916//855
f 730//856 916//856 729//856
f 729//857 916//857 917//857
f 729//858 917//858 728//858
f 728//859 917//859 918//859
f 728//860 918//860 727//860
f 727//861 918//861 907//861
f 739//862 919//862 738//862
f 738//863 919//863 920//863
f 738//864 920//864 737//864
f 737//841 920//841 921//841
f 737//865 921//865 736//865
f 736//866 921//866 922//866
f 736//867 922//867 735//867
f 735//845 922//845 923//845
f 735//846 923//846 734//846
f 734//868 923//868 924//868
f 734//869 924//869 745//869
f 745//870 924//870 925//870
f 745//871 925//871 744//871
f 744//872 925//872 926//872
f 744//873 926//873 743//873
f 743//853 926//853 927//853
f 743//874 927//874 742//874
f 742//875 927//875 928//875
f 742//876 928//876 741//876
f 741//857 928//857 929//857
f 741//858 929//858 740//858
f 740//877 929//877 930//877
f 740//878 930//878 739//878
f 739//879 930//879 919//879
f 751//838 931//838 750//838
f 750//838 931//838 932//838
f 750//880 932//880 749//880
f 749//881 932//881 933//881
f 749//882 933//882 748//882
f 748//883 933//883 934//883
f 748//884 934//884 747//884
f 747//884 934//884 935//884
f 747//846 935//846 746//846
f 746//868 935//868 936//868
f 746//885 936//885 757//885
f 757//886 936//886 937//886
f 757//887 937//887 756//887
f 756//887 937//887 938//887
f 756//888 938//888 755//888
f 755//889 938//889 939//889
f 755//890 939//890 754//890
f 754//891 939//891 940//891
f 754//892 940//892 753//892
f 753//892 940//892 941//892
f 753//893 941//893 752//893
f 752//894 941//894 942//894
f 752//860 942//860 751//860
f 751//861 942//861 931//861
f 763//838 943//838 762//838
f 762//838 943//838 944//838
f 762//895 944//895 761//895
f 761//896 944//896 945//896
f 761//897 945//897 760//897
f 760//898 945//898 946//898
f 760//884 946//884 759//884
f 759//884 946//884 947//884
f 759//846 947//846 758//846
f 758//868 947//868 948//868
f 758//885 948//885 769//885
f 769//886 948//886 949//886
f 769//887 949//887 768//887
f 768//887 949//887 950//887
f 768//899 950//899 767//899
f 767//900 950//900 951//900
f 767//901 951//901 766//901
f 766//902 951//902 952//902
f 766//892 952//892 765//892
f 765//892 952//892 953//892
f 765//893 953//893 764//893
f 764//894 953//894 954//894
f 764//860 954//860 763//860
f 763//861 954//861 943//861
f 955//412 956//412 957//412
f 957//412 956//412 958//412
f 957//412 958//412 959//412
f 960//412 961//412 962//412
f 963//412 964//412 962//412
f 962//412 964//412 965//412
f 962//412 965//412 960//412
f 966//412 967//412 968//412
f 969//412 970//412 967//412
f 967//412 970//412 971//412
f 967//412 971//412 968//412
f 972//412 973//412 969//412
f 969//412 973//412 974//412
f 969//412 974//412 970//412
f 958//412 975//412 959//412
f 959//412 975//412 976//412
f 959//412 976//412 972//412
f 972//412 976//412 977//412
f 972//412 977//412 973//412
f 978//412 979//412 955//412
f 955//412 979//412 980//412
f 955//412 980//412 956//412
f 960//412 981//412 961//412
f 961//412 981//412 982//412
f 961//412 982//412 978//412
f 978//412 982//412 983//412
f 978//412 983//412 979//412
f 984//412 985//412 963//412
f 963//412 985//412 986//412
f 963//412 986//412 964//412
f 968//412 987//412 966//412
f 966//412 987//412 988//412
f 966//412 988//412 984//412
f 984//412 988//412 989//412
f 984//412 989//412 985//412
f 990//412 991//412 992//412
f 993//412 994//412 995//412
f 996//412 997//412 998//412
f 992//412 999//412 990//412
f 990//412 999//412 993//412
f 990//412 993//412 1000//412
f 1000//412 993//412 995//412
f 996//412 998//412 1001//412
f 1001//412 998//412 1002//412
f 1001//412 1002//412 1003//412
f 999//412 1004//412 993//412
f 993//412 1004//412 1001//412
f 993//412 1001//412 1005//412
f 1005//412 1001//412 1003//412
f 997//412 1006//412 998//412
f 998//412 1006//412 1007//412
f 998//412 1007//412 1008//412
f 1008//412 1009//412 998//412
f 998//412 1009//412 1010//412
f 998//412 1010//412 1011//412
f 1012//715 1013//715 1014//715
f 1012//715 1014//715 1015//715
f 1015//903 1014//903 772//903
f 1015//903 772//903 771//903
f 1016//904 1017//904 1018//904
f 1016//904 1018//904 1019//904
f 1019//653 1018//653 1020//653
f 1019//653 1020//653 1021//653
f 1021//905 1020//905 1022//905
f 1021//905 1022//905 1023//905
f 1024//711 1025//711 1026//711
f 1024//711 1026//711 1027//711
f 1027//712 1026//712 1028//712
f 1027//712 1028//712 1029//712
f 1030//709 1031//709 1032//709
f 1030//709 1032//709 1033//709
f 1033//906 1032//906 1034//906
f 1033//906 1034//906 1035//906
f 784//412 1015//412 773//412
f 773//412 1015//412 771//412
f 773//412 771//412 774//412
f 778//412 1033//412 779//412
f 779//412 1033//412 1035//412
f 779//412 1035//412 780//412
f 771//412 562//412 774//412
f 774//412 562//412 565//412
f 774//412 565//412 775//412
f 775//412 565//412 567//412
f 775//412 567//412 776//412
f 776//412 567//412 786//412
f 1016//412 782//412 1029//412
f 1029//412 782//412 781//412
f 1029//412 781//412 1027//412
f 1027//412 781//412 780//412
f 1027//412 780//412 1024//412
f 1024//412 780//412 1035//412
f 1016//412 1019//412 782//412
f 782//412 1019//412 1021//412
f 782//412 1021//412 783//412
f 783//412 1021//412 1023//412
f 783//412 1023//412 784//412
f 784//412 1023//412 1012//412
f 784//412 1012//412 1015//412
f 786//412 1036//412 776//412
f 776//412 1036//412 1037//412
f 776//412 1037//412 777//412
f 777//412 1037//412 1038//412
f 777//412 1038//412 778//412
f 778//412 1038//412 1030//412
f 778//412 1030//412 1033//412
f 786//907 785//907 1039//907
f 786//907 1039//907 1036//907
f 1036//646 1039//646 1040//646
f 1036//646 1040//646 1037//646
f 1037//908 1040//908 1041//908
f 1037//908 1041//908 1038//908
f 801//412 1042//412 1043//412
f 801//412 1043//412 800//412
f 1044//412 1045//412 802//412
f 802//412 1045//412 1046//412
f 802//412 1046//412 1047//412
f 1043//412 1048//412 800//412
f 800//412 1048//412 1049//412
f 800//412 1049//412 802//412
f 802//412 1049//412 1050//412
f 802//412 1050//412 1044//412
f 1042//412 801//412 1051//412
f 1051//412 801//412 803//412
f 1051//412 803//412 1052//412
f 798//412 1053//412 803//412
f 803//412 1053//412 1054//412
f 803//412 1054//412 1052//412
f 1055//412 1056//412 1057//412
f 802//412 796//412 803//412
f 803//412 796//412 1058//412
f 803//412 1058//412 798//412
f 1055//412 1057//412 790//412
f 1056//412 1055//412 1059//412
f 1059//412 1055//412 792//412
f 1059//412 792//412 1060//412
f 1060//412 792//412 1061//412
f 1061//412 792//412 793//412
f 1061//412 793//412 1062//412
f 1062//412 793//412 1047//412
f 1047//412 793//412 794//412
f 1047//412 794//412 802//412
f 802//412 794//412 795//412
f 802//412 795//412 796//412
f 798//412 799//412 1053//412
f 1053//412 799//412 788//412
f 1053//412 788//412 1063//412
f 1063//412 788//412 789//412
f 1057//412 1064//412 790//412
f 790//412 1064//412 1065//412
f 790//412 1065//412 789//412
f 789//412 1065//412 1066//412
f 789//412 1066//412 1063//412
f 1067//907 1068//907 1069//907
f 1067//907 1069//907 1070//907
f 1070//646 1069//646 1071//646
f 1070//646 1071//646 1072//646
f 1072//908 1071//908 806//908
f 1072//908 806//908 805//908
f 1073//909 1074//909 1075//909
f 1073//909 1075//909 1076//909
f 1076//708 1075//708 1077//708
f 1076//708 1077//708 1078//708
f 1079//715 1080//715 1081//715
f 1079//715 1081//715 1082//715
f 1082//716 1081//716 1083//716
f 1082//716 1083//716 1084//716
f 1085//904 1086//904 1087//904
f 1085//904 1087//904 1088//904
f 1088//653 1087//653 1089//653
f 1088//653 1089//653 1090//653
f 1090//905 1089//905 1091//905
f 1090//905 1091//905 1092//905
f 818//412 817//412 1092//412
f 1092//412 817//412 1090//412
f 1090//412 817//412 816//412
f 1090//412 816//412 1088//412
f 814//412 1093//412 815//412
f 815//412 1093//412 1094//412
f 815//412 1094//412 816//412
f 816//412 1094//412 1085//412
f 816//412 1085//412 1088//412
f 1092//412 1079//412 818//412
f 818//412 1079//412 1082//412
f 818//412 1082//412 807//412
f 807//412 1082//412 1084//412
f 807//412 1084//412 808//412
f 1084//412 1073//412 808//412
f 808//412 1073//412 1076//412
f 808//412 1076//412 809//412
f 809//412 1076//412 1078//412
f 809//412 1078//412 810//412
f 810//412 1078//412 1067//412
f 810//412 1067//412 1070//412
f 1070//412 1072//412 810//412
f 810//412 1072//412 805//412
f 810//412 805//412 811//412
f 811//412 805//412 598//412
f 811//412 598//412 812//412
f 812//412 598//412 601//412
f 812//412 601//412 813//412
f 813//412 601//412 603//412
f 813//412 603//412 814//412
f 814//412 603//412 820//412
f 814//412 820//412 1093//412
f 820//910 819//910 1095//910
f 820//910 1095//910 1093//910
f 1093//712 1095//712 1096//712
f 1093//712 1096//712 1094//712
f 1097//709 1098//709 1099//709
f 1097//709 1099//709 1100//709
f 1100//906 1099//906 823//906
f 1100//906 823//906 822//906
f 1101//911 1102//911 1103//911
f 1101//911 1103//911 1104//911
f 1104//646 1103//646 1105//646
f 1104//646 1105//646 1106//646
f 1106//912 1105//912 1107//912
f 1106//912 1107//912 1108//912
f 1109//909 1110//909 1111//909
f 1109//909 1111//909 1112//909
f 1112//708 1111//708 1113//708
f 1112//708 1113//708 1114//708
f 1097//412 829//412 1108//412
f 1108//412 829//412 828//412
f 1108//412 828//412 1106//412
f 1106//412 828//412 827//412
f 1106//412 827//412 1104//412
f 1104//412 827//412 1101//412
f 1101//412 827//412 826//412
f 1101//412 826//412 1114//412
f 1114//412 826//412 825//412
f 1114//412 825//412 1112//412
f 634//412 635//412 833//412
f 833//412 635//412 636//412
f 833//412 636//412 834//412
f 834//412 636//412 837//412
f 834//412 837//412 835//412
f 835//412 837//412 1115//412
f 835//412 1115//412 824//412
f 824//412 1115//412 1116//412
f 824//412 1116//412 825//412
f 825//412 1116//412 1109//412
f 825//412 1109//412 1112//412
f 1097//412 1100//412 829//412
f 829//412 1100//412 822//412
f 829//412 822//412 830//412
f 830//412 822//412 617//412
f 830//412 617//412 831//412
f 831//412 617//412 618//412
f 831//412 618//412 832//412
f 832//412 618//412 619//412
f 832//412 619//412 833//412
f 833//412 619//412 633//412
f 833//412 633//412 634//412
f 837//715 836//715 1117//715
f 837//715 1117//715 1115//715
f 1115//716 1117//716 1118//716
f 1115//716 1118//716 1116//716
f 1119//711 1120//711 1121//711
f 1119//711 1121//711 1122//711
f 1122//712 1121//712 839//712
f 1122//712 839//712 838//712
f 1123//709 1124//709 1125//709
f 1123//709 1125//709 1126//709
f 1126//906 1125//906 1127//906
f 1126//906 1127//906 1128//906
f 1129//911 1130//911 1131//911
f 1129//911 1131//911 1132//911
f 1132//646 1131//646 1133//646
f 1132//646 1133//646 1134//646
f 1134//912 1133//912 1135//912
f 1134//912 1135//912 1136//912
f 851//412 669//412 840//412
f 840//412 669//412 853//412
f 840//412 853//412 841//412
f 651//412 652//412 849//412
f 849//412 652//412 653//412
f 849//412 653//412 850//412
f 850//412 653//412 667//412
f 850//412 667//412 851//412
f 851//412 667//412 668//412
f 851//412 668//412 669//412
f 847//412 1122//412 848//412
f 848//412 1122//412 838//412
f 848//412 838//412 849//412
f 849//412 838//412 650//412
f 849//412 650//412 651//412
f 845//412 1126//412 846//412
f 846//412 1126//412 1128//412
f 846//412 1128//412 847//412
f 847//412 1128//412 1119//412
f 847//412 1119//412 1122//412
f 853//412 1137//412 841//412
f 841//412 1137//412 1138//412
f 841//412 1138//412 842//412
f 842//412 1138//412 1129//412
f 842//412 1129//412 843//412
f 1129//412 1132//412 843//412
f 843//412 1132//412 1134//412
f 843//412 1134//412 844//412
f 844//412 1134//412 1136//412
f 844//412 1136//412 845//412
f 845//412 1136//412 1123//412
f 845//412 1123//412 1126//412
f 853//909 852//909 1139//909
f 853//909 1139//909 1137//909
f 1137//708 1139//708 1140//708
f 1137//708 1140//708 1138//708
f 855//412 1141//412 857//412
f 857//412 1141//412 1142//412
f 857//412 1142//412 856//412
f 856//412 1142//412 1143//412
f 856//412 1143//412 854//412
f 854//412 1143//412 1144//412
f 854//412 1144//412 855//412
f 855//412 1144//412 1141//412
f 1145//913 1146//913 1147//913
f 1147//913 1146//913 1148//913
f 1149//412 1150//412 1151//412
f 1151//412 1150//412 1152//412
f 1153//412 1154//412 1155//412
f 1156//412 1157//412 1158//412
f 1158//412 1157//412 1159//412
f 1158//412 1159//412 1160//412
f 1160//412 1159//412 1161//412
f 1160//412 1161//412 1162//412
f 1162//412 1161//412 1163//412
f 1162//412 1163//412 1152//412
f 1152//412 1163//412 1164//412
f 1152//412 1164//412 1151//412
f 1165//412 1166//412 1167//412
f 1167//412 1166//412 1168//412
f 1166//412 1169//412 1168//412
f 1168//412 1169//412 1170//412
f 1168//412 1170//412 1171//412
f 1171//412 1170//412 1172//412
f 1171//412 1172//412 1156//412
f 1156//412 1172//412 1173//412
f 1156//412 1173//412 1157//412
f 1167//412 1174//412 1165//412
f 1165//412 1174//412 1175//412
f 1165//412 1175//412 1176//412
f 1176//412 1175//412 1177//412
f 1176//412 1177//412 1178//412
f 1178//412 1177//412 1179//412
f 1178//412 1179//412 1180//412
f 1180//412 1179//412 1181//412
f 1180//412 1181//412 1182//412
f 1183//412 1184//412 1185//412
f 1185//412 1184//412 1186//412
f 1185//412 1186//412 1187//412
f 1187//412 1186//412 1188//412
f 1187//412 1188//412 1189//412
f 1189//412 1188//412 1190//412
f 1189//412 1190//412 1191//412
f 1191//412 1190//412 1192//412
f 1182//412 1181//412 1193//412
f 1193//412 1181//412 1194//412
f 1193//412 1194//412 1183//412
f 1183//412 1194//412 1195//412
f 1183//412 1195//412 1184//412
f 1190//412 1196//412 1192//412
f 1192//412 1196//412 1197//412
f 1192//412 1197//412 1155//412
f 1155//412 1197//412 1198//412
f 1155//412 1198//412 1153//412
f 1199//646 1200//646 1149//646
f 1149//646 1200//646 1150//646
f 963//757 1201//757 984//757
f 984//758 1201//758 1202//758
f 984//758 1202//758 966//758
f 966//759 1202//759 1203//759
f 966//914 1203//914 1204//914
f 1204//915 1203//915 1205//915
f 1204//762 1205//762 969//762
f 969//763 1205//763 1206//763
f 969//763 1206//763 972//763
f 972//764 1206//764 1207//764
f 972//764 1207//764 959//764
f 959//765 1207//765 1208//765
f 959//765 1208//765 957//765
f 957//766 1208//766 1209//766
f 957//766 1209//766 955//766
f 955//767 1209//767 1210//767
f 955//916 1210//916 1211//916
f 1211//917 1210//917 1212//917
f 1211//770 1212//770 961//770
f 961//771 1212//771 1213//771
f 961//771 1213//771 962//771
f 962//772 1213//772 1214//772
f 962//772 1214//772 963//772
f 963//757 1214//757 1201//757
f 1215//918 1216//918 1217//918
f 1217//919 1216//919 1218//919
f 1218//920 1219//920 1217//920
f 1217//921 1219//921 1220//921
f 1217//922 1220//922 1221//922
f 1221//923 1220//923 1222//923
f 1221//924 1222//924 1223//924
f 1223//925 1224//925 1221//925
f 1221//926 1224//926 1225//926
f 1221//927 1225//927 1226//927
f 1226//928 1225//928 1227//928
f 1226//929 1227//929 1228//929
f 1228//930 1229//930 1226//930
f 1226//931 1229//931 1230//931
f 1226//932 1230//932 1231//932
f 1231//933 1232//933 1226//933
f 1226//934 1232//934 1233//934
f 1226//935 1233//935 1234//935
f 1153//936 1235//936 1154//936
f 1154//937 1235//937 1226//937
f 1154//938 1226//938 1236//938
f 1236//939 1226//939 1234//939
f 1153//940 1198//940 1235//940
f 1235//941 1198//941 1197//941
f 1235//942 1197//942 1196//942
f 1196//943 1190//943 1235//943
f 1235//944 1190//944 1188//944
f 1235//945 1188//945 1186//945
f 1186//946 1184//946 1235//946
f 1235//947 1184//947 1195//947
f 1235//948 1195//948 1194//948
f 1194//949 1181//949 1235//949
f 1235//950 1181//950 1179//950
f 1235//951 1179//951 1237//951
f 1237//952 1179//952 1177//952
f 1237//953 1177//953 1175//953
f 1175//954 1174//954 1237//954
f 1237//955 1174//955 1167//955
f 1237//956 1167//956 1168//956
f 1158//957 1238//957 1156//957
f 1156//958 1238//958 1237//958
f 1156//959 1237//959 1171//959
f 1171//960 1237//960 1168//960
f 1158//961 1160//961 1238//961
f 1238//962 1160//962 1162//962
f 1238//962 1162//962 1239//962
f 867//1 866//1 1240//1
f 1241//1 1240//1 1242//1
f 1215//1 1243//1 1244//1
f 1245//1 942//1 1246//1
f 1246//1 942//1 941//1
f 1246//1 941//1 1247//1
f 892//1 891//1 934//1
f 1247//1 941//1 1248//1
f 1248//1 941//1 940//1
f 1248//1 940//1 1249//1
f 1249//1 940//1 939//1
f 1249//1 939//1 1250//1
f 1250//1 939//1 938//1
f 1250//1 938//1 937//1
f 934//1 891//1 935//1
f 935//1 891//1 890//1
f 935//1 890//1 936//1
f 1245//1 858//1 892//1
f 934//1 933//1 892//1
f 892//1 933//1 932//1
f 892//1 932//1 1245//1
f 1245//1 932//1 931//1
f 1245//1 931//1 942//1
f 886//1 1251//1 1252//1
f 886//1 1252//1 887//1
f 887//1 1252//1 1253//1
f 887//1 1253//1 888//1
f 888//1 1253//1 1254//1
f 888//1 1254//1 889//1
f 889//1 1254//1 1250//1
f 889//1 1250//1 890//1
f 890//1 1250//1 937//1
f 890//1 937//1 936//1
f 886//1 885//1 1251//1
f 1251//1 885//1 884//1
f 1251//1 884//1 1255//1
f 884//1 883//1 1255//1
f 1255//1 883//1 954//1
f 1255//1 954//1 953//1
f 953//1 952//1 1255//1
f 1255//1 952//1 951//1
f 1255//1 951//1 1256//1
f 1256//1 951//1 1257//1
f 1257//1 951//1 950//1
f 1257//1 950//1 1258//1
f 1258//1 950//1 949//1
f 1258//1 949//1 1259//1
f 1259//1 949//1 948//1
f 1259//1 948//1 1260//1
f 948//1 947//1 1260//1
f 1260//1 947//1 946//1
f 1260//1 946//1 1261//1
f 1261//1 946//1 945//1
f 1262//1 1263//1 1264//1
f 1264//1 1263//1 1265//1
f 1264//1 1265//1 1266//1
f 1266//1 1267//1 875//1
f 875//1 1267//1 876//1
f 876//1 1267//1 1268//1
f 876//1 1268//1 877//1
f 877//1 1268//1 1147//1
f 877//1 1147//1 878//1
f 878//1 1147//1 1148//1
f 878//1 1148//1 879//1
f 879//1 1148//1 1269//1
f 879//1 1269//1 880//1
f 880//1 1269//1 1261//1
f 880//1 1261//1 881//1
f 881//1 1261//1 945//1
f 881//1 945//1 882//1
f 882//1 945//1 944//1
f 882//1 944//1 883//1
f 883//1 944//1 943//1
f 883//1 943//1 954//1
f 919//1 930//1 1270//1
f 1270//1 930//1 929//1
f 929//1 928//1 1270//1
f 1270//1 928//1 927//1
f 1270//1 927//1 1271//1
f 927//1 926//1 1271//1
f 1271//1 926//1 925//1
f 1271//1 925//1 1272//1
f 925//1 924//1 1272//1
f 1272//1 924//1 923//1
f 1272//1 923//1 1273//1
f 1273//1 923//1 922//1
f 1273//1 922//1 921//1
f 921//1 920//1 1273//1
f 1273//1 920//1 1274//1
f 1273//1 1274//1 1239//1
f 1239//1 1274//1 1238//1
f 893//1 1217//1 894//1
f 894//1 1217//1 1221//1
f 894//1 1221//1 895//1
f 895//1 1221//1 1226//1
f 895//1 1226//1 896//1
f 915//1 914//1 1275//1
f 914//1 913//1 1275//1
f 1275//1 913//1 912//1
f 1275//1 912//1 1243//1
f 1243//1 912//1 911//1
f 1243//1 911//1 1244//1
f 1244//1 911//1 910//1
f 1244//1 910//1 909//1
f 909//1 908//1 1244//1
f 1244//1 908//1 907//1
f 1244//1 907//1 1276//1
f 1276//1 907//1 918//1
f 1276//1 918//1 1277//1
f 1277//1 918//1 917//1
f 1277//1 917//1 916//1
f 1278//1 1279//1 865//1
f 1242//1 1240//1 1279//1
f 1279//1 1240//1 866//1
f 1279//1 866//1 865//1
f 861//1 1280//1 862//1
f 862//1 1280//1 1281//1
f 862//1 1281//1 863//1
f 863//1 1281//1 1278//1
f 863//1 1278//1 864//1
f 864//1 1278//1 865//1
f 858//1 1245//1 859//1
f 859//1 1245//1 1282//1
f 859//1 1282//1 860//1
f 860//1 1282//1 1283//1
f 860//1 1283//1 861//1
f 861//1 1283//1 1284//1
f 861//1 1284//1 1280//1
f 916//1 915//1 1277//1
f 1277//1 915//1 1275//1
f 1277//1 1275//1 1241//1
f 1241//1 1275//1 1285//1
f 1241//1 1285//1 1240//1
f 1240//1 1285//1 868//1
f 1240//1 868//1 867//1
f 1262//1 870//1 1285//1
f 1285//1 870//1 869//1
f 1285//1 869//1 868//1
f 875//1 874//1 1266//1
f 1266//1 874//1 873//1
f 1266//1 873//1 1264//1
f 1264//1 873//1 872//1
f 1264//1 872//1 1262//1
f 1262//1 872//1 871//1
f 1262//1 871//1 870//1
f 905//1 1275//1 906//1
f 906//1 1275//1 1243//1
f 906//1 1243//1 893//1
f 893//1 1243//1 1215//1
f 893//1 1215//1 1217//1
f 1270//1 902//1 901//1
f 901//1 900//1 1270//1
f 1270//1 900//1 1274//1
f 1270//1 1274//1 919//1
f 919//1 1274//1 920//1
f 1226//1 1235//1 896//1
f 896//1 1235//1 1237//1
f 896//1 1237//1 897//1
f 897//1 1237//1 1238//1
f 897//1 1238//1 898//1
f 898//1 1238//1 1274//1
f 898//1 1274//1 899//1
f 899//1 1274//1 900//1
f 905//1 904//1 1275//1
f 1275//1 904//1 903//1
f 1275//1 903//1 1285//1
f 1285//1 903//1 902//1
f 1285//1 902//1 1262//1
f 1262//1 902//1 1270//1
f 1262//1 1270//1 1263//1
f 1263//1 1270//1 1271//1
f 1286//963 1287//963 1284//963
f 1284//963 1287//963 1280//963
f 1288//964 1289//964 1290//964
f 1290//964 1289//964 1291//964
f 1292//965 1293//965 1294//965
f 1294//965 1293//965 1295//965
f 1296//966 1297//966 1151//966
f 1298//967 1299//967 986//967
f 986//968 985//968 1298//968
f 1298//969 985//969 989//969
f 1298//969 989//969 1300//969
f 1300//970 989//970 988//970
f 987//971 1301//971 988//971
f 988//972 1301//972 1302//972
f 988//970 1302//970 1300//970
f 1303//973 1304//973 968//973
f 1304//974 1305//974 968//974
f 968//975 1305//975 1306//975
f 968//976 1306//976 987//976
f 987//977 1306//977 1307//977
f 987//978 1307//978 1301//978
f 1154//979 1308//979 971//979
f 971//980 1308//980 968//980
f 1308//981 1309//981 968//981
f 968//982 1309//982 1310//982
f 968//983 1310//983 1311//983
f 1311//984 1312//984 968//984
f 968//985 1312//985 1313//985
f 968//986 1313//986 1314//986
f 1314//987 1315//987 968//987
f 968//988 1315//988 1316//988
f 968//989 1316//989 1303//989
f 970//990 1165//990 1176//990
f 1182//991 971//991 1180//991
f 1180//992 971//992 970//992
f 1180//993 970//993 1178//993
f 1178//994 970//994 1176//994
f 1182//995 1193//995 971//995
f 971//996 1193//996 1183//996
f 971//997 1183//997 1185//997
f 1185//998 1187//998 971//998
f 971//999 1187//999 1189//999
f 971//1000 1189//1000 1191//1000
f 1191//1001 1192//1001 971//1001
f 971//1002 1192//1002 1155//1002
f 971//1003 1155//1003 1154//1003
f 1170//1004 1169//1004 970//1004
f 970//1005 1169//1005 1166//1005
f 970//1006 1166//1006 1165//1006
f 1159//1007 1157//1007 974//1007
f 974//1008 1157//1008 1173//1008
f 974//1009 1173//1009 970//1009
f 970//1010 1173//1010 1172//1010
f 970//1011 1172//1011 1170//1011
f 1159//1012 974//1012 1161//1012
f 1161//1013 974//1013 973//1013
f 1161//1013 973//1013 1163//1013
f 1163//1014 973//1014 977//1014
f 1163//1014 977//1014 1164//1014
f 1164//1015 977//1015 1151//1015
f 1151//1016 977//1016 976//1016
f 1151//966 976//966 1296//966
f 1296//743 976//743 975//743
f 1296//743 975//743 1317//743
f 1317//1017 975//1017 958//1017
f 1317//1017 958//1017 1318//1017
f 1318//1018 958//1018 956//1018
f 1318//1018 956//1018 1319//1018
f 1319//1019 956//1019 980//1019
f 1319//1019 980//1019 1320//1019
f 1320//1020 980//1020 979//1020
f 1320//1020 979//1020 1321//1020
f 1321//1021 979//1021 983//1021
f 1321//1021 983//1021 1322//1021
f 1322//1022 983//1022 982//1022
f 1322//1022 982//1022 1323//1022
f 1323//1023 982//1023 981//1023
f 1323//1023 981//1023 1324//1023
f 1324//1024 981//1024 960//1024
f 1324//1024 960//1024 1325//1024
f 1325//1025 960//1025 965//1025
f 1325//1025 965//1025 1326//1025
f 1326//1026 965//1026 964//1026
f 1326//1026 964//1026 1327//1026
f 1327//1027 964//1027 986//1027
f 1327//1027 986//1027 1328//1027
f 1328//1028 986//1028 1299//1028
f 1328//1028 1299//1028 1329//1028
f 1330//2 999//2 1331//2
f 1331//2 999//2 992//2
f 1331//646 992//646 1332//646
f 1332//646 992//646 991//646
f 1332//743 991//743 1333//743
f 1333//743 991//743 990//743
f 1333//646 990//646 1334//646
f 1334//646 990//646 1000//646
f 1334//2 1000//2 1335//2
f 1335//2 1000//2 995//2
f 1335//646 995//646 1336//646
f 1336//646 995//646 994//646
f 1336//743 994//743 1337//743
f 1337//743 994//743 993//743
f 1337//1029 993//1029 1005//1029
f 1337//1029 1005//1029 1338//1029
f 1338//1030 1005//1030 1003//1030
f 1338//1030 1003//1030 1339//1030
f 1339//1031 1003//1031 1002//1031
f 1339//1031 1002//1031 1340//1031
f 1340//1032 1002//1032 998//1032
f 1340//1032 998//1032 1341//1032
f 1341//1033 998//1033 1011//1033
f 1341//1033 1011//1033 1342//1033
f 1342//1034 1011//1034 1010//1034
f 1342//1034 1010//1034 1343//1034
f 1343//1035 1010//1035 1009//1035
f 1343//1035 1009//1035 1344//1035
f 1344//653 1009//653 1008//653
f 1344//653 1008//653 1345//653
f 1345//1036 1008//1036 1007//1036
f 1345//1036 1007//1036 1346//1036
f 1346//1037 1007//1037 1006//1037
f 1346//1037 1006//1037 1347//1037
f 1347//1038 1006//1038 997//1038
f 1347//1038 997//1038 1348//1038
f 1348//1039 997//1039 996//1039
f 1348//1039 996//1039 1349//1039
f 1349//1040 996//1040 1001//1040
f 1349//1040 1001//1040 1350//1040
f 1350//1041 1001//1041 1004//1041
f 1350//1041 1004//1041 1351//1041
f 1351//1042 1004//1042 999//1042
f 1351//1042 999//1042 1330//1042
f 1352//646 1353//646 1354//646
f 1354//646 1353//646 1355//646
f 1354//412 1355//412 1356//412
f 1356//412 1355//412 1299//412
f 1299//412 1298//412 1356//412
f 1356//412 1298//412 1300//412
f 1356//412 1300//412 1216//412
f 1216//412 1300//412 1302//412
f 1216//412 1302//412 1218//412
f 1218//412 1302//412 1301//412
f 1218//412 1301//412 1219//412
f 1308//412 1154//412 1236//412
f 1219//412 1301//412 1220//412
f 1220//412 1301//412 1307//412
f 1220//412 1307//412 1222//412
f 1222//412 1307//412 1306//412
f 1222//412 1306//412 1223//412
f 1223//412 1306//412 1305//412
f 1223//412 1305//412 1224//412
f 1236//412 1234//412 1308//412
f 1308//412 1234//412 1233//412
f 1308//412 1233//412 1309//412
f 1309//412 1233//412 1232//412
f 1309//412 1232//412 1310//412
f 1310//412 1232//412 1311//412
f 1224//412 1305//412 1225//412
f 1225//412 1305//412 1304//412
f 1225//412 1304//412 1227//412
f 1227//412 1304//412 1303//412
f 1227//412 1303//412 1228//412
f 1228//412 1303//412 1316//412
f 1228//412 1316//412 1229//412
f 1229//412 1316//412 1315//412
f 1229//412 1315//412 1230//412
f 1230//412 1315//412 1314//412
f 1230//412 1314//412 1231//412
f 1231//412 1314//412 1313//412
f 1231//412 1313//412 1232//412
f 1232//412 1313//412 1312//412
f 1232//412 1312//412 1311//412
f 1012//1043 1023//1043 1013//1043
f 1013//1043 1023//1043 1022//1043
f 1016//1044 1029//1044 1017//1044
f 1017//1044 1029//1044 1028//1044
f 1034//2 1025//2 1035//2
f 1035//2 1025//2 1024//2
f 1041//1045 1031//1045 1038//1045
f 1038//1045 1031//1045 1030//1045
f 1357//1017 1045//1017 1358//1017
f 1358//1018 1045//1018 1044//1018
f 1358//1018 1044//1018 1359//1018
f 1359//1019 1044//1019 1050//1019
f 1359//1019 1050//1019 1360//1019
f 1360//1020 1050//1020 1049//1020
f 1360//1020 1049//1020 1361//1020
f 1361//1021 1049//1021 1048//1021
f 1361//1021 1048//1021 1362//1021
f 1362//1022 1048//1022 1043//1022
f 1362//1022 1043//1022 1363//1022
f 1363//1023 1043//1023 1042//1023
f 1363//1023 1042//1023 1364//1023
f 1364//1024 1042//1024 1051//1024
f 1364//1024 1051//1024 1365//1024
f 1365//1025 1051//1025 1052//1025
f 1365//1025 1052//1025 1366//1025
f 1366//1026 1052//1026 1054//1026
f 1366//1026 1054//1026 1367//1026
f 1367//1027 1054//1027 1053//1027
f 1368//1046 1047//1046 1357//1046
f 1357//743 1047//743 1046//743
f 1357//1017 1046//1017 1045//1017
f 1368//1047 1369//1047 1047//1047
f 1047//1048 1369//1048 1370//1048
f 1047//1048 1370//1048 1062//1048
f 1062//1014 1370//1014 1371//1014
f 1062//1014 1371//1014 1061//1014
f 1061//1013 1371//1013 1372//1013
f 1061//1013 1372//1013 1060//1013
f 1060//1049 1372//1049 1373//1049
f 1060//1049 1373//1049 1059//1049
f 1059//1050 1373//1050 1374//1050
f 1059//1050 1374//1050 1056//1050
f 1056//1051 1374//1051 1375//1051
f 1056//1051 1375//1051 1057//1051
f 1057//1052 1375//1052 1376//1052
f 1057//1052 1376//1052 1064//1052
f 1064//1053 1376//1053 1377//1053
f 1064//1053 1377//1053 1065//1053
f 1065//970 1377//970 1378//970
f 1065//970 1378//970 1066//970
f 1066//969 1378//969 1379//969
f 1066//969 1379//969 1063//969
f 1063//1054 1379//1054 1380//1054
f 1063//1055 1380//1055 1053//1055
f 1053//1056 1380//1056 1381//1056
f 1053//1027 1381//1027 1367//1027
f 1067//1057 1078//1057 1068//1057
f 1068//1057 1078//1057 1077//1057
f 1073//743 1084//743 1074//743
f 1074//743 1084//743 1083//743
f 1091//1043 1080//1043 1092//1043
f 1092//1043 1080//1043 1079//1043
f 1096//1044 1086//1044 1094//1044
f 1094//1044 1086//1044 1085//1044
f 1107//1058 1098//1058 1108//1058
f 1108//1058 1098//1058 1097//1058
f 1113//662 1102//662 1114//662
f 1114//662 1102//662 1101//662
f 1118//743 1110//743 1116//743
f 1116//743 1110//743 1109//743
f 1119//2 1128//2 1120//2
f 1120//2 1128//2 1127//2
f 1135//1058 1124//1058 1136//1058
f 1136//1058 1124//1058 1123//1058
f 1140//662 1130//662 1138//662
f 1138//662 1130//662 1129//662
f 1382//2 1142//2 1383//2
f 1383//2 1142//2 1141//2
f 1383//646 1141//646 1384//646
f 1384//646 1141//646 1144//646
f 1384//743 1144//743 1385//743
f 1385//743 1144//743 1143//743
f 1385//653 1143//653 1382//653
f 1382//653 1143//653 1142//653
f 1290//1059 1291//1059 1386//1059
f 1386//1059 1291//1059 1387//1059
f 1386//1060 1387//1060 1388//1060
f 1388//1060 1387//1060 1389//1060
f 1388//1061 1389//1061 1390//1061
f 1390//1061 1389//1061 1391//1061
f 1246//1062 1392//1062 1393//1062
f 1246//1062 1393//1062 1245//1062
f 1245//1063 1393//1063 1394//1063
f 1245//1063 1394//1063 1282//1063
f 1282//1064 1394//1064 1395//1064
f 1282//1064 1395//1064 1283//1064
f 1283//1065 1395//1065 1286//1065
f 1283//1065 1286//1065 1284//1065
f 1396//1066 1397//1066 1398//1066
f 1398//1066 1397//1066 1399//1066
f 1398//1067 1399//1067 1400//1067
f 1400//1067 1399//1067 1401//1067
f 1400//1068 1401//1068 1292//1068
f 1292//1068 1401//1068 1293//1068
f 1402//1069 1403//1069 1404//1069
f 1404//1069 1403//1069 1405//1069
f 1404//1070 1405//1070 1406//1070
f 1406//1070 1405//1070 1407//1070
f 1406//1071 1407//1071 1408//1071
f 1408//1072 1407//1072 1409//1072
f 1408//1073 1409//1073 1410//1073
f 1410//1074 1409//1074 1411//1074
f 1410//1075 1411//1075 1412//1075
f 1412//1075 1411//1075 1413//1075
f 1412//1076 1413//1076 1414//1076
f 1414//1076 1413//1076 1415//1076
f 1416//412 1417//412 1418//412
f 1418//412 1417//412 1419//412
f 1420//412 1421//412 1422//412
f 1422//412 1421//412 1423//412
f 1403//412 1419//412 1405//412
f 1405//412 1419//412 1417//412
f 1405//412 1417//412 1407//412
f 1407//412 1417//412 1424//412
f 1407//412 1424//412 1425//412
f 1425//412 1424//412 1426//412
f 1425//412 1426//412 1411//412
f 1411//412 1426//412 1427//412
f 1411//412 1427//412 1413//412
f 1413//412 1427//412 1421//412
f 1413//412 1421//412 1415//412
f 1415//412 1421//412 1420//412
f 1256//1077 1423//1077 1421//1077
f 1256//1077 1421//1077 1255//1077
f 1255//1078 1421//1078 1427//1078
f 1255//1078 1427//1078 1251//1078
f 1251//1079 1427//1079 1428//1079
f 1251//1080 1428//1080 1252//1080
f 1252//1081 1428//1081 1424//1081
f 1252//1082 1424//1082 1253//1082
f 1253//1083 1424//1083 1417//1083
f 1253//1083 1417//1083 1254//1083
f 1416//1084 1249//1084 1417//1084
f 1417//1085 1249//1085 1250//1085
f 1417//1086 1250//1086 1254//1086
f 1148//1087 1146//1087 1429//1087
f 1148//1087 1429//1087 1269//1087
f 1269//1088 1429//1088 1430//1088
f 1269//1088 1430//1088 1261//1088
f 1261//1089 1430//1089 1431//1089
f 1261//1089 1431//1089 1260//1089
f 1260//1090 1431//1090 1432//1090
f 1260//1090 1432//1090 1259//1090
f 1294//1091 1295//1091 1433//1091
f 1433//1091 1295//1091 1434//1091
f 1433//1092 1434//1092 1435//1092
f 1435//1092 1434//1092 1436//1092
f 1435//1093 1436//1093 1437//1093
f 1437//1093 1436//1093 1438//1093
f 1437//1094 1438//1094 1439//1094
f 1439//1094 1438//1094 1440//1094
f 1151//1095 1297//1095 1149//1095
f 1149//1096 1297//1096 1441//1096
f 1149//1097 1441//1097 1199//1097
f 1199//1097 1441//1097 1442//1097
f 1443//412 1432//412 1431//412
f 1444//412 1445//412 1446//412
f 1446//412 1447//412 1444//412
f 1444//412 1447//412 1448//412
f 1444//412 1448//412 1449//412
f 1399//412 1397//412 1450//412
f 1448//412 1440//412 1449//412
f 1449//412 1440//412 1438//412
f 1449//412 1438//412 1451//412
f 1451//412 1438//412 1436//412
f 1451//412 1436//412 1452//412
f 1452//412 1436//412 1434//412
f 1452//412 1434//412 1145//412
f 1145//412 1434//412 1295//412
f 1145//412 1295//412 1146//412
f 1146//412 1295//412 1293//412
f 1146//412 1293//412 1429//412
f 1429//412 1293//412 1401//412
f 1429//412 1401//412 1430//412
f 1430//412 1401//412 1399//412
f 1430//412 1399//412 1431//412
f 1431//412 1399//412 1450//412
f 1431//412 1450//412 1443//412
f 1453//1098 1445//1098 1444//1098
f 1150//1099 1200//1099 1454//1099
f 1272//1100 1273//1100 1455//1100
f 1454//1099 1455//1099 1150//1099
f 1150//1101 1455//1101 1273//1101
f 1150//1102 1273//1102 1152//1102
f 1152//1103 1273//1103 1239//1103
f 1152//1103 1239//1103 1162//1103
f 1266//1104 1265//1104 1444//1104
f 1444//1105 1265//1105 1263//1105
f 1455//1106 1453//1106 1272//1106
f 1272//1098 1453//1098 1444//1098
f 1272//1107 1444//1107 1271//1107
f 1271//1108 1444//1108 1263//1108
f 1444//1109 1449//1109 1266//1109
f 1266//1110 1449//1110 1451//1110
f 1266//1110 1451//1110 1267//1110
f 1267//1111 1451//1111 1452//1111
f 1267//1111 1452//1111 1268//1111
f 1268//1112 1452//1112 1145//1112
f 1268//1112 1145//1112 1147//1112
f 1456//412 1454//412 1200//412
f 1199//412 1442//412 1200//412
f 1200//412 1442//412 1457//412
f 1200//412 1457//412 1456//412
f 564//1 563//1 566//1
f 566//1 563//1 770//1
f 566//1 770//1 787//1
f 1201//1 1214//1 1379//1
f 1376//1 1375//1 1458//1
f 1458//1 1375//1 1374//1
f 1371//1 1370//1 1458//1
f 1458//1 1370//1 1369//1
f 1458//1 1369//1 1368//1
f 1379//1 1378//1 1201//1
f 1201//1 1378//1 1377//1
f 1201//1 1377//1 1202//1
f 1202//1 1377//1 1376//1
f 1202//1 1376//1 1203//1
f 1374//1 1373//1 1458//1
f 1458//1 1373//1 1372//1
f 1458//1 1372//1 1371//1
f 1203//1 1376//1 1205//1
f 1205//1 1376//1 1458//1
f 1205//1 1458//1 1206//1
f 1380//1 1379//1 1459//1
f 1459//1 1379//1 1214//1
f 1459//1 1214//1 1460//1
f 1460//1 1214//1 1213//1
f 1460//1 1213//1 1461//1
f 1461//1 1213//1 1212//1
f 1461//1 1212//1 1462//1
f 1462//1 1212//1 1210//1
f 1462//1 1210//1 1463//1
f 1463//1 1210//1 1209//1
f 1463//1 1209//1 1464//1
f 1464//1 1209//1 1208//1
f 1464//1 1208//1 1458//1
f 1458//1 1208//1 1207//1
f 1458//1 1207//1 1206//1
f 1465//412 1353//412 1466//412
f 1466//412 1353//412 1352//412
f 1466//412 1352//412 1467//412
f 1467//412 1352//412 1468//412
f 1244//1113 1276//1113 1469//1113
f 1469//1114 1276//1114 1470//1114
f 1468//1115 1352//1115 1469//1115
f 1469//1115 1352//1115 1354//1115
f 1469//1116 1354//1116 1244//1116
f 1354//1117 1356//1117 1244//1117
f 1244//1118 1356//1118 1216//1118
f 1244//1118 1216//1118 1215//1118
f 1471//1119 1278//1119 1472//1119
f 1472//1120 1278//1120 1281//1120
f 1472//1120 1281//1120 1473//1120
f 1473//1121 1281//1121 1280//1121
f 1473//1121 1280//1121 1287//1121
f 1277//1122 1474//1122 1276//1122
f 1276//1123 1474//1123 1475//1123
f 1276//1123 1475//1123 1470//1123
f 1277//1124 1241//1124 1474//1124
f 1474//1125 1241//1125 1242//1125
f 1474//1126 1242//1126 1471//1126
f 1471//1127 1242//1127 1279//1127
f 1471//1119 1279//1119 1278//1119
f 1476//412 1475//412 1474//412
f 1393//412 1392//412 1477//412
f 1471//412 1478//412 1474//412
f 1474//412 1478//412 1479//412
f 1474//412 1479//412 1476//412
f 1477//412 1480//412 1393//412
f 1393//412 1480//412 1391//412
f 1393//412 1391//412 1389//412
f 1481//412 1478//412 1482//412
f 1482//412 1478//412 1471//412
f 1482//412 1471//412 1483//412
f 1483//412 1471//412 1472//412
f 1483//412 1472//412 1484//412
f 1484//412 1472//412 1473//412
f 1484//412 1473//412 1289//412
f 1289//412 1473//412 1287//412
f 1289//412 1287//412 1291//412
f 1291//412 1287//412 1286//412
f 1291//412 1286//412 1387//412
f 1387//412 1286//412 1395//412
f 1387//412 1395//412 1389//412
f 1389//412 1395//412 1394//412
f 1389//412 1394//412 1393//412
f 1485//1128 1481//1128 1486//1128
f 1486//1128 1481//1128 1482//1128
f 1486//1129 1482//1129 1487//1129
f 1487//1129 1482//1129 1483//1129
f 1487//1130 1483//1130 1488//1130
f 1488//1130 1483//1130 1484//1130
f 1488//1131 1484//1131 1288//1131
f 1288//1131 1484//1131 1289//1131
f 1406//412 1408//412 1489//412
f 1490//412 1491//412 1331//412
f 1331//412 1491//412 1492//412
f 1406//412 1489//412 1404//412
f 1398//412 1400//412 1337//412
f 1337//412 1400//412 1292//412
f 1337//412 1292//412 1294//412
f 1408//412 1410//412 1489//412
f 1489//412 1410//412 1412//412
f 1489//412 1412//412 1493//412
f 1493//412 1412//412 1414//412
f 1332//412 1333//412 1322//412
f 1322//412 1333//412 1334//412
f 1322//412 1334//412 1321//412
f 1321//412 1334//412 1335//412
f 1321//412 1335//412 1320//412
f 1494//412 1348//412 1495//412
f 1495//412 1348//412 1349//412
f 1495//412 1349//412 1496//412
f 1496//412 1349//412 1350//412
f 1497//412 1342//412 1489//412
f 1489//412 1342//412 1343//412
f 1489//412 1343//412 1344//412
f 1498//412 1339//412 1499//412
f 1499//412 1339//412 1340//412
f 1499//412 1340//412 1497//412
f 1497//412 1340//412 1341//412
f 1497//412 1341//412 1342//412
f 1396//412 1398//412 1500//412
f 1500//412 1398//412 1337//412
f 1500//412 1337//412 1498//412
f 1498//412 1337//412 1338//412
f 1498//412 1338//412 1339//412
f 1322//412 1323//412 1332//412
f 1332//412 1323//412 1324//412
f 1332//412 1324//412 1325//412
f 1294//412 1433//412 1337//412
f 1337//412 1433//412 1435//412
f 1337//412 1435//412 1336//412
f 1336//412 1435//412 1437//412
f 1336//412 1437//412 1439//412
f 1487//412 1488//412 1496//412
f 1496//412 1488//412 1288//412
f 1496//412 1288//412 1290//412
f 1290//412 1386//412 1496//412
f 1496//412 1386//412 1388//412
f 1496//412 1388//412 1501//412
f 1501//412 1388//412 1390//412
f 1350//412 1351//412 1496//412
f 1496//412 1351//412 1330//412
f 1496//412 1330//412 1487//412
f 1487//412 1330//412 1331//412
f 1487//412 1331//412 1486//412
f 1486//412 1331//412 1492//412
f 1486//412 1492//412 1485//412
f 1331//412 1332//412 1490//412
f 1490//412 1332//412 1325//412
f 1490//412 1325//412 1502//412
f 1502//412 1325//412 1326//412
f 1502//412 1326//412 1503//412
f 1503//412 1326//412 1327//412
f 1503//412 1327//412 1504//412
f 1504//412 1327//412 1328//412
f 1504//412 1328//412 1505//412
f 1505//412 1328//412 1329//412
f 1505//412 1329//412 1506//412
f 1507//412 1335//412 1508//412
f 1508//412 1335//412 1336//412
f 1508//412 1336//412 1509//412
f 1509//412 1336//412 1439//412
f 1317//412 1510//412 1296//412
f 1296//412 1510//412 1511//412
f 1296//412 1511//412 1297//412
f 1297//412 1511//412 1441//412
f 1402//412 1404//412 1512//412
f 1512//412 1404//412 1489//412
f 1512//412 1489//412 1513//412
f 1513//412 1489//412 1344//412
f 1320//412 1335//412 1319//412
f 1319//412 1335//412 1507//412
f 1319//412 1507//412 1318//412
f 1318//412 1507//412 1514//412
f 1318//412 1514//412 1317//412
f 1317//412 1514//412 1515//412
f 1317//412 1515//412 1510//412
f 1344//412 1345//412 1513//412
f 1513//412 1345//412 1346//412
f 1513//412 1346//412 1494//412
f 1494//412 1346//412 1347//412
f 1494//412 1347//412 1348//412
f 1329//1132 1299//1132 1355//1132
f 1353//1133 1465//1133 1355//1133
f 1355//1133 1465//1133 1506//1133
f 1355//1134 1506//1134 1329//1134
f 821//1 602//1 1516//1
f 1516//1 602//1 600//1
f 1516//1 600//1 1517//1
f 1517//1 600//1 599//1
f 1517//1 599//1 804//1
f 1099//412 1518//412 823//412
f 823//412 1518//412 616//412
f 604//412 1519//412 836//412
f 836//412 1519//412 1117//412
f 1383//412 1520//412 1382//412
f 1382//412 1520//412 1521//412
f 1382//412 1521//412 1522//412
f 1103//412 1385//412 1105//412
f 1105//412 1385//412 1382//412
f 1105//412 1382//412 1107//412
f 1523//412 1110//412 1118//412
f 821//412 1524//412 819//412
f 819//412 1524//412 1095//412
f 1099//412 1098//412 1518//412
f 1518//412 1098//412 1107//412
f 1518//412 1107//412 1525//412
f 1525//412 1107//412 1382//412
f 1525//412 1382//412 1526//412
f 1526//412 1382//412 1522//412
f 1103//412 1102//412 1385//412
f 1385//412 1102//412 1113//412
f 1385//412 1113//412 1523//412
f 1523//412 1113//412 1111//412
f 1523//412 1111//412 1110//412
f 1384//412 1364//412 1365//412
f 1117//412 1519//412 1118//412
f 1118//412 1519//412 1527//412
f 1118//412 1527//412 1523//412
f 1071//412 1528//412 806//412
f 806//412 1528//412 804//412
f 1040//412 1039//412 1529//412
f 1529//412 1039//412 785//412
f 1529//412 785//412 787//412
f 1074//412 1367//412 1075//412
f 1075//412 1367//412 1381//412
f 1075//412 1381//412 1077//412
f 1077//412 1381//412 1380//412
f 1077//412 1380//412 1068//412
f 1068//412 1380//412 1528//412
f 1068//412 1528//412 1069//412
f 1069//412 1528//412 1071//412
f 1364//412 1384//412 1363//412
f 1368//412 1031//412 1529//412
f 1529//412 1031//412 1041//412
f 1529//412 1041//412 1040//412
f 1074//412 1083//412 1367//412
f 1367//412 1083//412 1081//412
f 1367//412 1081//412 1366//412
f 1366//412 1081//412 1080//412
f 1366//412 1080//412 1365//412
f 1365//412 1080//412 1091//412
f 1365//412 1091//412 1384//412
f 1091//412 1089//412 1384//412
f 1384//412 1089//412 1087//412
f 1384//412 1087//412 1383//412
f 1383//412 1087//412 1086//412
f 1383//412 1086//412 1520//412
f 1520//412 1086//412 1530//412
f 1530//412 1086//412 1524//412
f 1524//412 1086//412 1096//412
f 1524//412 1096//412 1095//412
f 638//412 839//412 1531//412
f 1531//412 839//412 1121//412
f 1531//412 1121//412 1532//412
f 1532//412 1121//412 1120//412
f 770//412 772//412 1533//412
f 1533//412 772//412 1014//412
f 1533//412 1014//412 1534//412
f 1534//412 1014//412 1013//412
f 1534//412 1013//412 1022//412
f 1124//412 1360//412 1125//412
f 1125//412 1360//412 1361//412
f 1125//412 1361//412 1362//412
f 1124//412 1135//412 1360//412
f 1360//412 1135//412 1133//412
f 1360//412 1133//412 1359//412
f 1359//412 1133//412 1026//412
f 1359//412 1026//412 1358//412
f 1358//412 1026//412 1025//412
f 1358//412 1025//412 1357//412
f 1357//412 1025//412 1034//412
f 1357//412 1034//412 1368//412
f 1368//412 1034//412 1032//412
f 1368//412 1032//412 1031//412
f 1362//412 1363//412 1125//412
f 1125//412 1363//412 1384//412
f 1125//412 1384//412 1127//412
f 1127//412 1384//412 1385//412
f 1127//412 1385//412 1120//412
f 1120//412 1385//412 1523//412
f 1120//412 1523//412 1532//412
f 1018//412 1017//412 1133//412
f 1133//412 1017//412 1028//412
f 1133//412 1028//412 1026//412
f 1018//412 1133//412 1020//412
f 1020//412 1133//412 1131//412
f 1020//412 1131//412 1130//412
f 1535//412 1536//412 1020//412
f 1020//412 1536//412 1537//412
f 1020//412 1537//412 1538//412
f 1538//412 1539//412 1020//412
f 1020//412 1539//412 1540//412
f 1020//412 1540//412 1022//412
f 1022//412 1540//412 1541//412
f 1022//412 1541//412 1534//412
f 1130//412 1140//412 1020//412
f 1020//412 1140//412 1139//412
f 1020//412 1139//412 1535//412
f 1535//412 1139//412 852//412
f 1535//412 852//412 645//412
f 1392//1135 1246//1135 1247//1135
f 1542//1136 1543//1136 1416//1136
f 1416//1137 1543//1137 1248//1137
f 1416//1137 1248//1137 1249//1137
f 612//1135 614//1135 1544//1135
f 1544//1138 1545//1138 1477//1138
f 1477//1139 1545//1139 1546//1139
f 1477//1139 1546//1139 1480//1139
f 1501//1140 1390//1140 1391//1140
f 1419//1141 1403//1141 1547//1141
f 1480//1142 1546//1142 1391//1142
f 1391//1143 1546//1143 1548//1143
f 1391//1140 1548//1140 1501//1140
f 1501//742 1548//742 1549//742
f 1501//742 1549//742 1496//742
f 1496//1144 1549//1144 1550//1144
f 1496//1144 1550//1144 1495//1144
f 1495//708 1550//708 1551//708
f 1495//708 1551//708 1494//708
f 1494//1145 1551//1145 1552//1145
f 1494//1145 1552//1145 1513//1145
f 1513//1146 1552//1146 1547//1146
f 1513//1146 1547//1146 1512//1146
f 1512//1147 1547//1147 1403//1147
f 1512//1147 1403//1147 1402//1147
f 1416//1136 1418//1136 1542//1136
f 1542//1148 1418//1148 1419//1148
f 1542//1148 1419//1148 1553//1148
f 1553//715 1419//715 1547//715
f 1477//1138 1392//1138 1544//1138
f 1544//1135 1392//1135 1247//1135
f 1544//1135 1247//1135 612//1135
f 612//712 1247//712 1248//712
f 612//712 1248//712 610//712
f 610//1137 1248//1137 1543//1137
f 610//1137 1543//1137 606//1137
f 1554//1149 639//1149 638//1149
f 1554//1150 638//1150 1555//1150
f 638//1151 1531//1151 1555//1151
f 1555//1152 1531//1152 1532//1152
f 1555//1152 1532//1152 1556//1152
f 1556//1153 1532//1153 1557//1153
f 1556//1154 1557//1154 1558//1154
f 1558//1155 1557//1155 1527//1155
f 1558//1156 1527//1156 1559//1156
f 1559//1157 1527//1157 1519//1157
f 1559//1157 1519//1157 1560//1157
f 1560//1084 1519//1084 1543//1084
f 1543//1158 1519//1158 604//1158
f 1543//1159 604//1159 606//1159
f 1423//1160 1256//1160 1257//1160
f 1397//1161 1396//1161 1500//1161
f 1561//1162 644//1162 641//1162
f 1258//1162 1259//1162 1432//1162
f 1432//1163 1443//1163 1562//1163
f 1562//1145 1443//1145 1450//1145
f 1397//1164 1563//1164 1450//1164
f 1450//708 1563//708 1564//708
f 1450//1145 1564//1145 1562//1145
f 1493//1165 1414//1165 1415//1165
f 1397//1161 1500//1161 1563//1161
f 1563//736 1500//736 1498//736
f 1563//736 1498//736 1565//736
f 1565//1166 1498//1166 1499//1166
f 1565//1166 1499//1166 1566//1166
f 1566//709 1499//709 1497//709
f 1566//709 1497//709 1567//709
f 1567//1139 1497//1139 1489//1139
f 1567//1139 1489//1139 1568//1139
f 1568//1167 1489//1167 1493//1167
f 1568//1167 1493//1167 1569//1167
f 1569//1165 1493//1165 1415//1165
f 1569//1168 1415//1168 1570//1168
f 640//1160 639//1160 1554//1160
f 1415//1169 1420//1169 1570//1169
f 1570//1170 1420//1170 1422//1170
f 1570//1170 1422//1170 1571//1170
f 1571//1171 1422//1171 1554//1171
f 1422//1171 1423//1171 1554//1171
f 1554//1160 1423//1160 1257//1160
f 1554//1160 1257//1160 640//1160
f 640//715 1257//715 1258//715
f 640//715 1258//715 641//715
f 641//1162 1258//1162 1432//1162
f 641//1162 1432//1162 1561//1162
f 1561//1163 1432//1163 1562//1163
f 1572//1087 1538//1087 1537//1087
f 1572//1087 1537//1087 1573//1087
f 1573//1088 1537//1088 1536//1088
f 1573//1088 1536//1088 1574//1088
f 1574//1089 1536//1089 1535//1089
f 1574//1089 1535//1089 1575//1089
f 1575//1090 1535//1090 1561//1090
f 1561//1172 1535//1172 645//1172
f 1561//1173 645//1173 644//1173
f 1539//913 1538//913 1576//913
f 1576//913 1538//913 1572//913
f 1442//1174 1441//1174 1511//1174
f 1577//1175 1578//1175 1445//1175
f 1445//1176 1578//1176 1579//1176
f 1445//1177 1579//1177 1446//1177
f 1579//1177 1580//1177 1446//1177
f 1446//1178 1580//1178 1581//1178
f 1446//1179 1581//1179 1447//1179
f 1447//1180 1581//1180 1582//1180
f 1447//1146 1582//1146 1583//1146
f 1509//1181 1439//1181 1440//1181
f 1442//1182 1584//1182 1457//1182
f 1457//1166 1584//1166 1585//1166
f 1457//1144 1585//1144 1577//1144
f 1453//1176 1455//1176 1445//1176
f 1445//1176 1455//1176 1454//1176
f 1445//1183 1454//1183 1577//1183
f 1577//1184 1454//1184 1456//1184
f 1577//1144 1456//1144 1457//1144
f 1442//1174 1511//1174 1584//1174
f 1584//709 1511//709 1510//709
f 1584//709 1510//709 1586//709
f 1586//1185 1510//1185 1515//1185
f 1586//1185 1515//1185 1587//1185
f 1587//1186 1515//1186 1514//1186
f 1587//1186 1514//1186 1588//1186
f 1588//1187 1514//1187 1507//1187
f 1588//1187 1507//1187 1589//1187
f 1589//1170 1507//1170 1508//1170
f 1589//1170 1508//1170 1590//1170
f 1590//1148 1508//1148 1509//1148
f 1590//1148 1509//1148 1591//1148
f 1591//1181 1509//1181 1440//1181
f 1591//1188 1440//1188 1583//1188
f 1583//1189 1440//1189 1448//1189
f 1583//1146 1448//1146 1447//1146
f 1592//1190 1529//1190 1578//1190
f 1578//1191 1529//1191 787//1191
f 1578//1192 787//1192 1579//1192
f 1579//1193 787//1193 770//1193
f 1579//1194 770//1194 1593//1194
f 1593//1195 770//1195 1594//1195
f 770//1196 1533//1196 1594//1196
f 1594//1197 1533//1197 1534//1197
f 1594//1197 1534//1197 1595//1197
f 1595//1198 1534//1198 1541//1198
f 1595//1198 1541//1198 1596//1198
f 1596//1199 1541//1199 1540//1199
f 1596//1199 1540//1199 1597//1199
f 1597//1200 1540//1200 1539//1200
f 1597//1200 1539//1200 1576//1200
f 1598//646 1458//646 1592//646
f 1592//646 1458//646 1368//646
f 1592//646 1368//646 1529//646
f 1599//1201 1459//1201 1600//1201
f 1600//1201 1459//1201 1460//1201
f 1600//1202 1460//1202 1601//1202
f 1601//1202 1460//1202 1461//1202
f 1601//1144 1461//1144 1602//1144
f 1602//1203 1461//1203 1603//1203
f 1602//1204 1603//1204 1604//1204
f 1604//1166 1603//1166 1463//1166
f 1604//1205 1463//1205 1605//1205
f 1605//1205 1463//1205 1464//1205
f 1605//1206 1464//1206 1598//1206
f 1598//1206 1464//1206 1458//1206
f 1459//646 1599//646 1380//646
f 1380//646 1599//646 1606//646
f 1380//646 1606//646 1528//646
f 1528//1207 1606//1207 804//1207
f 804//1208 1606//1208 1607//1208
f 804//1209 1607//1209 1517//1209
f 1481//1210 1485//1210 1492//1210
f 1468//1211 1608//1211 1467//1211
f 1467//1212 1608//1212 1609//1212
f 1467//1213 1609//1213 1610//1213
f 1610//1214 1609//1214 1516//1214
f 1516//1215 1517//1215 1610//1215
f 1610//1216 1517//1216 1607//1216
f 1610//1217 1607//1217 1467//1217
f 1467//1218 1607//1218 1611//1218
f 1467//1166 1611//1166 1612//1166
f 1469//1219 1470//1219 1468//1219
f 1468//1219 1470//1219 1475//1219
f 1468//1220 1475//1220 1608//1220
f 1608//1221 1475//1221 1476//1221
f 1608//1222 1476//1222 1613//1222
f 1613//1223 1476//1223 1479//1223
f 1478//1167 1614//1167 1479//1167
f 1479//1224 1614//1224 1615//1224
f 1479//1225 1615//1225 1613//1225
f 1481//1226 1616//1226 1478//1226
f 1478//1227 1616//1227 1617//1227
f 1478//1167 1617//1167 1614//1167
f 1505//1228 1506//1228 1465//1228
f 1481//1210 1492//1210 1616//1210
f 1616//1170 1492//1170 1491//1170
f 1616//1170 1491//1170 1618//1170
f 1618//1148 1491//1148 1490//1148
f 1618//1148 1490//1148 1619//1148
f 1619//1229 1490//1229 1502//1229
f 1619//1229 1502//1229 1620//1229
f 1620//1230 1502//1230 1503//1230
f 1620//1230 1503//1230 1621//1230
f 1621//1231 1503//1231 1504//1231
f 1621//1231 1504//1231 1622//1231
f 1622//708 1504//708 1505//708
f 1622//708 1505//708 1623//708
f 1623//1228 1505//1228 1465//1228
f 1623//1232 1465//1232 1612//1232
f 1612//1233 1465//1233 1466//1233
f 1612//1166 1466//1166 1467//1166
f 1524//1234 1624//1234 1530//1234
f 1530//1235 1624//1235 1625//1235
f 1530//1235 1625//1235 1520//1235
f 1520//1236 1625//1236 1626//1236
f 1520//1236 1626//1236 1521//1236
f 821//1237 1516//1237 1609//1237
f 1609//1238 1627//1238 821//1238
f 821//1239 1627//1239 1628//1239
f 821//1240 1628//1240 1524//1240
f 1524//1241 1628//1241 1629//1241
f 1524//1234 1629//1234 1624//1234
f 1522//963 1521//963 1630//963
f 1630//963 1521//963 1626//963
f 1544//1242 614//1242 616//1242
f 1544//1243 616//1243 1631//1243
f 616//1244 1518//1244 1631//1244
f 1631//1063 1518//1063 1525//1063
f 1631//1063 1525//1063 1632//1063
f 1632//1064 1525//1064 1526//1064
f 1632//1064 1526//1064 1633//1064
f 1633//1065 1526//1065 1522//1065
f 1633//1065 1522//1065 1630//1065
f 1545//1 1544//1 1631//1
f 1575//1 1561//1 1562//1
f 1560//1 1543//1 1542//1
f 1571//1 1554//1 1555//1
f 1576//1 1572//1 1565//1
f 1576//1 1565//1 1597//1
f 1572//1 1573//1 1565//1
f 1565//1 1573//1 1574//1
f 1565//1 1574//1 1563//1
f 1563//1 1574//1 1575//1
f 1563//1 1575//1 1564//1
f 1564//1 1575//1 1562//1
f 1552//1 1551//1 1567//1
f 1633//1 1630//1 1549//1
f 1549//1 1630//1 1626//1
f 1567//1 1551//1 1566//1
f 1566//1 1551//1 1595//1
f 1566//1 1595//1 1565//1
f 1565//1 1595//1 1596//1
f 1565//1 1596//1 1597//1
f 1633//1 1549//1 1632//1
f 1632//1 1549//1 1548//1
f 1632//1 1548//1 1631//1
f 1631//1 1548//1 1546//1
f 1631//1 1546//1 1545//1
f 1578//1 1577//1 1592//1
f 1592//1 1577//1 1585//1
f 1592//1 1585//1 1598//1
f 1626//1 1625//1 1549//1
f 1549//1 1625//1 1624//1
f 1549//1 1624//1 1629//1
f 1555//1 1556//1 1552//1
f 1629//1 1628//1 1617//1
f 1617//1 1628//1 1627//1
f 1617//1 1627//1 1614//1
f 1614//1 1627//1 1615//1
f 1588//1 1589//1 1605//1
f 1542//1 1553//1 1560//1
f 1560//1 1553//1 1547//1
f 1560//1 1547//1 1559//1
f 1559//1 1547//1 1552//1
f 1559//1 1552//1 1558//1
f 1558//1 1552//1 1556//1
f 1550//1 1549//1 1618//1
f 1618//1 1549//1 1629//1
f 1618//1 1629//1 1616//1
f 1616//1 1629//1 1617//1
f 1607//1 1606//1 1611//1
f 1611//1 1606//1 1612//1
f 1579//1 1593//1 1580//1
f 1580//1 1593//1 1581//1
f 1567//1 1568//1 1552//1
f 1552//1 1568//1 1569//1
f 1552//1 1569//1 1555//1
f 1555//1 1569//1 1570//1
f 1555//1 1570//1 1571//1
f 1609//1 1608//1 1627//1
f 1627//1 1608//1 1613//1
f 1627//1 1613//1 1615//1
f 1612//1 1606//1 1623//1
f 1623//1 1606//1 1599//1
f 1623//1 1599//1 1622//1
f 1605//1 1589//1 1604//1
f 1550//1 1618//1 1551//1
f 1551//1 1618//1 1619//1
f 1551//1 1619//1 1595//1
f 1595//1 1619//1 1620//1
f 1595//1 1620//1 1589//1
f 1589//1 1620//1 1602//1
f 1589//1 1602//1 1604//1
f 1589//1 1590//1 1595//1
f 1595//1 1590//1 1591//1
f 1595//1 1591//1 1594//1
f 1594//1 1591//1 1583//1
f 1594//1 1583//1 1593//1
f 1593//1 1583//1 1582//1
f 1593//1 1582//1 1581//1
f 1622//1 1599//1 1621//1
f 1621//1 1599//1 1600//1
f 1621//1 1600//1 1620//1
f 1620//1 1600//1 1601//1
f 1620//1 1601//1 1602//1
f 1585//1 1584//1 1598//1
f 1598//1 1584//1 1586//1
f 1598//1 1586//1 1605//1
f 1605//1 1586//1 1587//1
f 1605//1 1587//1 1588//1
# Vertices: 1633, normals: 1244, texture coordinates: 0, faces: 3258

