# File generated by FabConvert.com - Free Image and 3D model conversion tools

o obj1
v 0.0296018 0.00268491 0.04155
v 0.02930837 0.00113968 0.04106933
v 0.0296018 0.00155024 0.04268467
v 0.0296018 2.4E-07 0.0431
v 0.02930752 -0.00113019 0.04106911
v 0.0296018 -0.00108838 0.04290256
v 0.0296018 -0.00309976 0.04
v 0.0296018 -0.00268444 0.04155
v 0.0296018 -0.00154976 0.04268467
v 0.0296018 -0.00154976 0.03731532
v 0.0296018 -0.00268444 0.03845
v 0.0296018 -0.00121496 0.0371481
v 0.02930988 -0.00118068 0.03895858
v 0.0296018 2.4E-07 0.0369
v 0.02931076 0.00119057 0.03895881
v 0.0296018 0.00155024 0.03731532
v 0.0296018 0.00310024 0.04
v 0.0296018 0.00268491 0.03845
v 0.0295018 2.4E-07 0.0431
v 0.0295018 -0.00154976 0.04268467
v 0.0295018 -0.00268444 0.04155
v 0.0295018 -0.00309976 0.04
v 0.0295018 -0.00268444 0.03845
v 0.0295018 -0.00154976 0.03731532
v 0.0295018 2.4E-07 0.0369
v 0.0295018 0.00155024 0.03731532
v 0.0295018 0.00268491 0.03845
v 0.0295018 0.00310024 0.04
v 0.0295018 0.00268491 0.04155
v 0.0295018 0.00155024 0.04268467
v 0.0291018 -0.00280933 0.04162209
v 0.0291018 -0.00162187 0.04280956
v 0.0291018 2.4E-07 0.0432442
v 0.0291018 0.00162234 0.04280956
v 0.0291018 0.0028098 0.04162209
v 0.0291018 0.00324444 0.04
v 0.0291018 0.0028098 0.03837789
v 0.0291018 0.00162234 0.03719043
v 0.0291018 2.4E-07 0.03675579
v 0.0291018 -0.00162187 0.03719043
v 0.0291018 -0.00280933 0.03837789
v 0.0291018 -0.00324397 0.04
v 0.0291018 0.0022198 0.03464149
v 0.0291018 2.4E-07 0.03419999
v 0.0291018 -0.00221933 0.04535849
v 0.0291018 2.4E-07 0.04579999
v 0.0291018 0.0022198 0.04535849
v 0.0291018 -0.00221933 0.03464149
v 0.0291018 -0.00410098 0.03589877
v 0.0291018 -0.00535826 0.03778043
v 0.0291018 -0.00579976 0.04
v 0.0291018 -0.00535826 0.04221956
v 0.0291018 -0.00410098 0.04410121
v 0.0291018 0.00410146 0.04410121
v 0.0291018 0.00535874 0.04221956
v 0.0291018 0.00580024 0.04
v 0.0291018 0.00535874 0.03778043
v 0.0291018 0.00410146 0.03589877
v 0.0293018 2.4E-07 0.03399999
v 0.0293018 0.00229634 0.03445672
v 0.0293018 0.00424288 0.03575736
v 0.0293018 0.00554351 0.03770389
v 0.0293018 0.00600024 0.04
v 0.0293018 0.00554351 0.0422961
v 0.0293018 0.00424288 0.04424264
v 0.0293018 0.00229634 0.04554327
v 0.0293018 2.4E-07 0.04599999
v 0.0293018 -0.00229586 0.04554327
v 0.0293018 -0.0042424 0.04424264
v 0.0293018 -0.00554304 0.0422961
v 0.0293018 -0.00599976 0.04
v 0.0293018 -0.00554304 0.03770389
v 0.0293018 -0.0042424 0.03575736
v 0.0293018 -0.00229586 0.03445672
v 0.0366018 0.00600024 0.04
v 0.0366018 0.00554351 0.0422961
v 0.0366018 0.00424288 0.04424264
v 0.0366018 0.00229634 0.04554327
v 0.0366018 2.4E-07 0.04599999
v 0.0366018 -0.00229586 0.04554327
v 0.0366018 -0.0042424 0.04424264
v 0.0366018 -0.00554304 0.0422961
v 0.0366018 -0.00599976 0.04
v 0.0366018 -0.00554304 0.03770389
v 0.0366018 -0.0042424 0.03575736
v 0.0366018 -0.00229586 0.03445672
v 0.0366018 2.4E-07 0.03399999
v 0.0366018 0.00229634 0.03445672
v 0.0366018 0.00424288 0.03575736
v 0.0366018 0.00554351 0.03770389
v 0.04440168 0.00255024 0.04441673
v 0.04442651 0.00377107 0.04315804
v 0.04440168 0.00412622 0.0429977
v 0.04440168 0.0049955 0.04102828
v 0.04440168 0.00498879 0.04106034
v 0.04440168 0.00053333 0.03492793
v 0.04446612 3.981E-05 0.03538595
v 0.04440168 -0.00157575 0.03514961
v 0.04458521 -0.00080424 0.03655037
v 0.04466765 -0.00138856 0.03786727
v 0.04440168 0.00498879 0.03893964
v 0.04440168 0.0049955 0.03897171
v 0.04440168 0.00412622 0.03700229
v 0.04442651 0.00377107 0.03684195
v 0.04440168 0.00255024 0.03558327
v 0.0445145 0.00314748 0.03720053
v 0.04459006 0.00261191 0.03768286
v 0.04470981 -0.00168733 0.03927846
v 0.04440168 -0.00465885 0.03792564
v 0.04440168 -0.00341233 0.03620996
v 0.04470981 -0.00168733 0.04072153
v 0.04440168 -0.00509976 0.04
v 0.04440168 -0.00498661 0.03893165
v 0.04440168 0.00053333 0.04507206
v 0.04446612 3.981E-05 0.04461404
v 0.04440168 -0.00157575 0.04485038
v 0.04458521 -0.00080424 0.04344962
v 0.04440168 -0.00341233 0.04379003
v 0.04466765 -0.00138856 0.04213271
v 0.04440168 -0.00465885 0.04207435
v 0.04440168 -0.00498661 0.04106834
v 0.04471244 0.00174455 0.04036234
v 0.04440168 0.00509901 0.04011166
v 0.04469128 0.00189459 0.04107103
v 0.04440168 0.00509393 0.04025358
v 0.04464987 0.00218803 0.04173236
v 0.04440168 0.00508168 0.04043461
v 0.04459006 0.00261191 0.04231712
v 0.04440168 0.00506024 0.0406375
v 0.0445145 0.00314748 0.04279945
v 0.04440168 0.00503018 0.0408424
v 0.04440168 0.00503018 0.03915759
v 0.04440168 0.00506023 0.03936249
v 0.04440168 0.00508168 0.03956538
v 0.04440168 0.00509393 0.03974641
v 0.04464987 0.00218803 0.03826762
v 0.04440168 0.00509901 0.03988832
v 0.04469128 0.00189459 0.03892896
v 0.04440168 0.00510019 0.03997778
v 0.04471244 0.00174455 0.03963764
v 0.04440168 0.00510024 0.04
v 0.04440168 0.00510019 0.04002221
v 0.0368018 -0.00535826 0.04221956
v 0.0368018 -0.00410098 0.04410121
v 0.0368018 -0.00221933 0.04535849
v 0.0368018 2.4E-07 0.04579999
v 0.0368018 0.0022198 0.04535849
v 0.0368018 0.00410146 0.04410121
v 0.0368018 0.00535874 0.04221956
v 0.0368018 0.00580024 0.04
v 0.0368018 0.00535874 0.03778043
v 0.0368018 0.00410146 0.03589877
v 0.0368018 0.0022198 0.03464149
v 0.0368018 2.4E-07 0.03419999
v 0.0368018 -0.00221933 0.03464149
v 0.0368018 -0.00410098 0.03589877
v 0.0368018 -0.00535826 0.03778043
v 0.0368018 -0.00579976 0.04
v 0.04430168 -0.00420665 0.03694351
v 0.04430168 -0.00054331 0.03482848
v 0.04430168 -0.00347924 0.03613564
v 0.04430168 -0.00259976 0.03549666
v 0.04430168 -0.00160665 0.0350545
v 0.04430168 0.00347972 0.03613564
v 0.04430168 0.00054378 0.03482848
v 0.04430168 0.00160712 0.0350545
v 0.04430168 0.00260024 0.03549666
v 0.04430168 0.0050866 0.04108113
v 0.04430168 0.00520024 0.04
v 0.04430168 0.0050866 0.03891885
v 0.04430168 0.00420712 0.03694351
v 0.04430168 0.00475067 0.03788497
v 0.04430168 0.00475067 0.04211503
v 0.04430168 0.00160712 0.04494549
v 0.04430168 0.00420712 0.04305648
v 0.04430168 0.00347972 0.04386435
v 0.04430168 0.00260024 0.04450333
v 0.04430168 -0.00259976 0.04450333
v 0.04430168 0.00054378 0.04517151
v 0.04430168 -0.00054331 0.04517151
v 0.04430168 -0.00160665 0.04494549
v 0.04430168 -0.00347924 0.04386435
v 0.04430168 -0.00420665 0.04305648
v 0.04430168 -0.0047502 0.04211503
v 0.04430168 -0.00508613 0.04108113
v 0.04430168 -0.00519976 0.04
v 0.04430168 -0.00508613 0.03891885
v 0.04430168 -0.0047502 0.03788497
v 0.0368018 -0.00054854 0.03477876
v 0.0368018 -0.00262476 0.03545336
v 0.0368018 -0.0042471 0.03691412
v 0.0368018 -0.00513504 0.03890846
v 0.0368018 -0.00513504 0.04109153
v 0.0368018 -0.0042471 0.04308587
v 0.0368018 -0.00262476 0.04454663
v 0.0368018 -0.00054854 0.04522124
v 0.0368018 2.4E-07 0.04524999
v 0.0368018 0.00162258 0.04499304
v 0.0368018 0.00351317 0.0439015
v 0.0368018 0.00479635 0.04213536
v 0.0368018 0.00525024 0.04
v 0.0368018 0.00479635 0.03786463
v 0.0368018 0.00351317 0.03609848
v 0.0368018 0.00162258 0.03500695
v 0.0368018 2.4E-07 0.03475
v 0.0443985 -0.00425935 0.04298259
v 0.0443985 -0.00283189 0.04436108
v 0.0443985 -0.00259976 0.04450333
v 0.0443985 -0.00099197 0.04510446
v 0.0443985 -0.00054331 0.04517151
v 0.0443985 0.00099244 0.04510446
v 0.0443985 0.00160712 0.04494549
v 0.0443985 -0.00425935 0.0370174
v 0.0443985 -0.00506649 0.03883025
v 0.0443985 -0.00519976 0.04
v 0.0443985 -0.00508613 0.04108113
v 0.0443985 -0.00506649 0.04116974
v 0.0443985 0.00283236 0.04436108
v 0.0443985 0.00347972 0.04386435
v 0.0443985 0.00425983 0.04298259
v 0.0443985 0.00475067 0.04211503
v 0.0443985 0.00506696 0.04116974
v 0.0443985 0.00520024 0.04
v 0.0443985 0.00506696 0.03883025
v 0.0443985 0.00475067 0.03788497
v 0.0443985 0.00425983 0.0370174
v 0.0443985 0.00347972 0.03613564
v 0.0443985 0.00283236 0.03563891
v 0.0443985 0.00160712 0.0350545
v 0.0443985 0.00099244 0.03489553
v 0.0443985 -0.00054331 0.03482848
v 0.0443985 -0.00099197 0.03489553
v 0.0443985 -0.00259976 0.03549666
v 0.0443985 -0.00283189 0.03563891
v 0.04020543 2.4E-07 0.03475
v 0.04020543 0.00162258 0.03500695
v 0.04020543 -0.00054854 0.03477876
v 0.04020543 -0.00262476 0.03545336
v 0.04020543 -0.0042471 0.03691412
v 0.04020543 -0.00513504 0.03890846
v 0.04020543 -0.00513504 0.04109153
v 0.04020543 -0.0042471 0.04308587
v 0.04020543 -0.00262476 0.04454663
v 0.04020543 -0.00054854 0.04522124
v 0.04020543 2.4E-07 0.04524999
v 0.04020543 0.00351317 0.03609848
v 0.04020543 0.00479635 0.03786463
v 0.04020543 0.00525024 0.04
v 0.04020543 0.00479635 0.04213536
v 0.04020543 0.00351317 0.0439015
v 0.04020543 0.00162258 0.04499304
v 0.04470543 -0.00636186 0.0414688
v 0.04470543 -0.00652921 0.04
v 0.04470543 -0.00534837 0.04374513
v 0.04470543 -0.00355595 0.04547605
v 0.04470543 -0.00124564 0.04640947
v 0.04470543 0.00124611 0.04640947
v 0.04470543 0.00355643 0.04547605
v 0.04470543 0.00534884 0.04374513
v 0.04470543 0.00652968 0.04
v 0.04470543 0.00636233 0.0414688
v 0.04470543 0.00636233 0.03853119
v 0.04470543 0.00534884 0.03625486
v 0.04470543 0.00355642 0.03452394
v 0.04470543 0.00124611 0.03359051
v 0.04470543 -0.00124564 0.03359052
v 0.04470543 -0.00355595 0.03452395
v 0.04470543 -0.00636186 0.03853119
v 0.04470543 -0.00534837 0.03625486
v 0.04020543 -0.00679976 0.04
v 0.04020543 -0.00667932 0.04127419
v 0.04020543 -0.00585281 0.04346148
v 0.04020543 6.432E-05 0.0332003
v 0.04020543 -0.00225609 0.03358525
v 0.04020543 -0.00430653 0.0347377
v 0.04020543 -0.00584169 0.03651978
v 0.04020543 -0.00667787 0.03871825
v 0.04020543 0.00667979 0.04127419
v 0.04020543 0.00680024 0.04
v 0.04020543 0.00670132 0.03884435
v 0.04020543 0.00590672 0.0366305
v 0.04020543 0.00440543 0.03481981
v 0.04020543 0.00237707 0.03362891
v 0.04020543 0.00585328 0.04346148
v 0.04020543 0.00433472 0.04523949
v 0.04020543 0.00230366 0.04639798
v 0.04020543 2.4E-07 0.0468
v 0.04020543 -0.00230318 0.04639798
v 0.04020543 -0.00433425 0.04523949
v 0.04470543 -0.00679976 0.04
v 0.04470543 -0.00634057 0.04245644
v 0.04470543 -0.00502502 0.04458113
v 0.04470543 -0.00303078 0.0460871
v 0.04470543 -0.00062719 0.04677099
v 0.04470543 0.00186114 0.04654041
v 0.04470543 0.00409815 0.04542651
v 0.04470543 0.00578171 0.04357973
v 0.04470543 0.00668445 0.04124949
v 0.04470543 0.00680024 0.04
v 0.04470543 0.00668445 0.0387505
v 0.04470543 0.00578171 0.03642026
v 0.04470543 0.00409815 0.03457348
v 0.04470543 0.00186114 0.03345958
v 0.04470543 -0.00062719 0.033229
v 0.04470543 -0.00303078 0.03391289
v 0.04470543 -0.00502502 0.03541886
v 0.04470543 -0.00634057 0.03754355
v 0.04040543 -0.00699976 0.04
v 0.04040543 -0.00687577 0.04131167
v 0.04040543 -0.00602496 0.04356328
v 0.04040543 -0.00595128 0.04368502
v 0.04040543 -0.00446173 0.04539359
v 0.04040543 -0.00421821 0.04558612
v 0.04040543 -0.00237093 0.04658616
v 0.04040543 -0.0019154 0.04673277
v 0.04040543 2.4E-07 0.04699999
v 0.04040543 0.00064611 0.04697013
v 0.04040543 0.0023714 0.04658616
v 0.04040543 0.0031204 0.04626614
v 0.04040543 0.0044622 0.04539359
v 0.04040543 0.0051733 0.04471586
v 0.04040543 0.00700024 0.04
v 0.04040543 0.00687625 0.04131166
v 0.04040543 0.00652754 0.04252869
v 0.04040543 0.00602543 0.04356328
v 0.04040543 0.00689841 0.03881036
v 0.04040543 0.00652754 0.0374713
v 0.04040543 0.00608044 0.0365314
v 0.04040543 0.0051733 0.03528412
v 0.04040543 0.00453499 0.03466745
v 0.04040543 0.0031204 0.03373385
v 0.04040543 0.00244697 0.03344153
v 0.04040543 0.00064611 0.03302985
v 0.04040543 6.621E-05 0.03300031
v 0.04040543 -0.0019154 0.03326721
v 0.04040543 -0.00232245 0.03339658
v 0.04040543 -0.00421821 0.03441387
v 0.04040543 -0.0044332 0.03458293
v 0.04040543 -0.00595128 0.03631497
v 0.04040543 -0.00601351 0.03641742
v 0.04040543 -0.00687429 0.03868055
v 0.04450526 -0.00693851 0.04092533
v 0.04450529 -0.00666115 0.04215124
v 0.0445053 -0.00652722 0.04252865
v 0.04450536 -0.00517298 0.04471579
v 0.04450535 -0.00547805 0.04435769
v 0.04450532 -0.00616905 0.04330778
v 0.04450542 -0.00312012 0.04626605
v 0.04450541 -0.0035942 0.04600668
v 0.04450538 -0.00461044 0.04526709
v 0.04450548 -0.00125058 0.04688729
v 0.04450544 -0.00246208 0.04655261
v 0.04450558 0.00191583 0.04673263
v 0.04450557 0 0.04699993
v 0.04450549 -0.00064587 0.04697005
v 0.04450558 0.00421859 0.04558599
v 0.04450558 0.00595162 0.04368494
v 0.04450558 0.0068809 0.04128621
v 0.04450558 0.00700004 0.04
v 0.04450558 0.0068809 0.03871378
v 0.04450558 0.00595162 0.03631505
v 0.04450558 0.00421859 0.034414
v 0.04450548 -0.00092536 0.03306152
v 0.04450549 -0.00064587 0.03302994
v 0.04450557 0 0.03300006
v 0.04450558 0.00191583 0.03326736
v 0.04450545 -0.00215125 0.03333886
v 0.04450542 -0.00312013 0.03373395
v 0.04450536 -0.00526708 0.03538953
v 0.04450536 -0.00517299 0.0352842
v 0.04450539 -0.00435767 0.03452193
v 0.04450542 -0.00330778 0.03383095
v 0.04450533 -0.00600667 0.03640577
v 0.0445053 -0.00652723 0.03747134
v 0.04450526 -0.00699996 0.04
v 0.04450526 -0.00688731 0.03874939
v 0.04450529 -0.00655262 0.03753789
v 0.04165928 0.00312042 0.03373381
v 0.04165928 0.00121556 0.03310619
v 0.04165928 0.00064613 0.03302973
v 0.04165928 0.00350008 0.03393769
v 0.04165928 0.00517328 0.03528414
v 0.04165928 0.00536243 0.03550038
v 0.04165928 0.00652748 0.03747134
v 0.04165928 0.00657799 0.0376058
v 0.04165928 0.00700015 0.04
v 0.04165928 0.00657799 0.04239419
v 0.04165928 0.00652748 0.04252865
v 0.04165928 0.00536243 0.04449961
v 0.04165928 0.00121556 0.0468938
v 0.04165928 0.00312042 0.04626618
v 0.04165928 0.00350008 0.0460623
v 0.04165928 0.00517328 0.04471584
v 0.04165945 -0.00121553 0.04689361
v 0.04165935 -0.00059574 0.04697458
v 0.04165926 2.4E-07 0.04700007
v 0.04165928 0.00064613 0.04697026
v 0.0416598 -0.00349994 0.04606207
v 0.04165973 -0.00301192 0.04631877
v 0.04165956 -0.0019154 0.04673277
v 0.04165955 -0.00183339 0.04675557
v 0.04166005 -0.00536217 0.04449939
v 0.04166001 -0.00504279 0.04485467
v 0.0416599 -0.00421821 0.04558612
v 0.04165988 -0.00409334 0.04567825
v 0.04166023 -0.00682021 0.04157528
v 0.0416602 -0.00657764 0.04239406
v 0.04166018 -0.00642856 0.04276957
v 0.04166012 -0.00595128 0.04368502
v 0.04166011 -0.00582965 0.04387458
v 0.04166025 -0.00699197 0.04033019
v 0.04166023 -0.00688058 0.04128624
v 0.04166024 -0.00693831 0.03907446
v 0.04166025 -0.00699976 0.04
v 0.0416602 -0.00657764 0.03760594
v 0.04166021 -0.00666095 0.03784857
v 0.04166023 -0.00688058 0.03871375
v 0.04166015 -0.00616884 0.03669204
v 0.04166012 -0.00595128 0.03631497
v 0.04166006 -0.00547784 0.03564216
v 0.0416599 -0.00421821 0.03441387
v 0.04165995 -0.00461023 0.03473277
v 0.04166005 -0.00536218 0.0355006
v 0.04165926 2.4E-07 0.03299992
v 0.04165946 -0.00125035 0.03311261
v 0.04165956 -0.0019154 0.03326721
v 0.04165965 -0.00246185 0.03344728
v 0.04165981 -0.00359398 0.0339932
v 0.04470543 0.00191564 0.04673277
v 0.04470543 0.00421844 0.04558612
v 0.04470543 0.00595152 0.04368502
v 0.04470543 0.00688081 0.04128624
v 0.04470543 0.00688081 0.03871375
v 0.04470543 -0.00064588 0.04697013
v 0.04470543 -0.00312017 0.04626614
v 0.04470543 -0.00517306 0.04471586
v 0.04470543 -0.00652731 0.04252869
v 0.04470543 -0.007 0.04
v 0.04470543 -0.00652731 0.0374713
v 0.04470543 -0.00517306 0.03528412
v 0.04470543 -0.00312017 0.03373385
v 0.04470543 -0.00064588 0.03302985
v 0.04470543 0.00595152 0.03631497
v 0.04470543 0.00421844 0.03441387
v 0.04470543 0.00191564 0.03326721
v 0.02009805 0.00163424 -0.01270001
v 0.02009805 0.00056989 -0.01270001
v 0.02005786 0.00056989 -0.01285001
v 0.02005786 0.00163424 -0.01285001
v 0.01994806 0.00056989 -0.01295981
v 0.01994806 0.00163424 -0.01295981
v 0.01979806 0.00056989 -0.01300001
v 0.01979806 0.00163424 -0.01300001
v 0.00880751 0.00056989 -0.01270001
v 0.00880751 0.00163424 -0.01270001
v 0.0088477 0.00163424 -0.01285001
v 0.0088477 0.00056989 -0.01285001
v 0.00895751 0.00163424 -0.01295981
v 0.00895751 0.00056989 -0.01295981
v 0.00910751 0.00163424 -0.01300001
v 0.00910751 0.00056989 -0.01300001
v 0.03966 -0.00130236 0.03261397
v 0.03966 0.00130236 0.03261397
v 0.03966 -0.00374998 0.03350483
v 0.03966 -0.00574531 0.03517911
v 0.03966 -0.00704766 0.03743485
v 0.03966 -0.00749997 0.04
v 0.03966 -0.00704766 0.04256513
v 0.03966 -0.00574531 0.04482088
v 0.03966 -0.00374998 0.04649516
v 0.03966 -0.00130236 0.04738602
v 0.03966 0.00130236 0.04738602
v 0.03966 0.00374998 0.04649516
v 0.03966 0.00574531 0.04482088
v 0.03966 0.00704766 0.04256513
v 0.03966 0.00704766 0.03743485
v 0.03966 0.00749997 0.04
v 0.03966 0.00574531 0.03517911
v 0.03966 0.00374998 0.03350483
v 0.04470543 -0.00189024 0.04746437
v 0.04470543 -0.0042115 0.04644617
v 0.04470543 -0.00607638 0.04472943
v 0.04470543 -0.00728279 0.04250018
v 0.04470543 -0.0077 0.04
v 0.04470543 -0.00728279 0.03749981
v 0.04470543 -0.00607638 0.03527056
v 0.04470543 -0.0042115 0.03355382
v 0.04470543 -0.00189024 0.03253562
v 0.04470543 0.00063586 0.0323263
v 0.04470543 0.00309305 0.03294854
v 0.04470543 0.00521507 0.03433492
v 0.04470543 0.00677195 0.0363352
v 0.04470543 0.00759498 0.03873262
v 0.04470543 0.00759498 0.04126737
v 0.04470543 0.00677195 0.04366479
v 0.04470543 0.00521507 0.04566507
v 0.04470543 0.00309305 0.04705145
v 0.04470543 0.00063586 0.04767369
v 0.0088477 0.00051249 -0.01283859
v 0.0088477 0.00046383 -0.01280607
v 0.0088477 0.00043131 -0.01275741
v 0.00889538 0.00035776 -0.01270001
v 0.0088477 0.00041989 -0.01270001
v 0.00895751 0.00047047 -0.01294004
v 0.00910751 0.00026989 -0.01270001
v 0.00895751 0.00031009 -0.01270001
v 0.00910751 0.00029273 -0.01281481
v 0.00895751 0.00032986 -0.01279943
v 0.00910751 0.00031009 -0.01285001
v 0.00895751 0.00038618 -0.01288372
v 0.00910751 0.00045509 -0.01297717
v 0.00910751 0.00041989 -0.01295981
v 0.00910751 0.00035776 -0.01291214
v 0.02005786 0.00051249 -0.01283859
v 0.02005786 0.00041989 -0.01270001
v 0.02005786 0.00043131 -0.01275741
v 0.01994806 0.00031009 -0.01270001
v 0.01994806 0.00047047 -0.01294004
v 0.01994806 0.00038618 -0.01288372
v 0.01979806 0.00029273 -0.01281481
v 0.01994806 0.00032986 -0.01279943
v 0.01979806 0.00026989 -0.01270001
v 0.01979806 0.00031009 -0.01285001
v 0.02005786 0.00046383 -0.01280607
v 0.01979806 0.00045509 -0.01297717
v 0.01979806 0.00041989 -0.01295981
v 0.01979806 0.00035776 -0.01291214
v 0.00880751 0.00163424 -0.00120001
v 0.00880751 0.00056989 -0.00120001
v 0.02009805 0.00163424 -0.00120001
v 0.02009805 0.00056989 -0.00120001
v 0.0088477 0.00170924 -0.01282991
v 0.0088477 0.00176414 -0.01277501
v 0.00895751 0.00176414 -0.01292501
v 0.00895751 0.00185924 -0.01282991
v 0.00895751 0.00189404 -0.01270001
v 0.0088477 0.00178424 -0.01270001
v 0.00910751 0.00178424 -0.01295981
v 0.00910751 0.00189404 -0.01285001
v 0.00910751 0.00193424 -0.01270001
v 0.02005786 0.00176414 -0.01277501
v 0.02005786 0.00178424 -0.01270001
v 0.02005786 0.00170924 -0.01282991
v 0.01994806 0.00176414 -0.01292501
v 0.01979806 0.00178424 -0.01295981
v 0.01994806 0.00185924 -0.01282991
v 0.01979806 0.00189404 -0.01285001
v 0.01994806 0.00189404 -0.01270001
v 0.01979806 0.00193424 -0.01270001
v 0.03966 0.00193933 0.03234174
v 0.03966 -0.00065238 0.03212698
v 0.03966 -0.00317339 0.03276539
v 0.03966 -0.00535052 0.03418778
v 0.03966 -0.00694784 0.03624001
v 0.03966 -0.00779225 0.0386997
v 0.03966 -0.00779225 0.04130029
v 0.03966 -0.00694784 0.04375998
v 0.03966 -0.00535052 0.04581221
v 0.03966 -0.00317339 0.0472346
v 0.03966 -0.00065238 0.04787301
v 0.03966 0.00193933 0.04765825
v 0.03966 0.00432089 0.0466136
v 0.03966 0.00623421 0.04485227
v 0.03966 0.00747195 0.04256512
v 0.03966 0.00789999 0.04
v 0.03966 0.00747195 0.03743487
v 0.03966 0.00623421 0.03514772
v 0.03966 0.00432089 0.03338638
v 0.04408622 -0.00861891 0.03731694
v 0.04408622 -0.00900534 0.03937692
v 0.04408622 -0.00902687 0.04
v 0.04408622 -0.00853777 0.03706897
v 0.04408622 -0.00776783 0.03540161
v 0.04408622 -0.00493723 0.03244301
v 0.04408622 -0.00649799 0.03373418
v 0.04408622 -0.00712347 0.03445558
v 0.04408622 -0.00487783 0.03240453
v 0.04408622 -0.00299472 0.03148436
v 0.04408622 0.00074543 0.03100396
v 0.04408622 -0.00095015 0.03102327
v 0.04408622 -0.00221596 0.03124935
v 0.04408622 0.00114563 0.03104612
v 0.04408622 0.00317966 0.03155167
v 0.04408622 0.00362605 0.03173343
v 0.04408622 0.00504226 0.03251268
v 0.04408622 0.00786623 0.03557205
v 0.04408622 0.00663304 0.03387733
v 0.04408622 0.00611373 0.03335871
v 0.04408622 0.00793889 0.03570368
v 0.04408622 0.00867535 0.03750549
v 0.04408622 0.00890375 0.04148577
v 0.04408622 0.00901678 0.0395734
v 0.04408622 0.00890375 0.03851422
v 0.04408622 0.00887211 0.04166431
v 0.04408622 0.00824915 0.0436655
v 0.04408622 0.00793889 0.04429631
v 0.04408622 0.00718147 0.04546908
v 0.04408622 0.00396307 0.04811038
v 0.04408622 0.00572663 0.04697782
v 0.04408622 0.00611373 0.04664128
v 0.04408622 0.00362605 0.04826656
v 0.04408622 0.00198586 0.04880571
v 0.04408622 -0.00217737 0.04876032
v 0.04408622 -9.84E-05 0.04902633
v 0.04408622 0.00074543 0.04899603
v 0.04408622 -0.00221596 0.04875064
v 0.04408622 -0.00413895 0.04802205
v 0.04408622 -0.00712347 0.04554441
v 0.04408622 -0.00587739 0.04685131
v 0.04408622 -0.00493723 0.04755699
v 0.04408622 -0.00729899 0.04531121
v 0.04408622 -0.0083271 0.04348478
v 0.04408622 -0.00853777 0.04293101
v 0.04408622 -0.00890629 0.04147049
v 0.00910751 0.00026989 -0.00120001
v 0.00899271 0.00029273 -0.00120001
v 0.00889538 0.00035776 -0.00120001
v 0.00883035 0.00045509 -0.00120001
v 0.02005786 0.00041989 -0.00120001
v 0.01994806 0.00031009 -0.00120001
v 0.01979806 0.00026989 -0.00120001
v 0.0088477 0.00178424 -0.00120001
v 0.00895751 0.00189404 -0.00120001
v 0.00910751 0.00193424 -0.00120001
v 0.01979806 0.00193424 -0.00120001
v 0.01994806 0.00189404 -0.00120001
v 0.02005786 0.00178424 -0.00120001
v 0.04116001 0.00877862 0.0385351
v 0.04116001 0.00841777 0.03711017
v 0.04116001 0.00782732 0.03576406
v 0.04116001 0.00702335 0.0345335
v 0.04116001 0.00602781 0.03345205
v 0.04116001 0.00486784 0.03254921
v 0.04116001 0.00357509 0.03184961
v 0.04116001 0.00218482 0.03137233
v 0.04116001 0.00073496 0.03113039
v 0.04116001 -0.00073496 0.03113039
v 0.04116001 -0.00218482 0.03137233
v 0.04116001 -0.00357509 0.03184961
v 0.04116001 -0.00486784 0.03254921
v 0.04116001 -0.0060278 0.03345205
v 0.04116001 -0.00702335 0.0345335
v 0.04116001 -0.00782732 0.03576406
v 0.04116001 -0.00841777 0.03711017
v 0.04116001 -0.00877861 0.0385351
v 0.04116001 -0.0089 0.04
v 0.04116001 -0.00877861 0.04146489
v 0.04116001 -0.00841777 0.04288982
v 0.04116001 -0.00782732 0.04423593
v 0.04116001 -0.00702335 0.04546649
v 0.04116001 -0.00602781 0.04654794
v 0.04116001 -0.00486784 0.04745078
v 0.04116001 -0.00357509 0.04815038
v 0.04116001 -0.00218482 0.04862766
v 0.04116001 -0.00073496 0.04886959
v 0.04116001 0.00073496 0.04886959
v 0.04116001 0.00218482 0.04862766
v 0.04116001 0.00357509 0.04815038
v 0.04116001 0.00486784 0.04745077
v 0.04116001 0.00602781 0.04654794
v 0.04116001 0.00702335 0.04546649
v 0.04116001 0.00782732 0.04423593
v 0.04116001 0.00841777 0.04288982
v 0.04116001 0.00877862 0.04146489
v 0.04116001 0.0089 0.04
v 0.0440202 0.00400319 0.04819249
v 0.0440202 0.00578461 0.04704846
v 0.0439251 0.00582303 0.04709528
v 0.0440202 0.00896193 0.04168116
v 0.0440202 0.00910806 0.03956908
v 0.0439251 0.00916856 0.03956622
v 0.0440202 0.00115723 0.03095547
v 0.0440202 -0.00095977 0.03093239
v 0.0439251 -0.00096615 0.03087217
v 0.0440202 0.00876318 0.03748023
v 0.0440202 -0.00302503 0.03139815
v 0.0440202 -0.00219941 0.04884901
v 0.0440202 -9.94E-05 0.04911771
v 0.0440202 -0.00418085 0.04810327
v 0.0440202 -0.0059369 0.04692067
v 0.0440202 -0.00737289 0.04536498
v 0.0440202 -0.00899645 0.04148538
v 0.0440202 -0.0084114 0.04352006
v 0.0440202 -0.00909651 0.03937062
v 0.0440202 -0.00870616 0.03728978
v 0.0440202 -0.00784647 0.03535506
v 0.0440202 -0.00656377 0.03367074
v 0.0440202 -0.00492722 0.03232764
v 0.0440202 0.00321185 0.03146615
v 0.0440202 0.00509331 0.03243688
v 0.0440202 0.00670019 0.03381534
v 0.0440202 0.00794587 0.03552722
v 0.0440202 0.00725417 0.04552444
v 0.0440202 0.00833266 0.04370261
v 0.0440202 0.00200597 0.04889486
v 0.0439251 -0.00420862 0.04815709
v 0.0439251 -0.00597633 0.04696664
v 0.0439251 -0.00742185 0.04540062
v 0.0439251 -0.00846727 0.04354344
v 0.0439251 -0.00905621 0.04149524
v 0.0439251 -0.00915692 0.03936644
v 0.0439251 -0.00876399 0.03727178
v 0.0439251 -0.00789858 0.0353242
v 0.0439251 -0.00660737 0.0336287
v 0.0439251 -0.00495994 0.03227668
v 0.0439251 -0.00304513 0.03134102
v 0.0439251 0.00116492 0.0308954
v 0.0439251 0.00323318 0.03140946
v 0.0439251 0.00512714 0.03238665
v 0.0439251 0.0067447 0.03377426
v 0.0439251 0.00799865 0.03549752
v 0.0439251 0.00882138 0.03746349
v 0.0439251 0.00730235 0.04556114
v 0.0439251 0.008388 0.0437272
v 0.0439251 0.00902146 0.04169232
v 0.0439251 -0.00221402 0.04890779
v 0.0439251 -0.00010006 0.04917827
v 0.0439251 0.00201929 0.04895394
v 0.0439251 0.00402978 0.0482469
v 0.04381437 -0.00284296 0.04874972
v 0.04381437 -0.00848681 0.04355162
v 0.04381437 -0.00743898 0.04541308
v 0.04381437 -0.00599012 0.04698272
v 0.04381437 -0.00540762 0.04744295
v 0.04381437 -0.00421833 0.04817592
v 0.04381437 -0.00874972 0.04284295
v 0.04381437 -0.00791681 0.03531341
v 0.04381437 -0.00878422 0.03726548
v 0.04381437 -0.00917806 0.03936497
v 0.04381437 -0.0092 0.04
v 0.04381437 -0.00907711 0.04149869
v 0.04381437 -0.00744296 0.03459237
v 0.04381437 -0.00662262 0.033614
v 0.04381437 -0.00540762 0.03255704
v 0.04381437 -0.00497139 0.03225885
v 0.04381437 -0.00305216 0.03132103
v 0.04381437 -0.00284296 0.03125028
v 0.04381437 -0.00096838 0.0308511
v 0.04381437 0 0.03079999
v 0.04381437 0.00513897 0.03236907
v 0.04381437 0.00324064 0.03138964
v 0.04381437 0.00284296 0.03125028
v 0.04381437 0.0011676 0.03087439
v 0.04381437 0.00540762 0.03255704
v 0.04381437 0.00676026 0.0337599
v 0.04381437 0.00744296 0.03459237
v 0.04381437 0.00801711 0.03548712
v 0.04381437 0.00874972 0.03715704
v 0.04381437 0.00884174 0.03745764
v 0.04381437 0.00918972 0.03956522
v 0.04381437 0.0092 0.04
v 0.04381437 0.00904228 0.04169623
v 0.04381437 0.00874972 0.04284295
v 0.04381437 0.00840736 0.0437358
v 0.04381437 0.00744296 0.04540762
v 0.04381437 0.0073192 0.04557397
v 0.04381437 0.00583647 0.04711165
v 0.04381437 0.00540762 0.04744295
v 0.04381437 0.00403908 0.04826594
v 0.04381437 0.00284296 0.04874972
v 0.04381437 0.00202395 0.0489746
v 0.04381437 -0.00010029 0.04919945
v 0.04381437 -0.00221913 0.04892835
v 0.04166 -0.00702335 0.0345335
v 0.04166 -0.00841777 0.03711017
v 0.04166 -0.00486784 0.03254921
v 0.04166 -0.00218482 0.03137233
v 0.04166 0.00073496 0.03113039
v 0.04166 0.00357509 0.03184961
v 0.04166 0.00602781 0.03345205
v 0.04166 0.00782732 0.03576406
v 0.04166 0.00877862 0.0385351
v 0.04166 0.00877862 0.04146489
v 0.04166 0.00782732 0.04423593
v 0.04166 0.00602781 0.04654794
v 0.04166 0.00357509 0.04815038
v 0.04166 0.00073496 0.04886959
v 0.04166 -0.00218482 0.04862766
v 0.04166 -0.00486784 0.04745078
v 0.04166 -0.00702335 0.04546649
v 0.04166 -0.00841777 0.04288982
v 0.04166 -0.0089 0.04
v 0.04376 -0.0092 0.04
v 0.04376 -0.00874972 0.03715704
v 0.04376 -0.00744296 0.03459237
v 0.04376 -0.00540762 0.03255704
v 0.04376 -0.00284296 0.03125028
v 0.04376 0 0.03079999
v 0.04376 0.00284296 0.03125028
v 0.04376 0.00540762 0.03255704
v 0.04376 0.00744296 0.03459237
v 0.04376 0.00874972 0.03715704
v 0.04376 0.0092 0.04
v 0.04376 0.00874972 0.04284295
v 0.04376 0.00744296 0.04540762
v 0.04376 0.00540762 0.04744295
v 0.04376 0.00284296 0.04874972
v 0.04376 0 0.04919999
v 0.04376 -0.00284296 0.04874972
v 0.04376 -0.00540762 0.04744295
v 0.04376 -0.00744296 0.04540762
v 0.04376 -0.00874972 0.04284295
v 0.02022995 0.00186481 -0.01290001
v 0.02025278 0.00175 -0.01290001
v 0.02025278 0.00175 -0.00120001
v 0.02021259 0.0019 -0.01290001
v 0.02021259 0.0019 -0.00120001
v 0.02016491 0.00196213 -0.01290001
v 0.02010278 0.00200981 -0.00120001
v 0.02010278 0.00200981 -0.01290001
v 0.02006759 0.00202716 -0.01290001
v 0.01995278 0.00205 -0.00120001
v 0.01995278 0.00205 -0.01290001
v 0.02006759 -0.00202716 -0.01290001
v 0.01995278 -0.00205 -0.01290001
v 0.01995278 -0.00205 -0.00120001
v 0.02010278 -0.00200981 -0.01290001
v 0.02010278 -0.00200981 -0.00120001
v 0.02016491 -0.00196213 -0.01290001
v 0.02021259 -0.0019 -0.00120001
v 0.02021259 -0.0019 -0.01290001
v 0.02022995 -0.00186481 -0.01290001
v 0.02025278 -0.00175 -0.00120001
v 0.02025278 -0.00175 -0.01290001
v 0.00865278 -0.00175 -0.00120001
v 0.00865278 0.00175 -0.00120001
v 0.00895278 0.00205 -0.00120001
v 0.00880278 0.00200981 -0.00120001
v 0.00869298 0.0019 -0.00120001
v 0.00895278 -0.00205 -0.00120001
v 0.00880278 -0.00200981 -0.00120001
v 0.00869298 -0.0019 -0.00120001
v 0.00867562 -0.00186481 -0.01290001
v 0.00865278 -0.00175 -0.01290001
v 0.00869298 -0.0019 -0.01290001
v 0.00874065 -0.00196213 -0.01290001
v 0.00880278 -0.00200981 -0.01290001
v 0.00883798 -0.00202716 -0.01290001
v 0.00895278 -0.00205 -0.01290001
v 0.00883798 0.00202716 -0.01290001
v 0.00895278 0.00205 -0.01290001
v 0.00880278 0.00200981 -0.01290001
v 0.00874065 0.00196213 -0.01290001
v 0.00869298 0.0019 -0.01290001
v 0.00867562 0.00186481 -0.01290001
v 0.00865278 0.00175 -0.01290001
v 0.04166 0.00770548 0.03719543
v 0.04166 0.0082 0.04
v 0.04166 0.00770548 0.04280456
v 0.04166 0.00628156 0.04527085
v 0.04166 0.0041 0.0471014
v 0.04166 0.00142392 0.04807542
v 0.04166 -0.00142392 0.04807542
v 0.04166 -0.0041 0.0471014
v 0.04166 -0.00628156 0.04527085
v 0.04166 -0.00770548 0.04280456
v 0.04166 -0.0082 0.04
v 0.04166 -0.00770548 0.03719543
v 0.04166 -0.00628156 0.03472913
v 0.04166 -0.0041 0.03289859
v 0.04166 -0.00142392 0.03192457
v 0.04166 0.00142392 0.03192457
v 0.04166 0.0041 0.03289859
v 0.04166 0.00628156 0.03472913
v 0.04376 0.02085 0.05799999
v 0.04376 0.02085 0.02199999
v 0.04376 0.016 0.01714999
v 0.04376 -0.016 0.01714999
v 0.04376 -0.016 0.06284999
v 0.04376 0.016 0.06284999
v 0.04376 0.02079757 0.05942054
v 0.04376 0.02033675 0.06098503
v 0.04376 -0.02085 0.05799999
v 0.04376 -0.02085 0.02199999
v 0.04376 0.01800801 0.06269941
v 0.04376 0.01935389 0.06210546
v 0.04376 0.01743411 0.01720397
v 0.04376 0.01899545 0.0176689
v 0.04376 0.02070262 0.0200059
v 0.04376 0.0201124 0.01865569
v 0.04376 -0.02079757 0.02057945
v 0.04376 -0.02033675 0.01901496
v 0.04376 -0.01743411 0.06279602
v 0.04376 -0.01899545 0.06233108
v 0.04376 -0.01800801 0.01730058
v 0.04376 -0.01935389 0.01789453
v 0.04376 -0.02070262 0.05999409
v 0.04376 -0.0201124 0.0613443
v 0.00380007 0.01660024 0.05799999
v 0.02285993 0.01660024 0.05799999
v 0.00380007 0.01648636 0.05842499
v 0.02285993 0.01648636 0.05842499
v 0.00380007 0.01617524 0.05873612
v 0.02285993 0.01617524 0.05873612
v 0.00380007 0.01575024 0.05884999
v 0.02285993 0.01575024 0.05884999
v 0.00380007 0.01532524 0.05873612
v 0.02285993 0.01532524 0.05873612
v 0.00380007 0.01501411 0.05842499
v 0.02285993 0.01501411 0.05842499
v 0.00380007 0.01490024 0.05799999
v 0.02285993 0.01490024 0.05799999
v 0.00380007 0.01501411 0.05757499
v 0.02285993 0.01501411 0.05757499
v 0.00380007 0.01532524 0.05726387
v 0.02285993 0.01532524 0.05726387
v 0.00380007 0.01575024 0.05715
v 0.02285993 0.01575024 0.05715
v 0.00380007 0.01617524 0.05726387
v 0.02285993 0.01617524 0.05726387
v 0.00380007 0.01648636 0.05757499
v 0.02285993 0.01648636 0.05757499
v 0.01488071 -0.00392262 0.0145657
v 0.01402486 -0.00392262 0.0145657
v 0.01465605 -0.00414728 0.01027906
v 0.01424951 -0.00414728 0.01027906
v 0.01557778 -0.00194856 0.01985
v 0.01640134 -0.001125 0.01985
v 0.01445278 0 0.01985
v 0.01670278 0 0.01985
v 0.01640134 0.001125 0.01985
v 0.01250423 -0.001125 0.01985
v 0.01332778 -0.00194856 0.01985
v 0.01445278 -0.00225 0.01985
v 0.01332778 0.00194856 0.01985
v 0.01250423 0.001125 0.01985
v 0.01220278 0 0.01985
v 0.01557778 0.00194856 0.01985
v 0.01445278 0.00225 0.01985
v 0.04376 -0.00770548 0.04280456
v 0.04376 -0.00628156 0.04527085
v 0.04376 -0.0041 0.0471014
v 0.04376 -0.00142392 0.04807542
v 0.04376 0.00142392 0.04807542
v 0.04376 0.0041 0.0471014
v 0.04376 0.00628156 0.04527085
v 0.04376 0.00770548 0.04280456
v 0.04376 0.0082 0.04
v 0.04376 0.00770548 0.03719543
v 0.04376 0.00628156 0.03472913
v 0.04376 0.0041 0.03289859
v 0.04376 0.00142392 0.03192457
v 0.04376 -0.00142392 0.03192457
v 0.04376 -0.0041 0.03289859
v 0.04376 -0.00628156 0.03472913
v 0.04376 -0.00770548 0.03719543
v 0.04376 -0.0082 0.04
v 0.04326 -0.016 0.01714999
v 0.04326 -0.01800801 0.01730058
v 0.04326 -0.01935389 0.01789453
v 0.04326 -0.02033675 0.01901496
v 0.04326 -0.02079757 0.02057945
v 0.04326 -0.02085 0.02199999
v 0.04326 -0.02085 0.05799999
v 0.04326 -0.02070262 0.05999409
v 0.04326 -0.0201124 0.0613443
v 0.04326 -0.01899545 0.06233108
v 0.04326 -0.01743411 0.06279602
v 0.04326 -0.016 0.06284999
v 0.04326 0.016 0.06284999
v 0.04326 0.01800801 0.06269941
v 0.04326 0.01935389 0.06210546
v 0.04326 0.02033675 0.06098503
v 0.04326 0.02079757 0.05942054
v 0.04326 0.02085 0.05799999
v 0.04326 0.02085 0.02199999
v 0.04326 0.02070262 0.0200059
v 0.04326 0.0201124 0.01865569
v 0.04326 0.01899545 0.0176689
v 0.04326 0.01743411 0.01720397
v 0.04326 0.016 0.01714999
v 0.0035 0.01475423 0.05857504
v 0.0035 0.01517519 0.058996
v 0.0035 0.01575024 0.05915008
v 0.0035 0.01632528 0.058996
v 0.0035 0.01674624 0.05857504
v 0.0035 0.01690033 0.05799999
v 0.0035 0.01674624 0.05742495
v 0.0035 0.01632528 0.05700399
v 0.0035 0.01575024 0.0568499
v 0.0035 0.01517519 0.05700399
v 0.0035 0.01475423 0.05742495
v 0.0035 0.01460015 0.05799999
v 0.02316 0.01674624 0.05857504
v 0.02316 0.01632528 0.058996
v 0.02316 0.01575024 0.05915008
v 0.02316 0.01517519 0.058996
v 0.02316 0.01475423 0.05857504
v 0.02316 0.01460015 0.05799999
v 0.02316 0.01475423 0.05742495
v 0.02316 0.01517519 0.05700399
v 0.02316 0.01575024 0.0568499
v 0.02316 0.01632528 0.05700399
v 0.02316 0.01674624 0.05742495
v 0.02316 0.01690033 0.05799999
v 0.01995278 0.00205723 -0.01293734
v 0.00895278 0.00205723 -0.01293734
v 0.01995278 0.00206111 -0.01294581
v 0.00895278 0.00206111 -0.01294581
v 0.01995278 0.00207788 -0.01296928
v 0.00895278 0.00207788 -0.01296928
v 0.01995278 0.00209197 -0.01298144
v 0.00895278 0.00209197 -0.01298144
v 0.02026001 -0.00175 -0.01293734
v 0.02026001 0.00175 -0.01293734
v 0.02026389 -0.00175 -0.01294581
v 0.02026389 0.00175 -0.01294581
v 0.02028066 -0.00175 -0.01296928
v 0.02028066 0.00175 -0.01296928
v 0.02029475 -0.00175 -0.01298144
v 0.02029475 0.00175 -0.01298144
v 0.02023663 0.00186757 -0.01293734
v 0.0202557 0.00187547 -0.01296928
v 0.02027335 0.00187675 -0.01298334
v 0.02025446 0.00192372 -0.0129855
v 0.02018463 0.00198184 -0.01296928
v 0.02023623 0.00196095 -0.01298845
v 0.02007826 0.00205292 -0.01296928
v 0.02006476 0.0020753 -0.01298288
v 0.02013596 0.00204724 -0.01298611
v 0.02016371 0.00203346 -0.01298845
v 0.02020709 0.00200231 -0.01299087
v 0.02017003 0.00196724 -0.01293734
v 0.02007036 0.00203384 -0.01293734
v 0.02015811 0.00221441 -0.01284214
v 0.0201566 0.0022321 -0.01280251
v 0.02026563 0.00221141 -0.01279501
v 0.0204377 0.00195352 -0.01279432
v 0.02042968 0.00199237 -0.0128079
v 0.02045278 0.00195 -0.0127005
v 0.02026563 0.00205201 -0.01295907
v 0.02036391 0.00202821 -0.01289876
v 0.0203151 0.00195961 -0.01295261
v 0.02026563 0.00196058 -0.01297826
v 0.02039488 0.00195671 -0.01287753
v 0.02036205 0.00195817 -0.0129153
v 0.02042968 0.00205858 -0.01273976
v 0.02042968 0.00206546 -0.0127005
v 0.02036391 0.00215043 -0.01277297
v 0.02036391 0.00216313 -0.0127005
v 0.02026563 0.00222797 -0.0127005
v 0.02015278 0.00225 -0.0127005
v 0.02016221 0.00211871 -0.01294839
v 0.02016338 0.00206003 -0.01297939
v 0.02042968 0.00203281 -0.01278095
v 0.02036391 0.00210286 -0.01284901
v 0.02026563 0.00214937 -0.0128942
v 0.02015946 0.00219241 -0.01287712
v 0.01995278 -0.00206111 -0.01294581
v 0.01995278 -0.00205723 -0.01293734
v 0.02007036 -0.00203384 -0.01293734
v 0.02016372 -0.00203346 -0.01298845
v 0.02007826 -0.00205292 -0.01296928
v 0.02018463 -0.00198184 -0.01296928
v 0.02007528 -0.00207199 -0.0129832
v 0.01995278 -0.00209197 -0.01298144
v 0.01995278 -0.00207788 -0.01296928
v 0.0202557 -0.00187547 -0.01296928
v 0.02027808 -0.00186198 -0.01298288
v 0.02025002 -0.00193317 -0.01298611
v 0.02023625 -0.00196093 -0.01298845
v 0.02020508 -0.00200432 -0.01299087
v 0.02017003 -0.00196725 -0.01293734
v 0.02023663 -0.00186757 -0.01293734
v 0.0201563 -0.00223492 -0.01279431
v 0.02021051 -0.00222689 -0.01280049
v 0.02015278 -0.00225 -0.0127005
v 0.0203027 -0.00195988 -0.01296017
v 0.02016335 -0.00206284 -0.01297827
v 0.02029177 -0.00206284 -0.01294122
v 0.02016238 -0.00211232 -0.01295261
v 0.02025935 -0.00216113 -0.01288507
v 0.02016094 -0.00215927 -0.01291529
v 0.02015948 -0.0021921 -0.01287752
v 0.02041254 -0.00195565 -0.01285049
v 0.02041719 -0.00195533 -0.01284214
v 0.02039351 -0.00206284 -0.01283948
v 0.0204425 -0.0019529 -0.01277834
v 0.0203215 -0.00195942 -0.01294839
v 0.02039519 -0.00195667 -0.01287712
v 0.02025277 -0.00222689 -0.01275823
v 0.02026824 -0.00222689 -0.0127005
v 0.02033736 -0.00216113 -0.01280706
v 0.02036591 -0.00216113 -0.0127005
v 0.02043075 -0.00206284 -0.0127005
v 0.02045278 -0.00195 -0.0127005
v 0.00895278 -0.00205723 -0.01293734
v 0.00895278 -0.00206111 -0.01294581
v 0.00895278 -0.00207788 -0.01296928
v 0.00895278 -0.00209197 -0.01298144
v 0.00864154 -0.00175 -0.01294607
v 0.00864555 -0.00175 -0.01293734
v 0.00866894 -0.00186757 -0.01293734
v 0.00866933 -0.00196094 -0.01298845
v 0.00864986 -0.00187547 -0.01296928
v 0.00872094 -0.00198184 -0.01296928
v 0.00863079 -0.0018725 -0.0129832
v 0.00861081 -0.00175 -0.01298144
v 0.00862491 -0.00175 -0.01296928
v 0.00882731 -0.00205292 -0.01296928
v 0.0088408 -0.0020753 -0.01298288
v 0.00876961 -0.00204724 -0.01298611
v 0.00874185 -0.00203346 -0.01298845
v 0.00869847 -0.0020023 -0.01299087
v 0.00873554 -0.00196725 -0.01293734
v 0.00883521 -0.00203384 -0.01293734
v 0.00874988 -0.00223972 -0.01277834
v 0.00875014 -0.00224147 -0.01277149
v 0.00863994 -0.00222007 -0.01276627
v 0.00846786 -0.00195351 -0.01279431
v 0.00847589 -0.00198835 -0.0128094
v 0.00845278 -0.00195 -0.0127005
v 0.00863994 -0.00204234 -0.01296268
v 0.00854165 -0.0020208 -0.01290152
v 0.00859046 -0.0019596 -0.01295261
v 0.00863994 -0.00196057 -0.01297827
v 0.00851068 -0.0019567 -0.01287752
v 0.00854351 -0.00195816 -0.01291529
v 0.00847589 -0.00206218 -0.01272782
v 0.00847562 -0.0020648 -0.0127005
v 0.00854165 -0.00215708 -0.01275093
v 0.00854065 -0.00216213 -0.0127005
v 0.00863798 -0.00222716 -0.0127005
v 0.00875278 -0.00225 -0.0127005
v 0.00874516 -0.00217237 -0.01290174
v 0.00874611 -0.00219241 -0.01287712
v 0.00863994 -0.00215611 -0.01288701
v 0.00874745 -0.00221441 -0.01284214
v 0.00874336 -0.00211871 -0.01294839
v 0.00874204 -0.00204959 -0.01298328
v 0.00847589 -0.00203561 -0.01277797
v 0.00854165 -0.00210803 -0.0128435
v 0.00861081 0.00175 -0.01298144
v 0.00862491 0.00175 -0.01296928
v 0.00864154 0.00175 -0.01294607
v 0.00864555 0.00175 -0.01293734
v 0.00883521 0.00203384 -0.01293734
v 0.00882731 0.00205292 -0.01296928
v 0.00872094 0.00198184 -0.01296928
v 0.00874184 0.00203346 -0.01298845
v 0.00883028 0.00207199 -0.0129832
v 0.00864986 0.00187547 -0.01296928
v 0.00862748 0.00186198 -0.01298288
v 0.00865359 0.00192907 -0.01298583
v 0.00866932 0.00196093 -0.01298845
v 0.00870048 0.00200432 -0.01299087
v 0.00873554 0.00196725 -0.01293734
v 0.00866894 0.00186757 -0.01293734
v 0.00848837 0.00195533 -0.01284214
v 0.00846996 0.00195374 -0.0128005
v 0.00849071 0.00206284 -0.01279315
v 0.00874927 0.00223492 -0.01279431
v 0.00871019 0.00222689 -0.01280781
v 0.00875278 0.00225 -0.0127005
v 0.00865025 0.00206284 -0.01295886
v 0.00867417 0.00216113 -0.0128986
v 0.00874319 0.00211232 -0.01295261
v 0.00874221 0.00206284 -0.01297827
v 0.00874608 0.0021921 -0.01287752
v 0.00874462 0.00215927 -0.01291529
v 0.00864393 0.00222689 -0.01273898
v 0.00863798 0.00222716 -0.0127005
v 0.00855184 0.00216113 -0.01277154
v 0.00854065 0.00216213 -0.0127005
v 0.00847562 0.00206481 -0.0127005
v 0.00845278 0.00195 -0.0127005
v 0.00858407 0.00195942 -0.01294839
v 0.00864219 0.00196059 -0.01297917
v 0.00866961 0.00222689 -0.01278057
v 0.00859924 0.00216113 -0.01284831
v 0.00855253 0.00206284 -0.01289328
v 0.00851037 0.00195667 -0.01287712
v 0.01362541 -0.00432208 0.0145657
v 0.01385006 -0.00454673 0.01027906
v 0.0136548 -0.0041707 0.01457045
v 0.01387433 -0.00441064 0.0102732
v 0.01374199 -0.00403922 0.01457217
v 0.01387981 -0.00439647 0.01027275
v 0.0139665 -0.0042656 0.01027043
v 0.01411343 -0.00417154 0.0102732
v 0.01387347 -0.00395202 0.01457045
v 0.01424951 -0.00417082 0.01016328
v 0.01417628 -0.00418488 0.01014604
v 0.01424951 -0.00418272 0.01013416
v 0.0138794 -0.00454673 0.01014829
v 0.01390976 -0.00454673 0.01008888
v 0.013935 -0.00440581 0.01009695
v 0.01400882 -0.00427276 0.01013564
v 0.01411972 -0.00418192 0.01019965
v 0.01424951 -0.00415081 0.01024299
v 0.01424951 -0.00420623 0.01009009
v 0.01411324 -0.00427822 0.01003668
v 0.01424951 -0.00428043 0.01000152
v 0.01397417 -0.00454673 0.01000984
v 0.01405684 -0.00454673 0.00994946
v 0.01407119 -0.00441293 0.00996788
v 0.01411739 -0.00454673 0.00992245
v 0.01424951 -0.00435174 0.00995074
v 0.01424951 -0.00441581 0.00992202
v 0.01424951 -0.00454673 0.00989999
v 0.01465605 -0.00454673 0.00989999
v 0.01465605 -0.00441581 0.00992202
v 0.01465605 -0.00435174 0.00995074
v 0.01465605 -0.00428043 0.01000152
v 0.01465605 -0.00420623 0.01009009
v 0.01465605 -0.00418273 0.01013416
v 0.01465605 -0.00417081 0.01016329
v 0.01465605 -0.00415081 0.01024301
v 0.01472929 -0.00418488 0.01014604
v 0.01479084 -0.00454673 0.00992339
v 0.01484874 -0.00454673 0.00994947
v 0.01483439 -0.00441293 0.00996789
v 0.01503153 -0.00441144 0.01027323
v 0.01502576 -0.00439647 0.01027274
v 0.01497058 -0.00440581 0.01009698
v 0.01493945 -0.00426599 0.01027043
v 0.01489676 -0.00427276 0.01013567
v 0.01479487 -0.00417255 0.01027311
v 0.01478586 -0.00418192 0.01019966
v 0.01505551 -0.00454673 0.01027906
v 0.01502648 -0.00454673 0.01014905
v 0.01499583 -0.00454673 0.01008891
v 0.01493272 -0.00454673 0.0100111
v 0.01479234 -0.00427822 0.01003669
v 0.0150347 -0.00395309 0.01457051
v 0.01506745 -0.00396845 0.01457118
v 0.01516489 -0.00404055 0.01457217
v 0.01520943 -0.0040942 0.01457182
v 0.01525112 -0.00417157 0.01457043
v 0.01527389 -0.00425066 0.01456824
v 0.01528016 -0.00432208 0.0145657
v 0.01363027 -0.00416069 0.0146748
v 0.01360283 -0.00432208 0.01466517
v 0.01356566 -0.00413432 0.01477086
v 0.01353232 -0.00432208 0.01476761
v 0.01347162 -0.00409594 0.01483232
v 0.01342633 -0.00432208 0.01483266
v 0.01360102 -0.00389826 0.0148329
v 0.013632 -0.00374361 0.01484999
v 0.01340959 -0.00399001 0.01484999
v 0.01402486 -0.00372355 0.01483265
v 0.01402486 -0.00362304 0.01484999
v 0.01394876 -0.00362735 0.01484999
v 0.01402486 -0.00390005 0.01466516
v 0.01386346 -0.00392749 0.0146748
v 0.01402486 -0.00382954 0.01476761
v 0.01383709 -0.00386289 0.01477086
v 0.0137987 -0.00376884 0.01483232
v 0.0136731 -0.00397033 0.01477202
v 0.01372284 -0.00402006 0.01467637
v 0.01332582 -0.00432208 0.01485
v 0.01488071 -0.00372355 0.01483265
v 0.0148807 -0.00362304 0.01485
v 0.01488071 -0.00382954 0.01476761
v 0.01488071 -0.00390005 0.01466516
v 0.01527567 -0.00416162 0.01467478
v 0.01534033 -0.0041354 0.01477084
v 0.01523411 -0.00397199 0.01477202
v 0.01530216 -0.00432208 0.01466378
v 0.01518414 -0.00402149 0.01467637
v 0.0150449 -0.00392861 0.01467485
v 0.01521262 -0.00370672 0.01484999
v 0.01511078 -0.00377039 0.01483234
v 0.01537749 -0.00383 0.01484999
v 0.01530652 -0.00390026 0.0148329
v 0.01545918 -0.00392923 0.01484999
v 0.01543447 -0.00409724 0.01483231
v 0.01557539 -0.00424587 0.01484999
v 0.01548066 -0.00432208 0.01483316
v 0.01557975 -0.00432208 0.01485
v 0.01537324 -0.00432208 0.01476761
v 0.01507173 -0.00386417 0.0147709
v 0.01360283 -0.00443949 0.01466517
v 0.0136254 -0.00443949 0.0145657
v 0.01332582 -0.00443949 0.01485
v 0.01342633 -0.00443949 0.01483266
v 0.01353232 -0.00443949 0.01476761
v 0.01640134 0.001125 0.01484999
v 0.01557778 0.00194856 0.01484999
v 0.01445278 0.00225 0.01484999
v 0.01332778 0.00194856 0.01484999
v 0.01250423 0.001125 0.01484999
v 0.01220278 0 0.01484999
v 0.01250423 -0.001125 0.01484999
v 0.01332778 -0.00194856 0.01484999
v 0.01445278 -0.00225 0.01484999
v 0.01557778 -0.00194856 0.01484999
v 0.01640134 -0.001125 0.01484999
v 0.01670278 0 0.01484999
v 0.01528016 -0.00443949 0.0145657
v 0.01528423 -0.00443949 0.0146016
v 0.01557975 -0.00443947 0.01485
v 0.01549187 -0.00443948 0.01483684
v 0.01544678 -0.00443949 0.01481892
v 0.01530346 -0.00443949 0.01466688
v 0.01533731 -0.00443949 0.01472669
v 0.01537324 -0.00443949 0.01476761
v 0.04376 -0.00071844 0.03132971
v 0.04376 -0.00349475 0.03203277
v 0.04376 -0.00589235 0.0335992
v 0.04376 -0.00765142 0.03585925
v 0.04376 -0.00858134 0.03856802
v 0.04376 -0.00858134 0.04143197
v 0.04376 -0.00765142 0.04414074
v 0.04376 -0.00589235 0.04640079
v 0.04376 -0.00349475 0.04796722
v 0.04376 -0.00071844 0.04867028
v 0.04376 0.00213572 0.04843378
v 0.04376 0.00475845 0.04728334
v 0.04376 0.00686552 0.04534364
v 0.04376 0.00822861 0.04282488
v 0.04376 0.0087 0.04
v 0.04376 0.00822861 0.03717511
v 0.04376 0.00686552 0.03465635
v 0.04376 0.00475845 0.03271665
v 0.04376 0.00213572 0.03156621
v 0.00380007 -0.01489976 0.02199999
v 0.02285993 -0.01489976 0.02199999
v 0.00380007 -0.01501364 0.02242499
v 0.02285993 -0.01501364 0.02242499
v 0.00380007 -0.01532476 0.02273612
v 0.02285993 -0.01532476 0.02273612
v 0.00380007 -0.01574976 0.02284999
v 0.02285993 -0.01574976 0.02284999
v 0.00380007 -0.01617476 0.02273612
v 0.02285993 -0.01617476 0.02273612
v 0.00380007 -0.01648588 0.02242499
v 0.02285993 -0.01648588 0.02242499
v 0.00380007 -0.01659976 0.02199999
v 0.02285993 -0.01659976 0.02199999
v 0.00380007 -0.01648588 0.02157499
v 0.02285993 -0.01648588 0.02157499
v 0.00380007 -0.01617476 0.02126387
v 0.02285993 -0.01617476 0.02126387
v 0.00380007 -0.01574976 0.02114999
v 0.02285993 -0.01574976 0.02114999
v 0.00380007 -0.01532476 0.02126387
v 0.02285993 -0.01532476 0.02126387
v 0.00380007 -0.01501364 0.02157499
v 0.02285993 -0.01501364 0.02157499
v 0.04326 -0.016 0.06334999
v 0.04326 -0.01799941 0.06321272
v 0.04326 -0.0194803 0.06262416
v 0.04326 -0.02061354 0.06149693
v 0.04326 -0.021222 0.0599533
v 0.04326 -0.02135 0.05799999
v 0.04326 -0.02135 0.02199999
v 0.04326 -0.02121286 0.02000119
v 0.04326 -0.02062428 0.01851982
v 0.04326 -0.01949742 0.01738687
v 0.04326 -0.01795465 0.01677832
v 0.04326 -0.016 0.01664999
v 0.04326 0.016 0.01664999
v 0.04326 0.01799941 0.01678726
v 0.04326 0.0194803 0.01737582
v 0.04326 0.02061354 0.01850306
v 0.04326 0.021222 0.02004668
v 0.04326 0.02135 0.02199999
v 0.04326 0.02135 0.05799999
v 0.04326 0.02121286 0.0599988
v 0.04326 0.02062428 0.06148017
v 0.04326 0.01949742 0.06261312
v 0.04326 0.01795465 0.06322167
v 0.04326 0.016 0.06334999
v 0.0035 0.01575024 0.0594
v 0.0035 0.01645024 0.05921243
v 0.0035 0.01696267 0.0587
v 0.0035 0.01715024 0.05799999
v 0.0035 0.01696267 0.05729999
v 0.0035 0.01645024 0.05678756
v 0.0035 0.01575024 0.05659999
v 0.0035 0.01505024 0.05678756
v 0.0035 0.0145378 0.05729999
v 0.0035 0.01435024 0.05799999
v 0.0035 0.0145378 0.0587
v 0.0035 0.01505024 0.05921243
v 0.02316 0.0145378 0.0587
v 0.02316 0.01435024 0.05799999
v 0.02316 0.0145378 0.05729999
v 0.02316 0.01505024 0.05678756
v 0.02316 0.01575024 0.05659999
v 0.02316 0.01645024 0.05678756
v 0.02316 0.01696267 0.05729999
v 0.02316 0.01715024 0.05799999
v 0.02316 0.01696267 0.0587
v 0.02316 0.01645024 0.05921243
v 0.02316 0.01575024 0.0594
v 0.02316 0.01505024 0.05921243
v 0.02223743 0.00510251 0.01432585
v 0.0221857 0.00517551 0.01433529
v 0.02210666 0.00504062 0.0145041
v 0.02191154 0.00520604 0.01448296
v 0.02183296 0.00506323 0.01462447
v 0.02189719 0.00501283 0.01463896
v 0.02231508 0.00496343 0.01423526
v 0.02236365 0.00498873 0.01408753
v 0.02233624 0.00512095 0.01410838
v 0.02226312 0.00531033 0.0138849
v 0.02224149 0.00527183 0.01412019
v 0.02180305 0.00484736 0.01473707
v 0.02139208 0.00443929 0.01484999
v 0.02155844 0.00453916 0.01483609
v 0.02149224 0.00460632 0.01483598
v 0.02165587 0.00459589 0.01481463
v 0.0215927 0.00478004 0.01479022
v 0.02170188 0.00467438 0.01479853
v 0.02164825 0.00487796 0.01474874
v 0.02168698 0.00494674 0.01471179
v 0.02177284 0.00510038 0.01460048
v 0.02190442 0.00534054 0.0142837
v 0.02185088 0.00524185 0.01444683
v 0.02179008 0.00513142 0.01457196
v 0.02202965 0.0054321 0.0138849
v 0.02195278 0.00543888 0.0138849
v 0.02201551 0.00540096 0.01409983
v 0.02194438 0.00541707 0.01406057
v 0.02197428 0.00532215 0.01430653
v 0.02191857 0.00536705 0.01422367
v 0.02235904 0.00516604 0.0138849
v 0.02239166 0.005 0.0138849
v 0.02206791 0.00482827 0.01458723
v 0.02209992 0.00484602 0.01455656
v 0.02215423 0.0049674 0.01448584
v 0.02218634 0.00489362 0.01445783
v 0.02219647 0.00489916 0.01444436
v 0.0217979 0.004677 0.01476403
v 0.02173245 0.00463982 0.01479035
v 0.02169857 0.00462044 0.01480193
v 0.02211882 0.00540626 0.0138849
v 0.02209568 0.0053745 0.01411112
v 0.02204937 0.00528803 0.01432473
v 0.02198094 0.00516313 0.01450182
v 0.02212153 0.00523857 0.01433481
v 0.02204754 0.00510719 0.0145094
v 0.02195874 0.00495212 0.01463984
v 0.02229319 0.00495171 0.01428397
v 0.02227387 0.0050245 0.01430738
v 0.02201327 0.00488409 0.01462569
v 0.02205298 0.00481997 0.01460064
v 0.02193804 0.00475584 0.01468793
v 0.0218604 0.00478457 0.01472879
v 0.02189882 0.00473387 0.0147122
v 0.00685027 0.00528465 0.01432585
v 0.00677727 0.00523291 0.01433529
v 0.00691216 0.00515388 0.0145041
v 0.00674674 0.00495875 0.01448296
v 0.00688955 0.00488017 0.01462446
v 0.00693995 0.0049444 0.01463896
v 0.00699277 0.00535658 0.01424866
v 0.00696506 0.00541089 0.01408744
v 0.00683183 0.00538345 0.01410838
v 0.00664245 0.00531033 0.0138849
v 0.00668095 0.0052887 0.01412019
v 0.00710541 0.00485027 0.01473707
v 0.00751349 0.00443929 0.01484999
v 0.0074138 0.00460586 0.01483606
v 0.00734646 0.00453945 0.01483598
v 0.00735768 0.00470238 0.01481482
v 0.00717274 0.00463991 0.01479022
v 0.00727839 0.00474909 0.01479853
v 0.00707479 0.00469549 0.01474872
v 0.00700604 0.0047342 0.01471179
v 0.0068524 0.00482006 0.01460048
v 0.00661224 0.00495163 0.0142837
v 0.00671091 0.00489811 0.01444681
v 0.00682472 0.00483544 0.01457516
v 0.00652069 0.00507685 0.0138849
v 0.0065139 0.005 0.0138849
v 0.00655182 0.00506272 0.01409983
v 0.00653572 0.00499159 0.01406057
v 0.00663063 0.00502148 0.01430653
v 0.00678675 0.00540626 0.0138849
v 0.00695278 0.00543888 0.0138849
v 0.00712489 0.00511465 0.01458767
v 0.00711087 0.00513993 0.0145637
v 0.00698538 0.00520144 0.01448584
v 0.00705921 0.00523362 0.01445774
v 0.00705393 0.00524323 0.01444497
v 0.00727613 0.00484512 0.01476403
v 0.00731326 0.00477981 0.0147903
v 0.00733914 0.00473461 0.01480546
v 0.00654652 0.00516604 0.0138849
v 0.00657828 0.00514288 0.01411112
v 0.00666474 0.00509658 0.01432473
v 0.00678964 0.00502815 0.01450181
v 0.0067142 0.00516874 0.01433481
v 0.00684558 0.00509475 0.0145094
v 0.00700066 0.00500595 0.01463984
v 0.00700125 0.00534049 0.01428381
v 0.00692828 0.00532109 0.01430739
v 0.00706869 0.00506049 0.01462569
v 0.00713288 0.00510028 0.01460056
v 0.0071973 0.004985 0.0146881
v 0.0071682 0.00490761 0.01472879
v 0.0072191 0.00494618 0.01471212
v 0.02139214 -0.00443939 0.01484999
v 0.02164739 -0.00459018 0.0148169
v 0.02172264 -0.00463356 0.01479384
v 0.02205317 -0.00482022 0.01460047
v 0.02173313 -0.00463959 0.01479011
v 0.02189962 -0.00473424 0.01471173
v 0.02231967 -0.00496544 0.01422408
v 0.02229315 -0.00495142 0.01428406
v 0.02239166 -0.005 0.0138849
v 0.0065139 -0.005 0.0138849
v 0.00653766 -0.0049906 0.01406938
v 0.00654162 -0.00498858 0.01408629
v 0.00658656 -0.00496486 0.01422571
v 0.00661301 -0.00495097 0.0142853
v 0.0067128 -0.00489722 0.01444934
v 0.00671884 -0.00489391 0.01445731
v 0.00673046 -0.00488753 0.01447222
v 0.00682415 -0.00483575 0.01457462
v 0.00683549 -0.00482943 0.01458524
v 0.00685276 -0.00481977 0.01460079
v 0.00696984 -0.00475387 0.01468943
v 0.00700594 -0.00473347 0.01471173
v 0.00706819 -0.00469826 0.01474547
v 0.00710988 -0.00467465 0.01476501
v 0.00717284 -0.00463888 0.01479025
v 0.00734723 -0.00453859 0.01483611
v 0.00751347 -0.0044394 0.01484999
v 0.00724529 -0.00459749 0.01481341
v 0.02013245 0.00213145 -0.01294133
v 0.02012471 0.00220551 -0.01285999
v 0.02011501 0.00224495 -0.01275798
v 0.01995278 0.00223085 -0.01282264
v 0.01995278 0.00225 -0.01271716
v 0.01997434 0.00225 -0.01271683
v 0.01995278 0.00217583 -0.01291465
v 0.02004764 0.00216628 -0.01291966
v 0.0200381 0.00222678 -0.01282795
v 0.02002698 0.00224986 -0.01272118
v 0.02002572 0.00225 -0.01271255
v 0.0201098 0.00225 -0.01270413
v 0.00895278 0.00225 -0.01271716
v 0.00895278 0.00223085 -0.01282264
v 0.00895278 0.00217583 -0.01291465
v 0.00879208 0.00220891 -0.01285545
v 0.0088029 0.00224609 -0.0127527
v 0.00878338 0.00213705 -0.01293799
v 0.0088604 0.00225 -0.01271051
v 0.00885769 0.0022494 -0.01272934
v 0.00884547 0.00222259 -0.01283512
v 0.00883518 0.00215928 -0.01292422
v 0.02033424 -0.00192967 -0.01294133
v 0.0204083 -0.00192193 -0.01285999
v 0.02044773 -0.00191223 -0.01275798
v 0.02043363 -0.00175 -0.01282264
v 0.02045278 -0.00175 -0.01271716
v 0.02045278 -0.00177156 -0.01271683
v 0.02037861 -0.00175 -0.01291465
v 0.02036906 -0.00184486 -0.01291966
v 0.02042956 -0.00183531 -0.01282795
v 0.02045265 -0.0018242 -0.01272118
v 0.02045278 -0.00182294 -0.01271255
v 0.02045278 -0.00190701 -0.01270413
v 0.02045278 0.00175 -0.01271716
v 0.02043363 0.00175 -0.01282264
v 0.02037861 0.00175 -0.01291465
v 0.02041169 0.0019107 -0.01285545
v 0.02044887 0.00189988 -0.01275271
v 0.02045278 0.00184238 -0.01271051
v 0.02045218 0.00184509 -0.01272934
v 0.02042538 0.00185731 -0.01283512
v 0.02036206 0.0018676 -0.01292422
v 0.02033983 0.0019194 -0.01293799
v 0.02015278 0.00225 -0.00100001
v 0.02026759 0.00222716 -0.00100001
v 0.02036492 0.00216213 -0.00100001
v 0.02042995 0.00206481 -0.00100001
v 0.02045278 0.00195 -0.00100001
v 0.02045278 -0.00195 -0.00100001
v 0.02043075 -0.00206284 -0.00100001
v 0.02036591 -0.00216113 -0.00100001
v 0.02026824 -0.00222689 -0.00100001
v 0.02015278 -0.00225 -0.00100001
v 0.02011348 -0.00220891 -0.01285545
v 0.02010266 -0.00224609 -0.0127527
v 0.02012218 -0.00213705 -0.01293799
v 0.01995278 -0.00217224 -0.01291868
v 0.02004513 -0.00224998 -0.01271005
v 0.01995278 -0.00225 -0.01271716
v 0.02004787 -0.0022494 -0.01272934
v 0.01995278 -0.00223269 -0.01281758
v 0.0200601 -0.00222259 -0.01283512
v 0.02007039 -0.00215928 -0.01292422
v 0.00895278 -0.00217224 -0.01291868
v 0.00895278 -0.00225 -0.01271716
v 0.00895278 -0.00223269 -0.01281758
v 0.00885792 -0.00216628 -0.01291966
v 0.00877311 -0.00213145 -0.01294133
v 0.00878085 -0.00220551 -0.01285999
v 0.00879056 -0.00224495 -0.01275798
v 0.00893122 -0.00225004 -0.01271694
v 0.00886747 -0.00222678 -0.01282795
v 0.00887859 -0.00224986 -0.01272118
v 0.00887989 -0.00224998 -0.01271193
v 0.00879578 -0.00224998 -0.01270408
v 0.00875278 -0.00225 -0.00100001
v 0.00863798 -0.00222716 -0.00100001
v 0.00854065 -0.00216213 -0.00100001
v 0.00847562 -0.0020648 -0.00100001
v 0.00845278 -0.00195 -0.00100001
v 0.00849388 -0.0019107 -0.01285545
v 0.00845669 -0.00189988 -0.0127527
v 0.00856573 -0.0019194 -0.01293799
v 0.00853054 -0.00175 -0.01291868
v 0.0084528 -0.00184234 -0.01271005
v 0.00845278 -0.00175 -0.01271716
v 0.00845339 -0.00184509 -0.01272934
v 0.00847009 -0.00175 -0.01281758
v 0.00848019 -0.00185731 -0.01283512
v 0.0085435 -0.0018676 -0.01292422
v 0.00853054 0.00175 -0.01291868
v 0.00845278 0.00175 -0.01271716
v 0.00847009 0.00175 -0.01281758
v 0.00856888 0.00192528 -0.01293987
v 0.00849567 0.00191708 -0.01285781
v 0.00845729 0.00190685 -0.01275545
v 0.00845275 0.00177157 -0.01271694
v 0.0084528 0.00190162 -0.01270455
v 0.00845294 0.00182585 -0.01272175
v 0.00847629 0.00183709 -0.01282845
v 0.00853702 0.00184673 -0.01292
v 0.0084528 0.00182443 -0.01271177
v 0.00845278 0.00195 -0.00100001
v 0.00847562 0.00206481 -0.00100001
v 0.00854065 0.00216213 -0.00100001
v 0.00863798 0.00222716 -0.00100001
v 0.00875278 0.00225 -0.00100001
v 0.00666813 -0.00510255 0.01432583
v 0.00671988 -0.00517555 0.01433527
v 0.0067989 -0.00504067 0.01450408
v 0.00699405 -0.00520608 0.01448292
v 0.00707262 -0.00506329 0.01462442
v 0.00700838 -0.0050129 0.01463893
v 0.00741328 -0.0046064 0.01483597
v 0.00710251 -0.00484744 0.01473705
v 0.00731281 -0.00478009 0.0147902
v 0.00720368 -0.00467447 0.01479852
v 0.00725709 -0.0048783 0.01474857
v 0.00721854 -0.00494678 0.01471177
v 0.0071327 -0.00510041 0.01460045
v 0.00705459 -0.00524201 0.01444662
v 0.00700114 -0.00534055 0.01428368
v 0.00687597 -0.0054321 0.0138849
v 0.00695278 -0.00543888 0.0138849
v 0.0068901 -0.00540097 0.01409981
v 0.00696119 -0.00541707 0.01406056
v 0.00693133 -0.00532218 0.01430649
v 0.0066641 -0.00527186 0.01412017
v 0.00656933 -0.00512097 0.01410837
v 0.00664099 -0.00530887 0.0138849
v 0.00654613 -0.00516508 0.0138849
v 0.00675133 -0.00496745 0.01448582
v 0.00678388 -0.00540507 0.0138849
v 0.00680993 -0.00537452 0.0141111
v 0.00685622 -0.00528807 0.0143247
v 0.00692465 -0.00516319 0.01450178
v 0.00678406 -0.00523861 0.01433478
v 0.00685804 -0.00510725 0.01450937
v 0.00694683 -0.00495219 0.01463981
v 0.00663169 -0.00502453 0.01430737
v 0.00689229 -0.00488415 0.01462568
v 0.00704516 -0.00478465 0.01472878
v 0.01360454 -0.00470748 0.01462072
v 0.01362972 -0.004769 0.01448335
v 0.01361393 -0.00499695 0.01444157
v 0.01364136 -0.00501716 0.01426137
v 0.01362875 -0.00518597 0.01415868
v 0.01365776 -0.00513467 0.01394833
v 0.01364193 -0.0052433 0.01389278
v 0.01366081 -0.00513905 0.01389012
v 0.0134463 -0.0053531 0.01421494
v 0.01342817 -0.00512178 0.01456112
v 0.01333674 -0.00513425 0.01456923
v 0.01336122 -0.00543884 0.01388489
v 0.01346275 -0.00542095 0.01388959
v 0.01334918 -0.00536991 0.01421648
v 0.01334579 -0.00532606 0.01431259
v 0.01341667 -0.00476755 0.01478035
v 0.0133269 -0.00465399 0.01482672
v 0.01332834 -0.0047734 0.0147926
v 0.01333475 -0.00507233 0.01462428
v 0.01357188 -0.00535186 0.0138929
v 0.01355704 -0.00528804 0.01419512
v 0.0135402 -0.00507319 0.01451666
v 0.01352952 -0.00474417 0.01472029
v 0.01385006 -0.00526514 0.01027906
v 0.01424951 -0.00528833 0.0099
v 0.01410294 -0.00528662 0.00992782
v 0.01406298 -0.0052855 0.00994615
v 0.01397412 -0.0052816 0.0100099
v 0.01392051 -0.00527777 0.01007249
v 0.01388548 -0.005274 0.01013424
v 0.01385236 -0.00526677 0.01025242
v 0.01465606 -0.00528833 0.0099
v 0.01505551 -0.00526515 0.01027906
v 0.01502047 -0.00527395 0.01013507
v 0.0149994 -0.00527642 0.01009479
v 0.01493276 -0.00528153 0.01001115
v 0.01486543 -0.00528471 0.00995918
v 0.01480517 -0.00528656 0.00992883
v 0.01468237 -0.00528827 0.00990086
v 0.01526441 -0.00501428 0.0142653
v 0.01527598 -0.00476379 0.01448598
v 0.01524791 -0.00513437 0.01395028
v 0.01524475 -0.00513904 0.0138899
v 0.02205529 -0.00528468 0.01432582
v 0.02212828 -0.00523295 0.01433526
v 0.02199341 -0.00515392 0.01450406
v 0.02215883 -0.00495882 0.01448294
v 0.02201603 -0.00488025 0.01462444
v 0.02196563 -0.00494447 0.01463893
v 0.02191622 -0.00536229 0.01423527
v 0.02194151 -0.00541087 0.01408752
v 0.02207373 -0.00538346 0.01410836
v 0.02226312 -0.00531033 0.0138849
v 0.0222246 -0.00528873 0.01412017
v 0.02180018 -0.00485034 0.01473704
v 0.02149204 -0.00460572 0.01483608
v 0.02154881 -0.00470322 0.01481459
v 0.02162721 -0.00474918 0.01479851
v 0.02235373 -0.00506278 0.01409982
v 0.02227493 -0.00502155 0.01430652
v 0.02211882 -0.00540626 0.0138849
v 0.02195278 -0.00543888 0.0138849
v 0.02178107 -0.00511516 0.01458719
v 0.02179878 -0.0051471 0.01455659
v 0.0219202 -0.00520147 0.0144858
v 0.02184641 -0.00523358 0.01445779
v 0.02185196 -0.00524371 0.01444432
v 0.02162991 -0.00484523 0.01476398
v 0.02159269 -0.00477971 0.01479034
v 0.02157335 -0.00474589 0.0148019
v 0.02235904 -0.00516604 0.0138849
v 0.02232726 -0.00514294 0.01411111
v 0.02224081 -0.00509664 0.01432471
v 0.02211592 -0.00502821 0.01450179
v 0.02219135 -0.00516879 0.01433478
v 0.02205998 -0.0050948 0.01450937
v 0.02190492 -0.00500601 0.0146398
v 0.0219045 -0.00534042 0.01428395
v 0.02197729 -0.0053211 0.01430735
v 0.0218369 -0.00506054 0.01462565
v 0.02177278 -0.00510024 0.0146006
v 0.0217087 -0.00498533 0.01468788
v 0.02173739 -0.00490768 0.01472876
v 0.02168671 -0.00494608 0.01471218
v 0.01540403 -0.00540371 0.01389095
v 0.0154422 -0.00542073 0.01388957
v 0.01545925 -0.00535319 0.01421471
v 0.01557471 -0.00491678 0.01472874
v 0.01557723 -0.00477357 0.01479254
v 0.01548889 -0.00476761 0.01478033
v 0.01530103 -0.00470752 0.0146207
v 0.01537605 -0.00474422 0.01472027
v 0.01555663 -0.0053672 0.0142233
v 0.01556304 -0.00527094 0.01440559
v 0.01554861 -0.00542822 0.01399966
v 0.01554434 -0.00543884 0.0138849
v 0.01533168 -0.00534986 0.01389282
v 0.01534851 -0.00528813 0.01419491
v 0.0152973 -0.00530823 0.01389314
v 0.01527681 -0.00518605 0.0141585
v 0.01526285 -0.0052412 0.01389257
v 0.01529163 -0.00499704 0.01444148
v 0.01536536 -0.00507329 0.01451656
v 0.01547739 -0.00512189 0.01456101
v 0.01556895 -0.0051308 0.01457255
v 0.01524995 -0.00519417 0.01389158
v 0.04176 0.00803945 0.04275994
v 0.04176 0.00670769 0.0452208
v 0.04176 0.00464906 0.04711591
v 0.04176 0.00208663 0.0482399
v 0.04176 -0.00070192 0.04847096
v 0.04176 -0.00341441 0.04778407
v 0.04176 -0.00575689 0.04625365
v 0.04176 -0.00747553 0.04404555
v 0.04176 -0.00838407 0.04139905
v 0.04176 -0.00838407 0.03860094
v 0.04176 -0.00747553 0.03595444
v 0.04176 -0.00575689 0.03374634
v 0.04176 -0.00341441 0.03221592
v 0.04176 -0.00070192 0.03152903
v 0.04176 0.00208663 0.03176009
v 0.04176 0.00464906 0.03288408
v 0.04176 0.00670769 0.03477919
v 0.04176 0.00803945 0.03724005
v 0.04176 0.0085 0.04
v 0.0035 -0.01674577 0.02257504
v 0.0035 -0.01632481 0.022996
v 0.0035 -0.01574976 0.02315008
v 0.0035 -0.01517472 0.022996
v 0.0035 -0.01475376 0.02257504
v 0.0035 -0.01459967 0.02199999
v 0.0035 -0.01475376 0.02142495
v 0.0035 -0.01517472 0.02100399
v 0.0035 -0.01574976 0.0208499
v 0.0035 -0.01632481 0.02100399
v 0.0035 -0.01674577 0.02142495
v 0.0035 -0.01689985 0.02199999
v 0.02316 -0.01475376 0.02257504
v 0.02316 -0.01517472 0.022996
v 0.02316 -0.01574976 0.02315008
v 0.02316 -0.01632481 0.022996
v 0.02316 -0.01674577 0.02257504
v 0.02316 -0.01689985 0.02199999
v 0.02316 -0.01674577 0.02142495
v 0.02316 -0.01632481 0.02100399
v 0.02316 -0.01574976 0.0208499
v 0.02316 -0.01517472 0.02100399
v 0.02316 -0.01475376 0.02142495
v 0.02316 -0.01459967 0.02199999
v 0.01397629 -0.00454673 0.01017609
v 0.01396795 -0.00454673 0.01019644
v 0.01397812 -0.00449181 0.01018453
v 0.01395262 -0.00454673 0.0102569
v 0.0139951 -0.00454673 0.01014102
v 0.01404813 -0.00444452 0.01010251
v 0.01404979 -0.00454673 0.01007614
v 0.01410407 -0.00454673 0.01003761
v 0.01414916 -0.00441299 0.01005091
v 0.01415133 -0.00454673 0.01001652
v 0.01424951 -0.00454673 0.00999999
v 0.01424951 -0.00440223 0.01003709
v 0.01424951 -0.00429231 0.01014102
v 0.01394992 -0.00454673 0.01028429
v 0.01399033 -0.00439717 0.01027857
v 0.01397591 -0.00444938 0.01022474
v 0.01403867 -0.00433447 0.01027782
v 0.01404404 -0.00436621 0.01017673
v 0.01409995 -0.00428755 0.01027857
v 0.01414382 -0.00431085 0.01014771
v 0.01413682 -0.00426945 0.01027956
v 0.01424951 -0.00424714 0.01028429
v 0.01465605 -0.00424714 0.01028429
v 0.01465605 -0.00424984 0.0102569
v 0.01465605 -0.00426517 0.01019644
v 0.01465605 -0.00427351 0.01017609
v 0.01465605 -0.00429231 0.01014102
v 0.01465605 -0.00454673 0.00999999
v 0.01465605 -0.00444854 0.01001652
v 0.01465605 -0.00440129 0.01003761
v 0.01465605 -0.00434701 0.01007614
v 0.01400237 -0.004 0.01499999
v 0.01385251 -0.00404011 0.01499999
v 0.01379048 -0.0040877 0.01499999
v 0.01374289 -0.00414973 0.01499999
v 0.01370278 -0.00429959 0.01499999
v 0.04176 -0.02135 0.05799999
v 0.04176 -0.02135 0.02199999
v 0.04176 -0.021222 0.0599533
v 0.04176 -0.02061354 0.06149693
v 0.04176 -0.0194803 0.06262416
v 0.04176 -0.01799941 0.06321272
v 0.04176 -0.016 0.06334999
v 0.04176 0.016 0.06334999
v 0.04176 0.01795465 0.06322167
v 0.04176 0.01949742 0.06261312
v 0.04176 0.02062428 0.06148017
v 0.04176 0.02121286 0.0599988
v 0.04176 0.02135 0.05799999
v 0.04176 0.02135 0.02199999
v 0.04176 0.021222 0.02004668
v 0.04176 0.02061354 0.01850306
v 0.04176 0.0194803 0.01737582
v 0.04176 0.01799941 0.01678726
v 0.04176 0.016 0.01664999
v 0.04176 -0.016 0.01664999
v 0.04176 -0.01795465 0.01677832
v 0.04176 -0.01949742 0.01738687
v 0.04176 -0.02062428 0.01851982
v 0.04176 -0.02121286 0.02000119
v 0.02155993 -0.01501364 0.05842499
v 0.02186 -0.01475376 0.05857504
v 0.02155993 -0.01532476 0.05873612
v 0.02186 -0.01517472 0.058996
v 0.02155993 -0.01574976 0.05884999
v 0.02186 -0.01574976 0.05915008
v 0.02155993 -0.01617476 0.05873612
v 0.02186 -0.01632481 0.058996
v 0.02155993 -0.01648588 0.05842499
v 0.02186 -0.01674577 0.05857504
v 0.02155993 -0.01659976 0.05799999
v 0.02186 -0.01689985 0.05799999
v 0.02155993 -0.01648588 0.05757499
v 0.02186 -0.01674577 0.05742495
v 0.02155993 -0.01617476 0.05726387
v 0.02186 -0.01632481 0.05700399
v 0.02155993 -0.01574976 0.05715
v 0.02186 -0.01574976 0.0568499
v 0.02155993 -0.01532476 0.05726387
v 0.02186 -0.01517472 0.05700399
v 0.02155993 -0.01501364 0.05757499
v 0.02186 -0.01475376 0.05742495
v 0.02155993 -0.01489976 0.05799999
v 0.02186 -0.01459967 0.05799999
v 0.0053 0.0145378 0.0587
v 0.0053 0.01505024 0.05921243
v 0.0053 0.01575024 0.0594
v 0.0053 0.01645024 0.05921243
v 0.0053 0.01696267 0.0587
v 0.0053 0.01715024 0.05799999
v 0.0053 0.01696267 0.05729999
v 0.0053 0.01645024 0.05678756
v 0.0053 0.01575024 0.05659999
v 0.0053 0.01505024 0.05678756
v 0.0053 0.0145378 0.05729999
v 0.0053 0.01435024 0.05799999
v 0.02186 0.01696267 0.0587
v 0.02186 0.01645024 0.05921243
v 0.02186 0.01575024 0.0594
v 0.02186 0.01505024 0.05921243
v 0.02186 0.0145378 0.0587
v 0.02186 0.01435024 0.05799999
v 0.02186 0.0145378 0.05729999
v 0.02186 0.01505024 0.05678756
v 0.02186 0.01575024 0.05659999
v 0.02186 0.01645024 0.05678756
v 0.02186 0.01696267 0.05729999
v 0.02186 0.01715024 0.05799999
v 0.00695278 0.00595867 -0.00100001
v 0.00599411 0.005 -0.00100001
v 0.00606537 0.00536269 -0.00100001
v 0.0062749 0.00567788 -0.00100001
v 0.0065901 0.00588742 -0.00100001
v 0.02291145 0.005 -0.00100001
v 0.02195278 0.00595867 -0.00100001
v 0.02231547 0.00588742 -0.00100001
v 0.02263067 0.00567788 -0.00100001
v 0.0228402 0.00536269 -0.00100001
v 0.02291145 -0.005 -0.00100001
v 0.00599411 -0.005 -0.00100001
v 0.00606451 -0.0053606 -0.00100001
v 0.00627171 -0.00567468 -0.00100001
v 0.00658383 -0.00588483 -0.00100001
v 0.00695278 -0.00595867 -0.00100001
v 0.01383118 -0.0053694 0.01028172
v 0.01355047 -0.00556498 0.01027383
v 0.013652 -0.00554705 0.01027853
v 0.01376112 -0.00547796 0.01028184
v 0.01386539 -0.00538293 0.0101289
v 0.0138029 -0.00548584 0.01010404
v 0.01391007 -0.00549348 0.00994982
v 0.01395811 -0.00539055 0.00999684
v 0.01409413 -0.00539559 0.00990926
v 0.01424951 -0.00538995 0.00988226
v 0.01370843 -0.00555317 0.01006337
v 0.01365198 -0.00557643 0.00994592
v 0.0138381 -0.00556083 0.00987636
v 0.01376754 -0.00558143 0.00980275
v 0.01402981 -0.00556591 0.00975188
v 0.01388213 -0.00558451 0.0097147
v 0.01424951 -0.00556687 0.0097114
v 0.01417031 -0.00558798 0.00961526
v 0.01424951 -0.00558815 0.00961046
v 0.01424951 -0.00549673 0.0098158
v 0.01406829 -0.00549854 0.00984725
v 0.01465606 -0.00538995 0.00988226
v 0.01465606 -0.00558815 0.00961046
v 0.01465606 -0.00556687 0.0097114
v 0.01465606 -0.00549673 0.0098158
v 0.01481412 -0.00539554 0.00991034
v 0.01484041 -0.00549848 0.00984851
v 0.01499711 -0.00549341 0.00995139
v 0.01494884 -0.00539048 0.00999818
v 0.01504057 -0.00538289 0.01012977
v 0.01507341 -0.00536674 0.01028167
v 0.01487955 -0.00556584 0.00975342
v 0.01499788 -0.00558503 0.00969972
v 0.01506942 -0.00556076 0.00987826
v 0.01514033 -0.00558135 0.00980496
v 0.01519767 -0.00555312 0.01006461
v 0.01524579 -0.00557687 0.0099334
v 0.01525092 -0.00554608 0.01027863
v 0.01534828 -0.00556728 0.01020801
v 0.01535509 -0.00556498 0.01027383
v 0.01514244 -0.00547596 0.01028187
v 0.01510311 -0.00548579 0.01010506
v 0.02195278 -0.00595867 -0.00100001
v 0.0228402 -0.00536269 -0.00100001
v 0.02263067 -0.00567788 -0.00100001
v 0.02231547 -0.00588742 -0.00100001
v 0.04176 -0.01984037 0.05799999
v 0.04176 -0.01984037 0.02199999
v 0.04176 -0.01941535 0.06056432
v 0.04176 -0.0190464 0.06104576
v 0.04176 -0.016 0.01815963
v 0.04176 0.01984037 0.02199999
v 0.04176 0.01984037 0.05799999
v 0.04176 -0.01982739 0.02112236
v 0.04176 -0.01787678 0.01830764
v 0.04176 -0.0185489 0.01857592
v 0.04176 0.016 0.01815963
v 0.04176 -0.01856354 0.06141566
v 0.04176 -0.01795989 0.06166964
v 0.04176 -0.016 0.06184036
v 0.04176 -0.01966981 0.0599594
v 0.04176 -0.01705022 0.01818249
v 0.04176 -0.01864363 0.0186327
v 0.04176 -0.01916169 0.01907834
v 0.04176 -0.01925969 0.01920014
v 0.04176 0.01966745 0.02003242
v 0.04176 0.0194097 0.01942595
v 0.04176 0.01903616 0.01894405
v 0.04176 0.01793515 0.01832335
v 0.04176 0.01854726 0.01857498
v 0.04176 0.01982739 0.05887763
v 0.04176 -0.01962072 0.01988569
v 0.04176 -0.019799 0.02073574
v 0.04176 0.01787678 0.06169235
v 0.04176 0.0185489 0.06142407
v 0.04176 0.016 0.06184036
v 0.04176 0.01705022 0.0618175
v 0.04176 0.01864363 0.06136729
v 0.04176 0.01916169 0.06092165
v 0.04176 0.01925969 0.06079985
v 0.04176 0.01962072 0.06011429
v 0.04176 0.019799 0.05926425
v 0.00560007 0.01660024 0.02199999
v 0.02155993 0.01660024 0.02199999
v 0.00560007 0.01648636 0.02242499
v 0.02155993 0.01648636 0.02242499
v 0.00560007 0.01617524 0.02273612
v 0.02155993 0.01617524 0.02273612
v 0.00560007 0.01575024 0.02284999
v 0.02155993 0.01575024 0.02284999
v 0.00560007 0.01532524 0.02273612
v 0.02155993 0.01532524 0.02273612
v 0.00560007 0.01501411 0.02242499
v 0.02155993 0.01501411 0.02242499
v 0.00560007 0.01490024 0.02199999
v 0.02155993 0.01490024 0.02199999
v 0.00560007 0.01501411 0.02157499
v 0.02155993 0.01501411 0.02157499
v 0.00560007 0.01532524 0.02126387
v 0.02155993 0.01532524 0.02126387
v 0.00560007 0.01575024 0.02114999
v 0.02155993 0.01575024 0.02114999
v 0.00560007 0.01617524 0.02126387
v 0.02155993 0.01617524 0.02126387
v 0.00560007 0.01648636 0.02157499
v 0.02155993 0.01648636 0.02157499
v 0.0035 -0.01434976 0.02199999
v 0.0035 -0.01453733 0.02129999
v 0.0035 -0.01504976 0.02078756
v 0.0035 -0.01574976 0.02059999
v 0.0035 -0.01644976 0.02078756
v 0.0035 -0.0169622 0.02129999
v 0.0035 -0.01714976 0.02199999
v 0.0035 -0.0169622 0.02269999
v 0.0035 -0.01644976 0.02321243
v 0.0035 -0.01574976 0.02339999
v 0.0035 -0.01504976 0.02321243
v 0.0035 -0.01453733 0.02269999
v 0.02316 -0.01453733 0.02269999
v 0.02316 -0.01504976 0.02321243
v 0.02316 -0.01574976 0.02339999
v 0.02316 -0.01644976 0.02321243
v 0.02316 -0.0169622 0.02269999
v 0.02316 -0.01714976 0.02199999
v 0.02316 -0.0169622 0.02129999
v 0.02316 -0.01644976 0.02078756
v 0.02316 -0.01574976 0.02059999
v 0.02316 -0.01504976 0.02078756
v 0.02316 -0.01453733 0.02129999
v 0.02316 -0.01434976 0.02199999
v 0.01394992 -0.0055 0.01028429
v 0.0139951 -0.0055 0.01014102
v 0.01410407 -0.0055 0.01003761
v 0.01424951 -0.0055 0.00999999
v 0.01370278 -0.0055 0.01499999
v 0.01465605 -0.0055 0.00999999
v 0.01471098 -0.00427534 0.01018453
v 0.01475826 -0.00434535 0.01010251
v 0.0147898 -0.00444638 0.01005091
v 0.01480055 -0.00454673 0.01003709
v 0.01491047 -0.00454673 0.01014102
v 0.01480561 -0.00428755 0.01027857
v 0.0147534 -0.00427312 0.01022474
v 0.01486831 -0.00433588 0.01027782
v 0.01483657 -0.00434126 0.01017673
v 0.01491523 -0.00439717 0.01027857
v 0.01489193 -0.00444104 0.01014771
v 0.01493333 -0.00443404 0.01027956
v 0.01495564 -0.00454673 0.01028429
v 0.01490319 -0.004 0.01499999
v 0.04176 0.02099759 0.01887893
v 0.04176 0.02024776 0.06219112
v 0.04176 0.02131041 0.01975139
v 0.04176 0.02147031 0.02080399
v 0.04176 0.0215 0.02200362
v 0.04176 0.01955101 0.06275705
v 0.04176 0.01912687 0.06299435
v 0.04176 0.0214335 0.05957605
v 0.04176 0.02149275 0.05873808
v 0.04176 0.0215 0.0579969
v 0.04176 -0.01912619 0.01700525
v 0.04176 -0.0209976 0.06112101
v 0.04176 -0.01900252 0.06305236
v 0.04176 -0.01860885 0.06320561
v 0.04176 0.02120391 0.06061393
v 0.04176 0.02105139 0.06100481
v 0.04176 0.02058894 0.06179356
v 0.04176 0.01900248 0.01694755
v 0.04176 0.01860879 0.01679429
v 0.04176 -0.02105111 0.01899454
v 0.04176 -0.0212037 0.01938542
v 0.04176 -0.01979195 0.06259029
v 0.04176 -0.02019228 0.06224662
v 0.04176 -0.02075756 0.06155018
v 0.04176 -0.01672799 0.06349305
v 0.04176 -0.01756923 0.06343434
v 0.04176 0.0197919 0.0174096
v 0.04176 0.02019226 0.01775329
v 0.04176 0.02075754 0.01844973
v 0.04176 0.01672778 0.0165069
v 0.04176 0.01756916 0.01656559
v 0.04176 -0.02058855 0.01820587
v 0.04176 -0.02024727 0.01780832
v 0.04176 -0.01955042 0.01724251
v 0.04176 -0.02149271 0.02126081
v 0.04176 -0.0214334 0.02042312
v 0.04176 0.0182526 0.06330936
v 0.04176 0.01719694 0.06347031
v 0.04176 0.0159964 0.06349999
v 0.04176 -0.0159969 0.06349999
v 0.04176 -0.01825186 0.01669038
v 0.04176 -0.01719712 0.01652965
v 0.04176 -0.01599647 0.0165
v 0.04176 0.01599697 0.01649999
v 0.04176 -0.02131042 0.06024856
v 0.04176 -0.02147031 0.05919599
v 0.04176 -0.0215 0.05799637
v 0.04176 -0.0215 0.02200309
v 0.01986 -0.01696676 0.0597724
v 0.01986 -0.01634976 0.06006458
v 0.0133 -0.01623526 0.05997674
v 0.0133 -0.01742777 0.05915217
v 0.0133 -0.01772651 0.05848549
v 0.01986 -0.01781435 0.05859999
v 0.0133 -0.01690194 0.05967801
v 0.01986 -0.01752217 0.05921699
v 0.0133 -0.01489976 0.05799999
v 0.0133 -0.01501364 0.05842499
v 0.0133 -0.01532476 0.05873612
v 0.0133 -0.01574976 0.05884999
v 0.0133 -0.01617476 0.05873612
v 0.0133 -0.01648588 0.05842499
v 0.0133 -0.01659976 0.05799999
v 0.0133 -0.01648588 0.05757499
v 0.0133 -0.01617476 0.05726387
v 0.0133 -0.01574976 0.05715
v 0.0133 -0.01532476 0.05726387
v 0.0133 -0.01501364 0.05757499
v 0.02186 -0.01574976 0.06011508
v 0.02186 -0.01680731 0.05983172
v 0.02186 -0.01758149 0.05905754
v 0.02186 -0.01786485 0.05799999
v 0.02186 -0.01758149 0.05694245
v 0.02186 -0.01680731 0.05616827
v 0.02186 -0.01574976 0.05588491
v 0.02186 -0.01469222 0.05616827
v 0.02186 -0.01391804 0.05694245
v 0.02186 -0.01363467 0.05799999
v 0.02186 -0.01391804 0.05905754
v 0.02186 -0.01469222 0.05983172
v 0.0053 0.01410838 0.05894792
v 0.0053 0.01480231 0.05964185
v 0.0053 0.01575024 0.05989585
v 0.0053 0.01669816 0.05964185
v 0.0053 0.0173921 0.05894792
v 0.0053 0.01764609 0.05799999
v 0.0053 0.0173921 0.05705207
v 0.0053 0.01669816 0.05635814
v 0.0053 0.01575024 0.05610414
v 0.0053 0.01480231 0.05635814
v 0.0053 0.01410838 0.05705207
v 0.0053 0.01385438 0.05799999
v 0.02186 0.01680778 0.05983172
v 0.02186 0.01575024 0.06011508
v 0.02186 0.01469269 0.05983172
v 0.02186 0.01391851 0.05905754
v 0.02186 0.01363515 0.05799999
v 0.02186 0.01391851 0.05694245
v 0.02186 0.01469269 0.05616827
v 0.02186 0.01575024 0.05588491
v 0.02186 0.01680778 0.05616827
v 0.02186 0.01758196 0.05694245
v 0.02186 0.01786533 0.05799999
v 0.02186 0.01758196 0.05905754
v 0.02150534 0.00570131 0.00636997
v 0.02150534 0.00595867 -0.00100001
v 0.00740023 0.00595867 -0.00100001
v 0.00740023 0.00570131 0.00636997
v 0.01145278 0.00570131 0.00636997
v 0.01145278 0.00566184 0.00749999
v 0.01745278 0.00566184 0.00749999
v 0.01745278 0.00570131 0.00636997
v 0.00745278 0.00545837 -0.00100001
v 0.00745278 0.00520344 0.0063
v 0.01145278 0.00520344 0.0063
v 0.01745278 0.00520344 0.0063
v 0.02145278 0.00520344 0.0063
v 0.02145278 0.00545837 -0.00100001
v 0.02150534 -0.00595867 -0.00100001
v 0.02145278 -0.00545837 -0.00100001
v 0.00740023 -0.00595867 -0.00100001
v 0.00745278 -0.00545837 -0.00100001
v 0.00745278 -0.00520344 0.0063
v 0.00740023 -0.00570131 0.00636997
v 0.01145278 -0.00570131 0.00636997
v 0.01145278 -0.00520344 0.0063
v 0.02150534 -0.00570131 0.00636997
v 0.01745278 -0.00570131 0.00636997
v 0.02145278 -0.00520344 0.0063
v 0.01745278 -0.00520344 0.0063
v 0.01745278 -0.00566184 0.00749999
v 0.01145278 -0.00566184 0.00749999
v 0.03776 -0.01987113 0.01998218
v 0.03776 -0.02005 0.02199999
v 0.03776 -0.0195969 0.01933107
v 0.03776 -0.01866908 0.01840317
v 0.03776 -0.01919425 0.01880559
v 0.03776 -0.016 0.01794999
v 0.03776 -0.01801775 0.01812883
v 0.03966 -0.01995043 0.03729999
v 0.03776 -0.02005 0.05799999
v 0.04116 -0.01987181 0.03729999
v 0.04116 -0.01987181 0.04269999
v 0.03966 -0.01995043 0.04269999
v 0.03776 -0.016 0.06205
v 0.03776 -0.0180178 0.06187111
v 0.03776 -0.01866872 0.06159701
v 0.03776 -0.01919459 0.06119403
v 0.03776 -0.01959676 0.06066939
v 0.03776 -0.01987126 0.06001737
v 0.03776 0.016 0.06205
v 0.039665 0.0027 0.06195016
v 0.039665 -0.0027 0.06195016
v 0.041165 0.0027 0.06187155
v 0.041165 -0.0027 0.06187155
v 0.03776 0.01987113 0.06001781
v 0.03776 0.02005 0.05799999
v 0.03776 0.0195969 0.06066892
v 0.03776 0.01866908 0.06159681
v 0.03776 0.01919425 0.0611944
v 0.03776 0.01801775 0.06187116
v 0.03776 0.02005 0.02199999
v 0.03966 0.01995043 0.03729999
v 0.03966 0.01995043 0.04269999
v 0.04116 0.01987181 0.03729999
v 0.04116 0.01987181 0.04269999
v 0.03776 0.01799142 0.01812141
v 0.03776 0.016 0.01794999
v 0.03776 0.01865106 0.01839284
v 0.03776 0.01918342 0.01879485
v 0.03776 0.01959062 0.01932006
v 0.03776 0.01986874 0.01997389
v 0.041165 -0.0027 0.01812844
v 0.041165 0.0027 0.01812844
v 0.039665 -0.0027 0.01804983
v 0.039665 0.0027 0.01804983
v 0.02186 0.01674624 0.02257504
v 0.02186 0.01632528 0.022996
v 0.02186 0.01575024 0.02315008
v 0.02186 0.01517519 0.022996
v 0.02186 0.01475423 0.02257504
v 0.02186 0.01460015 0.02199999
v 0.02186 0.01475423 0.02142495
v 0.02186 0.01517519 0.02100399
v 0.02186 0.01575024 0.0208499
v 0.02186 0.01632528 0.02100399
v 0.02186 0.01674624 0.02142495
v 0.02186 0.01690033 0.02199999
v 0.0053 0.01475423 0.02257504
v 0.0053 0.01517519 0.022996
v 0.0053 0.01575024 0.02315008
v 0.0053 0.01632528 0.022996
v 0.0053 0.01674624 0.02257504
v 0.0053 0.01690033 0.02199999
v 0.0053 0.01674624 0.02142495
v 0.0053 0.01632528 0.02100399
v 0.0053 0.01575024 0.0208499
v 0.0053 0.01517519 0.02100399
v 0.0053 0.01475423 0.02142495
v 0.0053 0.01460015 0.02199999
v 0.0053 -0.0169622 0.02269999
v 0.0053 -0.01644976 0.02321243
v 0.0053 -0.01574976 0.02339999
v 0.0053 -0.01504976 0.02321243
v 0.0053 -0.01453733 0.02269999
v 0.0053 -0.01434976 0.02199999
v 0.0053 -0.01453733 0.02129999
v 0.0053 -0.01504976 0.02078756
v 0.0053 -0.01574976 0.02059999
v 0.0053 -0.01644976 0.02078756
v 0.0053 -0.0169622 0.02129999
v 0.0053 -0.01714976 0.02199999
v 0.02186 -0.01453733 0.02269999
v 0.02186 -0.01504976 0.02321243
v 0.02186 -0.01574976 0.02339999
v 0.02186 -0.01644976 0.02321243
v 0.02186 -0.0169622 0.02269999
v 0.02186 -0.01714976 0.02199999
v 0.02186 -0.0169622 0.02129999
v 0.02186 -0.01644976 0.02078756
v 0.02186 -0.01574976 0.02059999
v 0.02186 -0.01504976 0.02078756
v 0.02186 -0.01453733 0.02129999
v 0.02186 -0.01434976 0.02199999
v 0.01520278 -0.0055 0.01499999
v 0.01495564 -0.0055 0.01028429
v 0.0148015 -0.0055 0.01003761
v 0.01491047 -0.0055 0.01014102
v 0.01516267 -0.00414973 0.01499999
v 0.01520278 -0.00429959 0.01499999
v 0.01511509 -0.0040877 0.01499999
v 0.01505305 -0.00404011 0.01499999
v 0.04532523 -0.02159336 0.05799621
v 0.04532523 -0.02159337 0.02200367
v 0.04532523 -0.01599618 0.06359336
v 0.04532523 -0.01731479 0.06355486
v 0.04532523 -0.01853686 0.0633269
v 0.04532523 -0.02089687 0.06150286
v 0.04532523 -0.02028587 0.06228529
v 0.04532523 -0.01949793 0.06289971
v 0.04532523 -0.02132381 0.06054648
v 0.04532523 -0.0215538 0.05932526
v 0.04532523 0.01599624 0.06359336
v 0.04532523 0.02159337 0.05799631
v 0.04532523 0.02155465 0.05931713
v 0.04532523 0.02132654 0.06053802
v 0.04532523 0.0195005 0.06289817
v 0.04532523 0.02028544 0.06228577
v 0.04532523 0.02089911 0.06149896
v 0.04532523 0.01854446 0.0633245
v 0.04532523 0.0173261 0.06355379
v 0.04532523 0.02159336 0.02200378
v 0.04532523 0.01599641 0.01640663
v 0.04532523 0.01731475 0.01644508
v 0.04532523 0.01853688 0.01667303
v 0.04532523 0.02089692 0.01849718
v 0.04532523 0.02028595 0.01771472
v 0.04532523 0.01949801 0.01710026
v 0.04532523 0.02132382 0.01945356
v 0.04532523 0.0215538 0.02067475
v 0.04532523 -0.01599632 0.01640663
v 0.04532523 -0.02155466 0.02068287
v 0.04532523 -0.02132656 0.01946201
v 0.04532523 -0.01950057 0.0171018
v 0.04532523 -0.02028552 0.01771425
v 0.04532523 -0.02089916 0.01850107
v 0.04532523 -0.01854449 0.01667543
v 0.04532523 -0.01732606 0.01644615
v 0.01986 -0.021 0.05585
v 0.01986 -0.021 0.0574
v 0.01986 -0.01781435 0.0574
v 0.01986 -0.01740634 0.0566295
v 0.01986 -0.01659474 0.056023
v 0.01986 -0.01574976 0.05585
v -0.00108 -0.0209 0.03279999
v -0.00108 -0.0209 0.03349999
v -0.00058 -0.0206 0.03279999
v -8E-05 -0.0203 0.03349999
v -0.00058 -0.0206 0.0292
v -8E-05 -0.0203 0.02849999
v -0.00108 -0.0209 0.0292
v -0.00108 -0.0209 0.02849999
v 0.00012 -0.0203 0.03349999
v 0.00012 -0.0203 0.02849999
v -8E-05 -0.0203 0.0515
v 0.00012 -0.0203 0.0515
v -8E-05 -0.0203 0.04649999
v 0.00012 -0.0203 0.04649999
v -0.00108 -0.0209 0.0508
v -0.00108 -0.0209 0.0515
v -0.00058 -0.0206 0.0508
v -0.00058 -0.0206 0.04719999
v -0.00108 -0.0209 0.04719999
v -0.00108 -0.0209 0.04649999
v 0.03996 -0.0203 0.03749999
v 0.03976 -0.0203 0.03749999
v 0.03996 -0.0203 0.04249999
v 0.03976 -0.0203 0.04249999
v 0.04096 -0.0209 0.03819999
v 0.04096 -0.0209 0.03749999
v 0.04046 -0.0206 0.03819999
v 0.04046 -0.0206 0.0418
v 0.04096 -0.0209 0.0418
v 0.04096 -0.0209 0.04249999
v 0.01986 0.01388828 0.05907499
v 0.01986 0.01360024 0.05799999
v 0.01986 0.01360024 0.06299999
v 0.01986 0.01515024 0.06299999
v 0.01986 0.01515024 0.06006458
v 0.01986 0.01467524 0.05986195
v 0.00686 0.01537715 0.05988654
v 0.00686 0.01537715 0.06299999
v 0.00686 0.01575024 0.05992308
v 0.00686 0.01600036 0.06299957
v 0.00686 0.01612332 0.05988654
v 0.00686 0.01612332 0.06299982
v 0.01986 -0.02099462 0.05859999
v 0.0133 -0.02099697 0.05848549
v 0.01986 -0.02094126 0.0594518
v 0.01986 -0.02077679 0.06028833
v 0.01986 -0.02050973 0.06096669
v 0.01986 -0.01634976 0.06299941
v 0.01986 -0.01738142 0.06294894
v 0.01986 -0.01816986 0.06280933
v 0.01986 -0.02011426 0.06157979
v 0.01986 -0.01957344 0.06211967
v 0.01986 -0.01892345 0.06253077
v 0.0133 -0.01623526 0.06299917
v 0.0133 -0.01445226 0.05956834
v 0.0133 -0.01526427 0.05997674
v 0.01986 -0.01514976 0.06006458
v 0.0133 -0.01772651 0.0575145
v 0.01986 -0.01359976 0.05799999
v 0.0133 -0.01371952 0.05785394
v 0.01986 -0.01360024 0.05804513
v 0.0133 -0.01387806 0.05879997
v 0.01986 -0.01377277 0.05884497
v 0.01986 -0.01437927 0.05965657
v 0.01986 -0.01360531 0.05784572
v 0.01986 -0.01391407 0.05688073
v 0.0133 -0.01401184 0.05694034
v 0.01986 -0.0146305 0.05616431
v 0.0133 -0.01469011 0.05626207
v 0.01986 -0.01559549 0.05585553
v 0.0133 -0.01560371 0.05596974
v 0.0133 -0.01654973 0.05612829
v 0.0133 -0.01731811 0.05670249
v 0.0133 -0.02099985 0.05800068
v 0.0133 -0.01526427 0.06299999
v 0.0133 -0.01599997 0.06299932
v 0.0133 -0.021 0.0575145
v 0.01986 -0.01514976 0.06299999
v 0.01986 -0.01360024 0.06299999
v 0.02086 -0.021 0.05586745
v 0.02086 -0.01574976 0.05586745
v 0.02086 -0.01361769 0.05804492
v 0.02086 -0.01390293 0.05906627
v 0.02086 -0.01468349 0.05984683
v 0.02086 -0.01574976 0.06013254
v 0.02086 -0.01681604 0.05984683
v 0.02086 -0.0175966 0.05906627
v 0.02086 -0.01788231 0.05799999
v 0.02086 -0.0175966 0.05693372
v 0.02086 -0.01681604 0.05615316
v 0.02086 -0.01361769 0.06299999
v -8E-05 -0.0115 0.06229999
v -8E-05 -0.0065 0.06229999
v 0.00012 -0.0115 0.06229999
v 0.00012 -0.0065 0.06229999
v -0.00108 -0.0072 0.06289999
v -0.00108 -0.0065 0.06289999
v -0.00058 -0.0072 0.06259999
v -0.00058 -0.0108 0.06259999
v -0.00108 -0.0108 0.06289999
v -0.00108 -0.0115 0.06289999
v -0.00108 0.0108 0.06289999
v -0.00108 0.0115 0.06289999
v -0.00058 0.0108 0.06259999
v -8E-05 0.0115 0.06229999
v -0.00058 0.0072 0.06259999
v -8E-05 0.0065 0.06229999
v -0.00108 0.0072 0.06289999
v -0.00108 0.0065 0.06289999
v 0.00012 0.0065 0.06229999
v 0.00012 0.0115 0.06229999
v 0.04096 -0.0018 0.06289999
v 0.04096 -0.0025 0.06289999
v 0.04046 -0.0018 0.06259999
v 0.03996 -0.0025 0.06229999
v 0.04046 0.0018 0.06259999
v 0.03996 0.0025 0.06229999
v 0.04096 0.0018 0.06289999
v 0.04096 0.0025 0.06289999
v 0.03976 0.0025 0.06229999
v 0.03976 -0.0025 0.06229999
v 0.01986 0.01635024 0.06006458
v 0.01375176 0.01624362 0.06300002
v 0.01986 0.01635023 0.06299947
v 0.01986 0.02012121 0.06157143
v 0.01986 0.02053427 0.06091654
v 0.01986 0.01761219 0.05907499
v 0.01986 0.01682524 0.05986195
v 0.01986 0.01732625 0.06295468
v 0.01986 0.02099452 0.05859999
v 0.01986 0.01781482 0.05859999
v 0.01986 0.0209504 0.05936761
v 0.01986 0.02081208 0.06015939
v 0.01986 0.01828674 0.0627773
v 0.01986 0.01896437 0.06251073
v 0.01986 0.01957798 0.06211587
v 0.00686 0.01763678 0.05837308
v 0.01293277 0.02099615 0.05847908
v 0.00686 0.02099689 0.05837307
v 0.01986 0.01781482 0.0574
v 0.01986 0.021 0.0574
v 0.01986 0.01761219 0.056925
v 0.01986 0.021 0.05585
v 0.01986 0.01682524 0.05613804
v 0.01986 0.01575024 0.05585
v 0.00686 0.01767332 0.05799999
v 0.00686001 0.02099887 0.05799998
v 0.00686 0.01763678 0.05762691
v 0.00686 0.021 0.05762691
v 0.01563478 0.01522399 0.06000844
v 0.01986 0.01388828 0.056925
v 0.01986 0.01467524 0.05613804
v 0.02086 0.01361769 0.06299999
v 0.02086 0.01361769 0.05799999
v 0.02086 0.01575024 0.05586745
v 0.02086 0.01681651 0.05615316
v 0.02086 0.01759707 0.05693372
v 0.02086 0.01788278 0.05799999
v 0.02086 0.01759707 0.05906627
v 0.02086 0.01681651 0.05984683
v 0.02086 0.01575024 0.06013254
v 0.02086 0.01468396 0.05984683
v 0.02086 0.0139034 0.05906627
v 0.02086 0.021 0.05586745
v -0.00108 0.0209 0.0292
v -0.00108 0.0209 0.02849999
v -0.00058 0.0206 0.0292
v -8E-05 0.0203 0.02849999
v -0.00058 0.0206 0.03279999
v -8E-05 0.0203 0.03349999
v -0.00108 0.0209 0.03279999
v -0.00108 0.0209 0.03349999
v 0.00012 0.0203 0.03349999
v 0.00012 0.0203 0.02849999
v -8E-05 0.0203 0.0515
v -8E-05 0.0203 0.04649999
v 0.00012 0.0203 0.0515
v 0.00012 0.0203 0.04649999
v -0.00108 0.0209 0.04719999
v -0.00108 0.0209 0.04649999
v -0.00058 0.0206 0.04719999
v -0.00058 0.0206 0.0508
v -0.00108 0.0209 0.0508
v -0.00108 0.0209 0.0515
v 0.03996 0.0203 0.03749999
v 0.03996 0.0203 0.04249999
v 0.03976 0.0203 0.03749999
v 0.03976 0.0203 0.04249999
v 0.04096 0.0209 0.0418
v 0.04096 0.0209 0.04249999
v 0.04046 0.0206 0.0418
v 0.04046 0.0206 0.03819999
v 0.04096 0.0209 0.03819999
v 0.04096 0.0209 0.03749999
v 0.01745278 0.0057 0.00749999
v 0.01145278 0.0057 0.00749999
v 0.01745278 0.00523138 0.00549999
v 0.01745278 0.00583175 0.00549999
v 0.01745278 0.0065 0.00599999
v 0.01745278 0.0065 0.00549999
v 0.01145278 0.0065 0.00599999
v 0.01145278 0.00523138 0.00549999
v 0.01145278 0.00583175 0.00549999
v 0.01145278 0.0065 0.00549999
v 0.01145278 -0.00523138 0.00549999
v 0.01745278 -0.00523138 0.00549999
v 0.01745278 -0.0057 0.00749999
v 0.01745278 -0.0065 0.00599999
v 0.01745278 -0.00583175 0.00549999
v 0.01745278 -0.0065 0.00549999
v 0.01145278 -0.00583175 0.00549999
v 0.01145278 -0.0057 0.00749999
v 0.01145278 -0.0065 0.00599999
v 0.01145278 -0.0065 0.00549999
v 0.03776 -0.02045 0.03729999
v 0.03896 -0.02085 0.03729999
v 0.03776 -0.02045 0.04269999
v 0.03896 -0.02085 0.04269999
v 0.03776 -0.02085 0.04269999
v 0.03776 -0.02085 0.03729999
v 0.03966 -0.02085 0.03729999
v 0.04116 -0.02085 0.03729999
v 0.04116 -0.02085 0.04269999
v 0.03966 -0.02085 0.04269999
v 0.03896 -0.0027 0.06284999
v 0.03776 -0.0027 0.06245
v 0.03776 -0.0027 0.06284999
v 0.03776 0.0027 0.06245
v 0.03896 0.0027 0.06284999
v 0.03776 0.0027 0.06284999
v 0.039665 0.0027 0.06284999
v 0.039665 -0.0027 0.06284999
v 0.041165 0.0027 0.06284999
v 0.041165 -0.0027 0.06284999
v 0.03896 0.02085 0.04269999
v 0.03776 0.02045 0.04269999
v 0.03776 0.02085 0.04269999
v 0.03776 0.02045 0.03729999
v 0.03896 0.02085 0.03729999
v 0.03776 0.02085 0.03729999
v 0.04116 0.02085 0.04269999
v 0.04116 0.02085 0.03729999
v 0.03966 0.02085 0.04269999
v 0.03966 0.02085 0.03729999
v 0.03776 0.0027 0.01755
v 0.03896 0.0027 0.01714999
v 0.03776 -0.0027 0.01755
v 0.03896 -0.0027 0.01714999
v 0.03776 -0.0027 0.01714999
v 0.03776 0.0027 0.01714999
v 0.041165 -0.0027 0.01714999
v 0.039665 -0.0027 0.01714999
v 0.039665 0.0027 0.01714999
v 0.041165 0.0027 0.01714999
v 0.03776 -0.02085 0.05799999
v 0.03776 0.02085 0.05799999
v 0.03776 0.02079757 0.05942054
v 0.03776 0.02033675 0.06098503
v 0.03776 0.01935389 0.06210546
v 0.03776 0.016 0.06284999
v 0.03776 0.01800801 0.06269941
v 0.03776 -0.016 0.06284999
v 0.03776 -0.01743411 0.06279602
v 0.03776 -0.01899545 0.06233108
v 0.03776 -0.0201124 0.0613443
v 0.03776 -0.02070262 0.05999409
v 0.03776 0.016 0.01714999
v 0.03776 0.01743411 0.01720397
v 0.03776 0.01899545 0.0176689
v 0.03776 0.0201124 0.01865569
v 0.03776 0.02085 0.02199999
v 0.03776 0.02070262 0.0200059
v 0.03776 -0.02085 0.02199999
v 0.03776 -0.02079757 0.02057945
v 0.03776 -0.02033675 0.01901496
v 0.03776 -0.01935389 0.01789453
v 0.03776 -0.016 0.01714999
v 0.03776 -0.01800801 0.01730058
v 0.02186 0.01391851 0.02305754
v 0.02186 0.01363515 0.02199999
v 0.02186 0.01391851 0.02094245
v 0.02186 0.01469269 0.02016827
v 0.02186 0.01575024 0.0198849
v 0.02186 0.01680778 0.02016827
v 0.02186 0.01758196 0.02094245
v 0.02186 0.01786533 0.02199999
v 0.02186 0.01758196 0.02305754
v 0.02186 0.01680778 0.02383172
v 0.02186 0.01575024 0.02411508
v 0.02186 0.01469269 0.02383172
v 0.01986 0.01682524 0.02386195
v 0.01986 0.01575024 0.02415
v 0.01986 0.021 0.02415
v 0.01986 0.021 0.0226
v 0.01986 0.01781482 0.0226
v 0.01986 0.01761219 0.02307499
v 0.0053 0.01669816 0.02364185
v 0.0053 0.0173921 0.02294792
v 0.0053 0.01764609 0.02199999
v 0.0053 0.0173921 0.02105207
v 0.0053 0.01669816 0.02035814
v 0.0053 0.01575024 0.02010414
v 0.0053 0.01480231 0.02035814
v 0.0053 0.01410838 0.02105207
v 0.0053 0.01385438 0.02199999
v 0.0053 0.01410838 0.02294792
v 0.0053 0.01480231 0.02364185
v 0.0053 0.01575024 0.02389585
v 0.00686 0.01763678 0.02237308
v 0.00686 0.021 0.02237308
v 0.00686 0.01767332 0.02199999
v 0.00686 0.02099956 0.02199988
v 0.00686 0.01763678 0.02162691
v 0.00686 0.02099833 0.02162691
v 0.00686 -0.01763631 0.02162691
v 0.00686 -0.02099666 0.02162691
v 0.00686 -0.01767285 0.02199999
v 0.00686 -0.02099876 0.02199993
v 0.00686 -0.01763631 0.02237308
v 0.00686 -0.021 0.02237308
v 0.0053 -0.01574976 0.02389585
v 0.0053 -0.01480184 0.02364185
v 0.0053 -0.01410791 0.02294792
v 0.0053 -0.01385391 0.02199999
v 0.0053 -0.01410791 0.02105207
v 0.0053 -0.01480184 0.02035814
v 0.0053 -0.01574976 0.02010414
v 0.0053 -0.01669769 0.02035814
v 0.0053 -0.01739162 0.02105207
v 0.0053 -0.01764562 0.02199999
v 0.0053 -0.01739162 0.02294792
v 0.0053 -0.01669769 0.02364185
v 0.02186 -0.01574976 0.02411508
v 0.02186 -0.01680731 0.02383172
v 0.02186 -0.01758149 0.02305754
v 0.02186 -0.01786485 0.02199999
v 0.02186 -0.01758149 0.02094245
v 0.02186 -0.01680731 0.02016827
v 0.02186 -0.01574976 0.0198849
v 0.02186 -0.01469222 0.02016827
v 0.02186 -0.01391804 0.02094245
v 0.02186 -0.01363467 0.02199999
v 0.02186 -0.01391804 0.02305754
v 0.02186 -0.01469222 0.02383172
v 0.01986 -0.01781435 0.0226
v 0.01986 -0.021 0.0226
v 0.01986 -0.01761172 0.02307499
v 0.01986 -0.021 0.02415
v 0.01986 -0.01682476 0.02386195
v 0.01986 -0.01574976 0.02415
v 0.04534284 -0.0215946 0.05799617
v 0.04541931 -0.02161971 0.02200324
v 0.04539168 -0.02160657 0.05799594
v 0.04543226 -0.02162776 0.0579956
v 0.04546482 -0.02165538 0.02200327
v 0.04546262 -0.02165307 0.05799521
v 0.04548841 -0.02168542 0.02200337
v 0.04549616 -0.02169858 0.05799453
v 0.04550786 -0.02172468 0.02200354
v 0.04552 -0.02179329 0.05799313
v 0.04552 -0.02179329 0.02200384
v 0.04551923 -0.02177568 0.02200377
v 0.04539753 -0.02158413 0.05912524
v 0.04539754 -0.01599617 0.06360893
v 0.04543331 -0.01599617 0.06362848
v 0.04546484 -0.01712863 0.06363048
v 0.04546261 -0.01599617 0.06365307
v 0.04546485 -0.01599617 0.06365538
v 0.04534305 -0.01599618 0.06359462
v 0.04539753 -0.0209922 0.06136865
v 0.04539753 -0.02029715 0.06229607
v 0.04539753 -0.01936984 0.06299129
v 0.04539753 -0.01828614 0.06341321
v 0.04539753 -0.01712572 0.06358413
v 0.04539168 -0.01599617 0.06360657
v 0.04539753 -0.02141349 0.06028532
v 0.04550787 -0.02169966 0.0591325
v 0.04552 -0.02171804 0.05968014
v 0.04550787 -0.02152576 0.06031354
v 0.04552 -0.02148882 0.06068345
v 0.04550787 -0.02109361 0.0614245
v 0.04552 -0.02104705 0.06163072
v 0.04550787 -0.02037908 0.06237787
v 0.04552 -0.0204443 0.06240989
v 0.04550787 -0.01942566 0.0630927
v 0.04552 -0.0196839 0.06301348
v 0.04552 -0.01879807 0.06344938
v 0.04550787 -0.01831431 0.06352548
v 0.04552 -0.01833069 0.06359076
v 0.04552 -0.01776252 0.06370543
v 0.04550787 -0.01713296 0.06369966
v 0.04552 -0.01636798 0.06379609
v 0.04549675 -0.01599616 0.06369969
v 0.04552 -0.01599615 0.06379329
v 0.04546484 -0.01829744 0.06345825
v 0.04546484 -0.01939223 0.06303197
v 0.04546484 -0.02033002 0.06232888
v 0.04546484 -0.02103288 0.06139106
v 0.04546484 -0.02145853 0.06029664
v 0.04546484 -0.02163048 0.05912815
v 0.04552 0.01599351 0.06379329
v 0.04549615 0.01599479 0.06369857
v 0.04546482 0.01599537 0.06365535
v 0.04543225 0.01599575 0.06362776
v 0.04539168 0.01599604 0.06360658
v 0.04534284 0.01599622 0.0635946
v 0.04543331 0.02162848 0.05799625
v 0.04546484 0.02165537 0.05799623
v 0.04546482 0.02163048 0.05912882
v 0.04550786 0.01713299 0.0636999
v 0.04552 0.01768261 0.06371754
v 0.04550786 0.01831424 0.06352552
v 0.04552 0.01868505 0.06348827
v 0.04550786 0.01942518 0.06309289
v 0.04552 0.01963158 0.06304634
v 0.04550786 0.02037841 0.0623785
v 0.04552 0.02041201 0.06244239
v 0.04550786 0.02109292 0.06142531
v 0.04552 0.0210139 0.06168344
v 0.04552 0.02145046 0.06079534
v 0.04550786 0.02152543 0.06031437
v 0.04552 0.02159083 0.06033079
v 0.04552 0.02170571 0.05976058
v 0.04550786 0.02169965 0.05913316
v 0.04552 0.02179611 0.05836439
v 0.04549675 0.0216997 0.0579962
v 0.04552 0.02179329 0.05799615
v 0.04539753 0.02160893 0.05799627
v 0.04534305 0.02159462 0.05799631
v 0.04539752 0.0193694 0.06299148
v 0.04539752 0.02029656 0.06229667
v 0.04539752 0.02099153 0.0613695
v 0.04539752 0.02141318 0.0602862
v 0.04539752 0.02158415 0.05912592
v 0.04539168 0.02160658 0.05799628
v 0.04539752 0.01712564 0.06358439
v 0.04539752 0.01828603 0.06341327
v 0.04546482 0.02145821 0.0602975
v 0.04546482 0.0210322 0.06139189
v 0.04546482 0.02032939 0.0623295
v 0.04546482 0.01939178 0.06303217
v 0.04546482 0.01829734 0.0634583
v 0.04546482 0.01712859 0.06363073
v 0.04534284 0.0215946 0.02200382
v 0.04539168 0.02160657 0.02200405
v 0.04543226 0.02162776 0.02200439
v 0.04546262 0.02165307 0.02200478
v 0.04549616 0.02169858 0.02200546
v 0.04552 0.02179329 0.02200686
v 0.04543331 0.01599634 0.01637151
v 0.04546482 0.01599632 0.01634464
v 0.04546481 0.01712886 0.01636952
v 0.04550784 0.02169959 0.02086752
v 0.04552 0.02171803 0.0203198
v 0.04550784 0.02152571 0.01968652
v 0.04552 0.0214888 0.01931646
v 0.04550784 0.02109359 0.01857558
v 0.04552 0.02104705 0.01836924
v 0.04550784 0.02037913 0.01762222
v 0.04552 0.02044423 0.01758997
v 0.04550784 0.01942579 0.01690737
v 0.04552 0.0196839 0.01698641
v 0.04552 0.01879802 0.01655052
v 0.04550784 0.0183145 0.01647457
v 0.04552 0.01833089 0.01640924
v 0.04552 0.01776261 0.0162946
v 0.04550784 0.0171332 0.01630037
v 0.04552 0.01636721 0.01620392
v 0.04549675 0.01599629 0.0163003
v 0.04552 0.01599624 0.0162067
v 0.04539168 0.01599637 0.01639342
v 0.04534304 0.01599639 0.01640537
v 0.04539751 0.02099225 0.0186314
v 0.04539751 0.02029725 0.01770398
v 0.04539751 0.01936999 0.01700873
v 0.04539751 0.01828634 0.01658679
v 0.04539751 0.01712595 0.01641583
v 0.04539751 0.02158412 0.02087478
v 0.04539751 0.0214135 0.01971472
v 0.04546481 0.01829763 0.01654177
v 0.04546481 0.01939237 0.01696807
v 0.04546481 0.0203301 0.01767118
v 0.04546481 0.0210329 0.01860901
v 0.04546481 0.02145851 0.0197034
v 0.04546481 0.02163044 0.02087187
v 0.04534284 -0.01599629 0.01640539
v 0.04539168 -0.01599612 0.01639341
v 0.04543225 -0.01599583 0.01637223
v 0.04546262 -0.0159955 0.01634692
v 0.04549615 -0.01599489 0.01630142
v 0.04552 -0.01599364 0.0162067
v 0.04550785 -0.02109294 0.0185747
v 0.04552 -0.02041213 0.01755767
v 0.04550785 -0.02037845 0.0176215
v 0.04552 -0.01963186 0.01695372
v 0.04550785 -0.01942526 0.01690709
v 0.04552 -0.01868567 0.01651183
v 0.04550785 -0.01831434 0.01647444
v 0.04552 -0.01768337 0.01628261
v 0.04550785 -0.01713309 0.01630006
v 0.04552 -0.02170578 0.02023987
v 0.04552 -0.02159083 0.01966922
v 0.04550785 -0.02152543 0.01968564
v 0.04552 -0.02145052 0.01920479
v 0.04552 -0.02101409 0.01831683
v 0.04550786 -0.02169964 0.02086684
v 0.04552 -0.02179611 0.02163637
v 0.04539752 -0.01936948 0.01700848
v 0.04539752 -0.02029661 0.01770332
v 0.04539752 -0.02099155 0.0186305
v 0.04539752 -0.02141318 0.0197138
v 0.04539752 -0.02158415 0.02087408
v 0.04539752 -0.01712577 0.01641557
v 0.04539752 -0.01828612 0.01658668
v 0.04546482 -0.02163048 0.02087117
v 0.04546482 -0.02145821 0.0197025
v 0.04546482 -0.02103222 0.01860812
v 0.04546482 -0.02032944 0.01767049
v 0.04546482 -0.01939185 0.01696781
v 0.04546482 -0.01829744 0.01654165
v 0.04546482 -0.0171287 0.01636923
v 0.01563478 -0.01775821 0.02252624
v -0.00108 -0.021 0.03349999
v -0.00108 -0.021 0.03279999
v -0.00058 -0.021 0.03279999
v -0.00058 -0.021 0.0292
v -0.00108 -0.021 0.0292
v -0.00108 -0.021 0.02849999
v 0.00012 -0.021 0.02849999
v 0.00012 -0.021 0.03349999
v 0.00012 -0.021 0.04649999
v 0.00012 -0.021 0.0515
v -0.00108 -0.021 0.0515
v -0.00108 -0.021 0.0508
v -0.00058 -0.021 0.0508
v -0.00058 -0.021 0.04719999
v -0.00108 -0.021 0.04719999
v -0.00108 -0.021 0.04649999
v 0.04096 -0.021 0.04249999
v 0.04096 -0.021 0.0418
v 0.03976 -0.021 0.04249999
v 0.03976 -0.021 0.03749999
v 0.04096 -0.021 0.03749999
v 0.04096 -0.021 0.03819999
v 0.04046 -0.021 0.03819999
v 0.04046 -0.021 0.0418
v -0.00168 -0.0173805 0.0629455
v -0.00168 -0.01599977 0.06299792
v -0.00168 -0.01829036 0.06277073
v -0.00168 -0.01892169 0.06252516
v -0.00168 -0.01958169 0.06210524
v -0.00168 -0.02011111 0.06157393
v -0.00168 -0.02051854 0.06093647
v -0.00168 -0.02077298 0.06028343
v -0.00168 -0.02099952 0.05799928
v -0.00168 -0.02094431 0.059393
v 0.02086 -0.02100002 0.05800027
v 0.02086 -0.02096902 0.05915584
v 0.02086 -0.02077728 0.060287
v 0.02086 -0.01957305 0.06212021
v 0.02086 -0.02011525 0.06157879
v 0.02086 -0.02050991 0.06096661
v 0.02086 -0.01599999 0.06300007
v 0.02086 -0.01737969 0.06294932
v 0.02086 -0.01817212 0.06280894
v 0.02086 -0.01892255 0.06253143
v -0.00108 -0.0065 0.06299999
v 0.00012 -0.0065 0.06299999
v 0.00012 -0.0115 0.06299999
v -0.00108 -0.0115 0.06299999
v -0.00108 -0.0108 0.06299999
v -0.00058 -0.0108 0.06299999
v -0.00058 -0.0072 0.06299999
v -0.00108 -0.0072 0.06299999
v -0.00108 0.0065 0.06299999
v 0.00012 0.0065 0.06299999
v -0.00108 0.0072 0.06299999
v -0.00058 0.0072 0.06299999
v -0.00058 0.0108 0.06299999
v -0.00108 0.0108 0.06299999
v -0.00108 0.0115 0.06299999
v 0.00012 0.0115 0.06299999
v 0.04046 0.0018 0.06299999
v 0.04096 0.0018 0.06299999
v 0.04046 -0.0018 0.06299999
v 0.04096 -0.0018 0.06299999
v 0.04096 -0.0025 0.06299999
v 0.03976 -0.0025 0.06299999
v 0.03976 0.0025 0.06299999
v 0.04096 0.0025 0.06299999
v 0.01063924 0.01769023 0.02243905
v -0.00168 0.02099815 0.05799982
v -0.00168 0.02094703 0.05936622
v -0.00168 0.02077068 0.06029067
v -0.00168 0.02052893 0.06091426
v -0.00168 0.02010518 0.06158181
v -0.00168 0.01957254 0.06211225
v -0.00168 0.01893993 0.06251689
v -0.00168 0.01828237 0.06277337
v -0.00168 0.01599965 0.06299929
v -0.00168 0.01739804 0.06294379
v 0.02086 0.02081126 0.06016329
v 0.02086 0.02053438 0.06091674
v 0.02086 0.01896453 0.0625108
v 0.02086 0.02100007 0.05799999
v 0.02086 0.02095055 0.05936793
v 0.02086 0.01600024 0.06300002
v 0.02086 0.01715491 0.06296916
v 0.02086 0.01828519 0.06277786
v 0.02086 0.0201214 0.06157148
v 0.02086 0.0195768 0.06211702
v -0.00108 0.021 0.03349999
v 0.00012 0.021 0.03349999
v -0.00108 0.021 0.03279999
v -0.00058 0.021 0.03279999
v -0.00058 0.021 0.0292
v -0.00108 0.021 0.0292
v -0.00108 0.021 0.02849999
v 0.00012 0.021 0.02849999
v -0.00108 0.021 0.04649999
v 0.00012 0.021 0.04649999
v 0.00012 0.021 0.0515
v -0.00108 0.021 0.0515
v -0.00108 0.021 0.0508
v -0.00058 0.021 0.0508
v -0.00058 0.021 0.04719999
v -0.00108 0.021 0.04719999
v 0.04096 0.021 0.0418
v 0.04046 0.021 0.0418
v 0.04096 0.021 0.04249999
v 0.03976 0.021 0.04249999
v 0.03976 0.021 0.03749999
v 0.04096 0.021 0.03749999
v 0.04096 0.021 0.03819999
v 0.04046 0.021 0.03819999
v 0.02245278 -0.005 0.01499999
v 0.02245278 0.005 0.01499999
v 0.02301151 -0.005 -0.00100001
v 0.02301151 0.005 -0.00100001
v 0.00645278 -0.005 0.01499999
v 0.00589405 -0.005 -0.00100001
v 0.00645278 0.005 0.01499999
v 0.00589405 0.005 -0.00100001
v 0.04176 0.01600165 0.0630007
v 0.04176 0.01715741 0.06297062
v 0.04176 0.01828876 0.06277924
v 0.04176 0.01896811 0.06251217
v 0.04176 0.01958037 0.0621184
v 0.04176 0.02012498 0.06157284
v 0.04176 0.02053794 0.06091812
v 0.04176 0.02081483 0.06016467
v 0.04176 0.02095412 0.05936931
v 0.04176 0.02100185 0.05799996
v 0.04176 -0.02100049 0.05800185
v 0.04176 -0.02097006 0.05915863
v 0.04176 -0.02077823 0.060291
v 0.04176 -0.02051086 0.06097061
v 0.04176 -0.02011621 0.06158279
v 0.04176 -0.019574 0.06212421
v 0.04176 -0.01892351 0.06253543
v 0.04176 -0.01817308 0.06281294
v 0.04176 -0.01738065 0.06295332
v 0.04176 -0.01599996 0.06300206
v 0.04176 -0.02085 0.05799999
v 0.04176 -0.02085 0.02199999
v 0.04176 -0.016 0.06284999
v 0.04176 -0.01743411 0.06279602
v 0.04176 -0.01899545 0.06233108
v 0.04176 -0.0201124 0.0613443
v 0.04176 -0.02070262 0.05999409
v 0.04176 0.016 0.06284999
v 0.04176 0.02085 0.05799999
v 0.04176 0.02079757 0.05942054
v 0.04176 0.02033675 0.06098503
v 0.04176 0.01935389 0.06210546
v 0.04176 0.01800801 0.06269941
v 0.04176 0.02085 0.02199999
v 0.04176 0.016 0.01714999
v 0.04176 0.01743411 0.01720397
v 0.04176 0.01899545 0.0176689
v 0.04176 0.0201124 0.01865569
v 0.04176 0.02070262 0.0200059
v 0.04176 -0.016 0.01714999
v 0.04176 -0.02079757 0.02057945
v 0.04176 -0.02033675 0.01901496
v 0.04176 -0.01935389 0.01789453
v 0.04176 -0.01800801 0.01730058
v 0.02086 0.01575023 0.02413254
v 0.01986 0.01467524 0.02386195
v 0.01986 0.01388828 0.02307499
v 0.01986 0.01360024 0.02199999
v 0.02086 0.01361769 0.02199999
v 0.02086 0.0139034 0.02093372
v 0.02086 0.01468396 0.02015316
v 0.02086 0.01575024 0.01986745
v 0.02086 0.01681651 0.02015316
v 0.02086 0.01759707 0.02093372
v 0.02086 0.01788278 0.02199999
v 0.02086 0.01759707 0.02306627
v 0.02086 0.01681651 0.02384683
v 0.01986 0.01360024 0.01699999
v 0.02086 0.01361769 0.017
v 0.02086 0.021 0.02413254
v 0.01986 0.01515024 0.01993541
v 0.01986 0.01515024 0.01699999
v 0.01986 0.01467524 0.02013804
v 0.01986 0.01388828 0.02092499
v 0.00686 0.01612332 0.02011345
v 0.00686 0.01612332 0.01699954
v 0.00686 0.01575024 0.02007691
v 0.00686 0.01599997 0.01700032
v 0.00686 0.01537715 0.02011345
v 0.00686 0.01537715 0.017
v 0.01986 0.01682524 0.02013804
v 0.01986 0.01635024 0.01993541
v 0.01063924 0.01618929 0.02006
v 0.01063924 0.01769023 0.02156094
v 0.01986 0.01761219 0.02092499
v 0.01986 0.01781482 0.02139999
v 0.01381721 0.02099671 0.02150547
v 0.01986 0.02099462 0.02139999
v 0.01986 0.01635024 0.01699945
v 0.01986 0.01738339 0.01704766
v 0.01986 0.01816964 0.01718578
v 0.01986 0.02094125 0.0205476
v 0.01986 0.02077688 0.01971047
v 0.01986 0.02050981 0.01903081
v 0.01986 0.0201143 0.01841636
v 0.01986 0.01957268 0.01787479
v 0.01986 0.01892118 0.01746278
v 0.01290282 0.0162288 0.0169991
v 0.00686 -0.01612332 0.02011354
v 0.00686 -0.01612332 0.01699795
v 0.01063924 -0.01618929 0.02006011
v 0.01374018 -0.01624341 0.01699834
v 0.01986 -0.01635024 0.01993555
v 0.01986 -0.01635023 0.01699943
v 0.01986 -0.02011731 0.01841993
v 0.01986 -0.0205314 0.01907513
v 0.01986 -0.01761172 0.02092499
v 0.01986 -0.02099452 0.02139999
v 0.01986 -0.01781435 0.0214
v 0.01986 -0.02094935 0.02062178
v 0.01986 -0.02080998 0.0198312
v 0.01986 -0.01682476 0.02013804
v 0.01986 -0.01732446 0.01704178
v 0.01986 -0.01828344 0.01721696
v 0.01986 -0.01896012 0.01748198
v 0.01986 -0.01957298 0.01787538
v 0.01563478 -0.01775821 0.02147375
v 0.01293061 -0.02099603 0.02152095
v 0.00686 -0.01537715 0.02011335
v 0.00686 -0.01537715 0.017
v 0.00686 -0.01574976 0.02007691
v 0.00686 -0.01600037 0.01699949
v 0.01986 -0.01515024 0.01993527
v 0.01986 -0.01467476 0.02013804
v 0.01986 -0.01388781 0.02092499
v 0.01986 -0.01360024 0.02195489
v 0.01986 -0.01359976 0.02199999
v 0.01986 -0.01388781 0.02307499
v 0.01986 -0.01467476 0.02386195
v 0.01986 -0.01360024 0.01699999
v 0.01986 -0.01515024 0.01699999
v 0.02086 -0.01390293 0.02093372
v 0.02086 -0.01361769 0.02195513
v 0.02086 -0.01574976 0.02413254
v 0.02086 -0.01468349 0.02015316
v 0.02086 -0.01574976 0.01986745
v 0.02086 -0.01681604 0.02015316
v 0.02086 -0.0175966 0.02093372
v 0.02086 -0.01788231 0.02199999
v 0.02086 -0.0175966 0.02306627
v 0.02086 -0.01681604 0.02384683
v 0.02086 -0.021 0.02413254
v 0.02086 -0.01361769 0.017
v 0.04096 0.0018 0.0171
v 0.04096 0.0025 0.0171
v 0.04046 0.0018 0.01739999
v 0.03996 0.0025 0.01769999
v 0.04046 -0.0018 0.01739999
v 0.03996 -0.0025 0.01769999
v 0.04096 -0.0018 0.0171
v 0.04096 -0.0025 0.0171
v 0.03976 0.0025 0.01769999
v 0.03976 -0.0025 0.01769999
v -8E-05 -0.0115 0.01769999
v 0.00012 -0.0115 0.01769999
v -8E-05 -0.0065 0.01769999
v 0.00012 -0.0065 0.01769999
v -0.00108 -0.0108 0.0171
v -0.00108 -0.0115 0.0171
v -0.00058 -0.0108 0.01739999
v -0.00058 -0.0072 0.01739999
v -0.00108 -0.0072 0.0171
v -0.00108 -0.0065 0.0171
v -0.00108 0.0072 0.0171
v -0.00108 0.0065 0.0171
v -0.00058 0.0072 0.01739999
v -8E-05 0.0065 0.01769999
v -0.00058 0.0108 0.01739999
v -8E-05 0.0115 0.01769999
v -0.00108 0.0108 0.0171
v -0.00108 0.0115 0.0171
v 0.00012 0.0065 0.01769999
v 0.00012 0.0115 0.01769999
v 0.00845278 0.0025 0.017
v 0.00824257 0.0025 0.01499999
v 0.00858676 0.003 0.017
v 0.00840471 0.0031051 0.01499999
v 0.00895278 0.00336603 0.017
v 0.00884768 0.00354807 0.01499999
v 0.00945278 0.0035 0.017
v 0.00945278 0.00371021 0.01499999
v 0.01945278 0.0035 0.017
v 0.01945278 0.00371021 0.01499999
v 0.01995278 0.00336603 0.017
v 0.02005789 0.00354807 0.01499999
v 0.02031881 0.003 0.017
v 0.02050085 0.0031051 0.01499999
v 0.02045278 0.0025 0.017
v 0.02066299 0.0025 0.01499999
v 0.00945278 -0.0035 0.017
v 0.00945278 -0.00371021 0.01499999
v 0.00895278 -0.00336603 0.017
v 0.00884768 -0.00354807 0.01499999
v 0.00858676 -0.003 0.017
v 0.00840471 -0.0031051 0.01499999
v 0.00845278 -0.0025 0.017
v 0.00824257 -0.0025 0.01499999
v 0.02045278 -0.0025 0.017
v 0.02066299 -0.0025 0.01499999
v 0.02031881 -0.003 0.017
v 0.02050085 -0.0031051 0.01499999
v 0.01995278 -0.00336603 0.017
v 0.02005789 -0.00354807 0.01499999
v 0.01945278 -0.0035 0.017
v 0.01945278 -0.00371021 0.01499999
v 0.00651977 -0.00525 0.01499999
v 0.00695278 0.0055 0.01499999
v 0.02195278 0.0055 0.01499999
v 0.0223858 0.00525 0.01499999
v 0.02220278 0.00543301 0.01499999
v 0.00670278 0.00543301 0.01499999
v 0.00651977 0.00525 0.01499999
v 0.02195278 -0.0055 0.01499999
v 0.0223858 -0.00525 0.01499999
v 0.02220278 -0.00543301 0.01499999
v 0.00695278 -0.0055 0.01499999
v 0.00670278 -0.00543301 0.01499999
v 0.04552 0.02059122 0.01735944
v 0.04551992 0.02095357 0.01776863
v 0.04552 -0.02064237 0.01741059
v 0.04551992 -0.0202371 0.01705074
v 0.04552 -0.02059123 0.06264055
v 0.04551992 -0.02095359 0.06223134
v 0.04551998 0.02080252 0.06241848
v 0.04551997 0.02130977 0.06171462
v 0.04551993 0.02138856 0.06157541
v 0.04552 0.0217922 0.06061001
v 0.04552 0.02064257 0.06258918
v 0.04551992 0.02023606 0.06295007
v 0.04552 0.02199959 0.05949003
v 0.04552 0.02205401 0.05800029
v 0.04552 0.02136791 0.0183834
v 0.04552 0.02151318 0.01865981
v 0.04552 0.02187042 0.01969218
v 0.04551999 0.02198029 0.02033628
v 0.04552 0.02205401 0.02199947
v 0.04552 0.01861146 0.0162082
v 0.04551993 0.01957885 0.01661352
v 0.04551997 0.01971871 0.01669272
v 0.04551998 0.02042036 0.01719903
v 0.04552 -0.02179218 0.01938981
v 0.04551993 -0.02138843 0.01842431
v 0.04551997 -0.02130993 0.01828557
v 0.04551998 -0.02080248 0.01758143
v 0.04552 -0.01861146 0.06379179
v 0.04551993 -0.01957884 0.06338648
v 0.04551997 -0.01971872 0.06330726
v 0.04551998 -0.02042036 0.06280096
v 0.04552 0.01749532 0.01600098
v 0.04552 0.01600029 0.01594598
v 0.04552 -0.02199959 0.02050981
v 0.04552 -0.02205401 0.02199951
v 0.04552 -0.01749532 0.06399901
v 0.04552 -0.01600029 0.064054
v 0.04552 -0.01961658 0.01663201
v 0.04552 -0.01934526 0.01648934
v 0.04552 -0.01830575 0.01612904
v 0.04551999 -0.01765936 0.01601915
v 0.04552 -0.01600051 0.01594598
v 0.04552 -0.02136792 0.06161657
v 0.04552 -0.02151319 0.06134016
v 0.04552 -0.02187042 0.06030782
v 0.04551999 -0.02198029 0.05966371
v 0.04552 -0.02205401 0.05800049
v 0.04552 0.01961653 0.06336803
v 0.04552 0.01934447 0.06351106
v 0.04552 0.01830652 0.06387079
v 0.04551999 0.01765969 0.06398081
v 0.04552 0.0160003 0.064054
v 0.02086 -0.02100008 0.022
v 0.04176 -0.02100208 0.02200004
v -0.00243 -0.021 0.02199993
v -0.00168 -0.02099792 0.02199974
v -0.00243 -0.021 0.05799982
v -0.00243 -0.01599994 0.06299999
v -0.00243 -0.01829036 0.06277073
v -0.00243 -0.02094431 0.059393
v -0.00243 -0.02051854 0.06093647
v -0.00243 -0.01958169 0.06210524
v -0.00243 0.01599991 0.06299999
v -0.00243 0.021 0.05799995
v -0.00243 0.02077068 0.06029067
v -0.00243 0.01739804 0.06294379
v -0.00243 0.01893993 0.06251689
v -0.00243 0.02010518 0.06158181
v 0.04176003 0.02100072 0.02199931
v 0.02086002 0.02100003 0.02199993
v -0.00243 0.021 0.02200002
v -0.00168 0.02099928 0.02200009
v -0.00243 0.01828099 0.01721666
v -0.00243 0.01599995 0.017
v -0.00168 0.01738207 0.01704754
v -0.001755 0.01599981 0.017
v -0.00168 0.0159998 0.01700052
v -0.00168 0.02094786 0.02063931
v -0.00243 0.02094786 0.02063931
v -0.00168 0.02077261 0.01971228
v -0.00243 0.020527 0.01907542
v -0.00243 0.01956918 0.01787491
v -0.00168 0.02011135 0.01841861
v -0.00168 0.020527 0.01907542
v -0.00168 0.01828099 0.01721666
v -0.00168 0.01891997 0.0174634
v -0.00168 0.01956918 0.01787491
v -0.00243 -0.02077059 0.01970613
v -0.00168 -0.0209457 0.0206202
v -0.00168 -0.01599958 0.0169992
v -0.00243 -0.01599989 0.017
v -0.00168 -0.01739689 0.01704913
v -0.00243 -0.01739689 0.01704913
v -0.00168 -0.01827912 0.01721618
v -0.00243 -0.01893289 0.01746939
v -0.00168 -0.01893289 0.01746939
v -0.00168 -0.02077059 0.01970613
v -0.00168 -0.02052577 0.01907437
v -0.00243 -0.02010467 0.01841005
v -0.00168 -0.02010467 0.01841005
v -0.00168 -0.01956812 0.01787478
v 0.04550426 -0.02213177 0.02199951
v 0.04550426 -0.02213177 0.05800049
v 0.04548352 -0.02216917 0.02199951
v 0.04548357 -0.0221691 0.05800049
v 0.04545022 -0.02220581 0.02199951
v 0.04545022 -0.02220581 0.05800049
v 0.04538096 -0.02224451 0.02199951
v 0.04538095 -0.0222445 0.05800049
v 0.04538096 -0.01600407 0.0157555
v 0.04538096 -0.01600051 0.0157555
v 0.04545022 -0.01600051 0.01579419
v 0.04543643 -0.02218473 0.02078118
v 0.0455123 -0.0220773 0.02078812
v 0.0455123 -0.02188791 0.01953306
v 0.0455123 -0.02141904 0.0183559
v 0.0455123 -0.02065464 0.01734531
v 0.0455123 -0.0196436 0.01658339
v 0.0455123 -0.01846726 0.01611149
v 0.04550426 -0.01600051 0.01586822
v 0.0455123 -0.01721194 0.01592274
v 0.04538096 -0.02221254 0.02077938
v 0.04538098 -0.02207259 0.01972208
v 0.04543643 -0.02199205 0.01950579
v 0.045381 -0.02157759 0.01836226
v 0.04543643 -0.02151264 0.01830272
v 0.04538101 -0.02075474 0.01725385
v 0.04543643 -0.02073131 0.01726975
v 0.04538101 -0.01970946 0.01646497
v 0.04543643 -0.01969593 0.01648931
v 0.045381 -0.01953603 0.0163726
v 0.04543643 -0.01849461 0.01600738
v 0.04538098 -0.01820003 0.01591036
v 0.04543643 -0.01721887 0.01581531
v 0.04538095 -0.01722066 0.01578752
v 0.04538096 -0.01605073 0.01575554
v 0.04548353 -0.01600051 0.01583084
v 0.04548353 -0.01721581 0.01586269
v 0.04548353 -0.01848255 0.0160533
v 0.04548353 -0.01967285 0.0165308
v 0.04548353 -0.02069749 0.01730307
v 0.04548353 -0.02147136 0.01832617
v 0.04548353 -0.02194612 0.01951782
v 0.04548353 -0.02213735 0.02078424
v 0.04550426 0.01600029 0.01586822
v 0.04548355 0.01600029 0.01583087
v 0.04545022 0.01600029 0.01579419
v 0.04538096 0.01600029 0.01575549
v 0.00695278 0.00577937 0.00699999
v 0.00675278 0.00575327 0.00699999
v 0.00603589 0.00552937 -0.00100001
v 0.00642342 0.00591689 -0.00100001
v 0.00675278 0.00603967 -0.00100001
v 0.02215278 0.00575327 0.00699999
v 0.02215278 0.00603967 -0.00100001
v 0.02248215 0.00591689 -0.00100001
v 0.02195278 0.00577937 0.00699999
v 0.02286967 0.00552937 -0.00100001
v 0.02115278 0.00577937 0.00699999
v 0.02115278 0.00777937 0.00699999
v 0.02215278 0.00777937 0.00699999
v 0.00775278 0.00605873 -0.00100001
v 0.00775278 0.00721029 -0.00100001
v 0.02115278 0.00605873 -0.00100001
v 0.02115278 0.00721029 -0.00100001
v 0.00775278 0.00777937 0.00699999
v 0.00775278 0.00577937 0.00699999
v 0.00675278 0.00777937 0.00699999
v 0.01145278 0.0087 0.00139999
v 0.01145278 0.0087 0.00189999
v 0.01745278 0.0087 0.00139999
v 0.01745278 0.0087 0.00189999
v 0.01745278 0.0077 -0.00010001
v 0.01145278 0.0077 -0.00010001
v 0.01120278 0.00583175 0.00549999
v 0.01120278 0.00576191 0.00749999
v 0.01770278 0.00576191 0.00749999
v 0.01770278 0.00583175 0.00549999
v 0.02215278 0.00721029 -0.00100001
v 0.02245278 0.00721029 -0.00100001
v 0.02215278 -0.00721029 -0.00100001
v 0.02215278 -0.00603967 -0.00100001
v 0.02245278 -0.00721029 -0.00100001
v 0.02248215 -0.00591689 -0.00100001
v 0.02286967 -0.00552937 -0.00100001
v 0.02366214 -0.00670936 -0.00100001
v 0.02304474 -0.00710458 -0.00100001
v 0.02304474 0.00710458 -0.00100001
v 0.02366214 0.00670936 -0.00100001
v 0.02405737 0.00609196 -0.00100001
v 0.02416308 0.0055 -0.00100001
v 0.02416308 -0.0055 -0.00100001
v 0.02405737 -0.00609196 -0.00100001
v 0.00675278 -0.00575327 0.00699999
v 0.00675278 -0.00603967 -0.00100001
v 0.00642342 -0.00591689 -0.00100001
v 0.00695278 -0.00577937 0.00699999
v 0.00603589 -0.00552937 -0.00100001
v 0.00775278 -0.00577937 0.00699999
v 0.00775278 -0.00777937 0.00699999
v 0.00675278 -0.00777937 0.00699999
v 0.02195278 -0.00577937 0.00699999
v 0.02215278 -0.00575327 0.00699999
v 0.02115278 -0.00777937 0.00699999
v 0.02115278 -0.00577937 0.00699999
v 0.02215278 -0.00777937 0.00699999
v 0.00775278 -0.00721029 -0.00100001
v 0.00775278 -0.00605873 -0.00100001
v 0.02115278 -0.00721029 -0.00100001
v 0.02115278 -0.00605873 -0.00100001
v 0.01145278 -0.0087 0.00139999
v 0.01745278 -0.0087 0.00139999
v 0.01145278 -0.0087 0.00189999
v 0.01745278 -0.0087 0.00189999
v 0.01745278 -0.0077 -0.00010001
v 0.01145278 -0.0077 -0.00010001
v 0.01120278 -0.00583175 0.00549999
v 0.01120278 -0.00576191 0.00749999
v 0.01770278 -0.00583175 0.00549999
v 0.01770278 -0.00576191 0.00749999
v 0.00675278 -0.00721029 -0.00100001
v 0.00645278 -0.00721029 -0.00100001
v 0.00524342 0.00670936 -0.00100001
v 0.00675278 0.00721029 -0.00100001
v 0.00645278 0.00721029 -0.00100001
v 0.00586082 0.00710458 -0.00100001
v 0.00586082 -0.00710458 -0.00100001
v 0.00524342 -0.00670936 -0.00100001
v 0.0048482 -0.00609196 -0.00100001
v 0.00474249 -0.0055 -0.00100001
v 0.00474249 0.0055 -0.00100001
v 0.0048482 0.00609196 -0.00100001
v 0.04176 -0.0195757 0.01787578
v 0.04176 -0.0209532 0.02062021
v 0.04176 -0.02012138 0.01842136
v 0.04176 -0.02053475 0.01907502
v 0.04176 -0.02081381 0.01983145
v 0.04176 0.020116 0.01841561
v 0.04176 0.01957217 0.01787215
v 0.04176 0.01892022 0.01746053
v 0.04176 0.02097072 0.02084697
v 0.04176 0.02077845 0.01970981
v 0.04176 0.02051205 0.01903128
v 0.04176 0.01816636 0.01718348
v 0.04176 0.01738033 0.01704612
v 0.04176 0.01599999 0.01699949
v 0.04176 -0.011 0.017
v 0.04176 -0.01600187 0.01700076
v 0.04176 -0.01715123 0.0170289
v 0.04176 -0.01828577 0.01721799
v 0.04176 -0.01896196 0.01748236
v 0.04176 0.005 0.017
v 0.04176 0 0.017
v 0.04176 -0.005 0.017
v 0.02086 0.01737894 0.01704714
v 0.02086008 0.016 0.01699997
v 0.02356139 0.01599999 0.017
v 0.02967 0.01599999 0.017
v 0.03477 0.01599999 0.017
v 0.038765 0.01599999 0.017
v 0.02086 0.01816974 0.01718574
v 0.02086 0.01891883 0.01746155
v 0.02086 0.01957117 0.01787348
v 0.02086 0.02011462 0.01841662
v 0.02086 0.02050948 0.01902998
v 0.02086 0.02077707 0.01971083
v 0.02086 0.02096897 0.0208431
v 0.00566139 0.01599994 0.017
v 0.001045 0.01599985 0.017
v 0.001045 -0.01599983 0.017
v 0.02086 -0.01600028 0.01700002
v 0.02086 -0.01715306 0.01702781
v 0.02086 -0.01896021 0.01748201
v 0.02086 -0.01828179 0.0172165
v 0.02086 -0.02080855 0.01982507
v 0.02086 -0.02053077 0.01907353
v 0.02086 -0.02011695 0.01841931
v 0.02086 -0.01957172 0.01787429
v 0.02086 -0.02094921 0.02061872
v 0.03477 -0.01600133 0.017
v 0.038765 -0.01600164 0.017
v 0.02356139 -0.01600049 0.017
v 0.02967 -0.01600095 0.017
v 0.04046 0.0018 0.017
v 0.04046 0 0.017
v 0.04046 -0.0018 0.017
v 0.04096 -0.0018 0.017
v 0.04096 -0.0025 0.017
v 0.03976 -0.0025 0.017
v 0.03976 0 0.017
v 0.03976 0.0025 0.017
v 0.04096 0.0025 0.017
v 0.04096 0.0018 0.017
v 0.00012 -0.0065 0.017
v 0.00012 -0.011 0.017
v 0.00012 -0.0115 0.017
v -0.00108 -0.0115 0.017
v -0.00108 -0.011 0.017
v -0.00108 -0.0108 0.017
v -0.00058 -0.0108 0.017
v -0.00058 -0.0072 0.017
v -0.00108 -0.0072 0.017
v -0.00108 -0.0065 0.017
v -0.00108 0.0065 0.017
v -0.00108 0.0072 0.017
v -0.00058 0.0072 0.017
v -0.00058 0.0108 0.017
v -0.00108 0.0108 0.017
v -0.00108 0.0115 0.017
v 0.00012 0.0115 0.017
v 0.00012 0.0065 0.017
v 0.00845278 0 0.017
v 0.02045278 0 0.017
v 0.04551232 0.01721168 0.01592277
v 0.04551232 0.01846673 0.01611218
v 0.04551232 0.01964387 0.01658112
v 0.04551232 0.02065451 0.0173454
v 0.04551232 0.02141644 0.01835641
v 0.04551232 0.02188841 0.01953273
v 0.04550426 0.02213177 0.02199947
v 0.04551232 0.02207717 0.02078805
v 0.04538095 0.0222445 0.02199947
v 0.04545022 0.02220581 0.02199947
v 0.04538095 0.02221708 0.02085483
v 0.04543645 0.02218466 0.02078112
v 0.04538098 0.02211149 0.01991362
v 0.04543645 0.0219926 0.01950536
v 0.04543645 0.02073011 0.01726868
v 0.04538101 0.02153494 0.0182905
v 0.04543645 0.02151058 0.01830405
v 0.045381 0.02167737 0.01856467
v 0.04538098 0.0220196 0.01949827
v 0.04543645 0.01721862 0.01581527
v 0.04538097 0.01714178 0.01578264
v 0.04543645 0.018494 0.01600797
v 0.04538099 0.01875262 0.01605326
v 0.04543645 0.01969703 0.01648743
v 0.04538101 0.01990399 0.01657916
v 0.04538101 0.02087972 0.01738245
v 0.04548357 0.0221691 0.02199947
v 0.04548357 0.02213725 0.02078418
v 0.04548357 0.02194664 0.01951743
v 0.04548357 0.02146906 0.01832714
v 0.04548357 0.02069676 0.01730252
v 0.04548357 0.01967358 0.01652875
v 0.04548357 0.01848197 0.01605393
v 0.04548357 0.01721556 0.01586268
v 0.04550426 0.02213177 0.05800029
v 0.04548351 0.02216917 0.05800029
v 0.04545022 0.02220581 0.05800029
v 0.04538096 0.02224451 0.05800029
v 0.04543642 0.02218473 0.05921867
v 0.0455123 0.02207731 0.05921173
v 0.0455123 0.02188792 0.06046684
v 0.0455123 0.02141904 0.06164405
v 0.0455123 0.02065462 0.06265469
v 0.0455123 0.01964355 0.06341665
v 0.0455123 0.01846716 0.06388855
v 0.04550426 0.0160003 0.06413177
v 0.0455123 0.01721178 0.06407727
v 0.04538096 0.0172205 0.0642125
v 0.04538096 0.0160003 0.06424449
v 0.04545022 0.0160003 0.0642058
v 0.04543642 0.01721871 0.0641847
v 0.04543642 0.0184945 0.06399266
v 0.04538096 0.01850158 0.06401961
v 0.04543642 0.01969587 0.06351072
v 0.04538096 0.01970942 0.06353507
v 0.04543642 0.02073129 0.06273025
v 0.04538096 0.02075114 0.06274981
v 0.04538096 0.02221254 0.05922046
v 0.04538096 0.02201901 0.06050116
v 0.04543642 0.02199205 0.0604941
v 0.04538096 0.02169757 0.06140017
v 0.04543642 0.02151264 0.06169723
v 0.04538096 0.02153686 0.06171099
v 0.04538096 0.02089504 0.06259697
v 0.04548353 0.0160003 0.06416915
v 0.04548353 0.01721565 0.06413732
v 0.04548353 0.01848244 0.06394675
v 0.04548353 0.0196728 0.06346923
v 0.04548353 0.02069748 0.06269693
v 0.04548353 0.02147136 0.06167378
v 0.04548353 0.02194612 0.06048208
v 0.04548353 0.02213735 0.05921561
v 0.04538096 -0.01600029 0.0642445
v 0.04545022 -0.01600029 0.0642058
v 0.04548355 -0.01600029 0.06416912
v 0.04550426 -0.01600029 0.06413177
v 0.04543645 -0.02218467 0.05921885
v 0.04538098 -0.02211203 0.06008339
v 0.04543645 -0.0219926 0.06049461
v 0.04538098 -0.02201961 0.0605017
v 0.045381 -0.02167734 0.06143539
v 0.04543645 -0.02151058 0.06169593
v 0.04538101 -0.02153494 0.06170947
v 0.04543645 -0.02073012 0.0627313
v 0.04538101 -0.02087973 0.06261752
v 0.04538101 -0.01990401 0.06342082
v 0.04543645 -0.01969703 0.06351256
v 0.04538099 -0.01875265 0.06394672
v 0.04543645 -0.01849401 0.06399202
v 0.04538097 -0.01714184 0.06421735
v 0.04543645 -0.01721863 0.06418472
v 0.04551232 -0.01721168 0.06407722
v 0.04551232 -0.01846673 0.0638878
v 0.04551232 -0.01964388 0.06341887
v 0.04551232 -0.02065451 0.06265458
v 0.04551232 -0.02141645 0.06164356
v 0.04551232 -0.02188842 0.06046724
v 0.04551232 -0.02207717 0.05921191
v 0.04548357 -0.02213725 0.05921579
v 0.04548357 -0.02194665 0.06048254
v 0.04548357 -0.02146907 0.06167283
v 0.04548357 -0.02069677 0.06269746
v 0.04548357 -0.01967359 0.06347124
v 0.04548357 -0.01848198 0.06394605
v 0.04548357 -0.01721556 0.06413731
v -0.00243 -0.0216709 0.05799798
v -0.00243 -0.01938537 0.01694931
v -0.00243 -0.0198111 0.01721753
v -0.00243 -0.02103932 0.06138755
v -0.00243 -0.02076829 0.06181734
v -0.00243 0.02095506 0.01846007
v -0.00243 0.01953373 0.06295501
v -0.00243 -0.0216709 0.02200228
v -0.00243 -0.02161168 0.02053882
v -0.00243 -0.02140856 0.01949761
v -0.00243 -0.02049262 0.01783021
v -0.00243 -0.0208164 0.01824438
v -0.00243 -0.02126149 0.01907711
v -0.00243 -0.01716219 0.01635589
v -0.00243 -0.01821169 0.01650549
v -0.00243 0.02033211 0.01765977
v -0.00243 0.01953364 0.01703478
v -0.00243 0.02033123 0.06233232
v -0.00243 0.02095398 0.061535
v -0.00243 -0.02163764 0.05916976
v -0.00243 -0.0214831 0.06022195
v -0.00243 -0.02140148 0.06052342
v -0.00243 -0.0185228 0.01658863
v -0.00243 -0.01599597 0.0163291
v -0.00243 -0.011 0.017
v -0.00243 0.01599543 0.0163291
v -0.00243 0.0173336 0.01636901
v -0.00243 0.01856527 0.01660163
v -0.00243 -0.01890189 0.06326827
v -0.00243 -0.01973466 0.06282614
v -0.00243 -0.02015547 0.06249817
v -0.00243 0.02138806 0.06056627
v -0.00243 0.0216242 0.05933475
v -0.00243 0.0216709 0.05799771
v -0.00243 0.0216709 0.02200201
v -0.00243 0.02162522 0.02067407
v -0.00243 0.02139146 0.01944088
v -0.00243 -0.01847859 0.06341472
v -0.00243 -0.01743478 0.06361438
v -0.00243 -0.01599771 0.06367089
v -0.00243 0.01599799 0.06367089
v -0.00243 0.01732477 0.06362532
v -0.00243 0.01855763 0.06339103
v -0.00243 -0.005 0.017
v -0.00243 0 0.017
v -0.00243 0.005 0.017
v 0.04304976 -0.02299049 0.02199951
v 0.04304975 -0.02299048 0.05800049
v 0.04305073 -0.02280118 0.01956282
v 0.04305033 -0.02286077 0.01987003
v 0.04305007 -0.02298269 0.0213273
v 0.04304975 -0.01600415 0.01500952
v 0.04304976 -0.01600052 0.01500952
v 0.04304975 -0.01770233 0.01507998
v 0.04304986 -0.01788923 0.01510253
v 0.04305026 -0.01886672 0.01530774
v 0.04305008 -0.01834837 0.01517928
v 0.04305072 -0.02145468 0.01690977
v 0.04305118 -0.02083718 0.01632465
v 0.04305115 -0.02073476 0.01624465
v 0.0430508 -0.01988874 0.0157152
v 0.04305054 -0.01948568 0.01552703
v 0.04305083 -0.02193453 0.01752026
v 0.04305128 -0.02212751 0.01782147
v 0.04305023 -0.02265042 0.01899826
v 0.0430505 -0.02256378 0.01874427
v 0.04305132 -0.02223276 0.01800614
v 0.04304976 0.0160003 0.0150095
v 0.00675278 0.00751011 -0.00071048
v 0.00675278 0.00735726 -0.00096154
v 0.00675278 0.00746654 -0.00085601
v 0.00645278 0.00731191 -0.00098227
v 0.00645278 0.00735726 -0.00096154
v 0.00645278 0.00741869 -0.00091581
v 0.00645278 0.00751011 -0.00071048
v 0.00645278 0.00748884 -0.00081142
v 0.00645278 0.00746654 -0.00085601
v 0.02245278 0.00731191 -0.00098227
v 0.02215278 0.00735726 -0.00096154
v 0.02245278 0.00735726 -0.00096154
v 0.02245278 0.00741869 -0.00091581
v 0.02215278 0.00746654 -0.00085601
v 0.02245278 0.00746654 -0.00085601
v 0.02245278 0.00748884 -0.00081142
v 0.02215278 0.00751011 -0.00071048
v 0.02245278 0.00751011 -0.00071048
v 0.02115278 0.00751011 -0.00071048
v 0.02115278 0.00735726 -0.00096154
v 0.02115278 0.00746654 -0.00085601
v 0.00775278 0.00735726 -0.00096154
v 0.00775278 0.00746654 -0.00085601
v 0.00775278 0.00751011 -0.00071048
v 0.01745278 0.00760127 0.00189999
v 0.01145278 0.00760127 0.00189999
v 0.01145278 0.00753143 -0.00010001
v 0.01745278 0.00753143 -0.00010001
v 0.01770278 0.00779683 0.00749999
v 0.01120278 0.00779683 0.00749999
v 0.01120278 0.00772699 0.00549999
v 0.01770278 0.00772699 0.00549999
v 0.02415271 0.00612713 -0.00098227
v 0.0242647 0.0055 -0.00098227
v 0.02431004 0.0055 -0.00096154
v 0.02425288 0.00616409 -0.00091581
v 0.02437147 0.0055 -0.00091581
v 0.02441932 0.0055 -0.00085601
v 0.0243187 0.00618837 -0.00081142
v 0.02444162 0.0055 -0.00081142
v 0.0238591 0.00690632 -0.00081142
v 0.02387415 0.00692136 -0.00071048
v 0.02433865 0.00619573 -0.00071048
v 0.02314116 0.00736591 -0.00081142
v 0.02314852 0.00738587 -0.00071048
v 0.02311688 0.0073001 -0.00091581
v 0.02307992 0.00719992 -0.00098227
v 0.0238095 0.00685672 -0.00091581
v 0.023734 0.00678122 -0.00098227
v 0.02446289 0.0055 -0.00071048
v 0.02446289 -0.0055 -0.00071048
v 0.02444162 -0.0055 -0.00081142
v 0.02441932 -0.0055 -0.00085601
v 0.02437147 -0.0055 -0.00091581
v 0.02431004 -0.0055 -0.00096154
v 0.0242647 -0.0055 -0.00098227
v 0.02425288 -0.00616409 -0.00091581
v 0.0243187 -0.00618837 -0.00081142
v 0.02245278 -0.00746654 -0.00085601
v 0.02245278 -0.00741869 -0.00091581
v 0.02311688 -0.0073001 -0.00091581
v 0.02245278 -0.00735726 -0.00096154
v 0.02245278 -0.00731191 -0.00098227
v 0.02307992 -0.00719992 -0.00098227
v 0.02415271 -0.00612713 -0.00098227
v 0.023734 -0.00678122 -0.00098227
v 0.02314852 -0.00738587 -0.00071048
v 0.02245278 -0.00751011 -0.00071048
v 0.02245278 -0.00748884 -0.00081142
v 0.02314116 -0.00736591 -0.00081142
v 0.0238591 -0.00690632 -0.00081142
v 0.02387415 -0.00692136 -0.00071048
v 0.02433865 -0.00619573 -0.00071048
v 0.0238095 -0.00685672 -0.00091581
v 0.00775278 -0.00751011 -0.00071048
v 0.00775278 -0.00735726 -0.00096154
v 0.00775278 -0.00746654 -0.00085601
v 0.00675278 -0.00751011 -0.00071048
v 0.00675278 -0.00746654 -0.00085601
v 0.00675278 -0.00735726 -0.00096154
v 0.00645278 -0.00731191 -0.00098227
v 0.00645278 -0.00735726 -0.00096154
v 0.00645278 -0.00741869 -0.00091581
v 0.00645278 -0.00746654 -0.00085601
v 0.00645278 -0.00748884 -0.00081142
v 0.00645278 -0.00751011 -0.00071048
v 0.02215278 -0.00735726 -0.00096154
v 0.02215278 -0.00746654 -0.00085601
v 0.02215278 -0.00751011 -0.00071048
v 0.02115278 -0.00751011 -0.00071048
v 0.02115278 -0.00746654 -0.00085601
v 0.02115278 -0.00735726 -0.00096154
v 0.01745278 -0.00753143 -0.00010001
v 0.01745278 -0.00760127 0.00189999
v 0.01145278 -0.00760127 0.00189999
v 0.01145278 -0.00753143 -0.00010001
v 0.01770278 -0.00779683 0.00749999
v 0.01770278 -0.00772699 0.00549999
v 0.01120278 -0.00779683 0.00749999
v 0.01120278 -0.00772699 0.00549999
v 0.00475286 -0.00612713 -0.00098227
v 0.00464087 -0.0055 -0.00098227
v 0.00459552 -0.0055 -0.00096154
v 0.00465268 -0.00616409 -0.00091581
v 0.00453409 -0.0055 -0.00091581
v 0.00448624 -0.0055 -0.00085601
v 0.00458687 -0.00618837 -0.00081142
v 0.00446394 -0.0055 -0.00081142
v 0.00504646 -0.00690632 -0.00081142
v 0.00503142 -0.00692136 -0.00071048
v 0.00456691 -0.00619573 -0.00071048
v 0.00576441 -0.00736591 -0.00081142
v 0.00575705 -0.00738587 -0.00071048
v 0.00578869 -0.0073001 -0.00091581
v 0.00582565 -0.00719992 -0.00098227
v 0.00509606 -0.00685672 -0.00091581
v 0.00517157 -0.00678122 -0.00098227
v 0.00444267 -0.0055 -0.00071048
v 0.00444267 0.0055 -0.00071048
v 0.00446394 0.0055 -0.00081142
v 0.00448624 0.0055 -0.00085601
v 0.00453409 0.0055 -0.00091581
v 0.00459552 0.0055 -0.00096154
v 0.00464087 0.0055 -0.00098227
v 0.00465268 0.00616409 -0.00091581
v 0.00458687 0.00618837 -0.00081142
v 0.00578869 0.0073001 -0.00091581
v 0.00582565 0.00719992 -0.00098227
v 0.00475286 0.00612713 -0.00098227
v 0.00517157 0.00678122 -0.00098227
v 0.00575705 0.00738587 -0.00071048
v 0.00576441 0.00736591 -0.00081142
v 0.00504646 0.00690632 -0.00081142
v 0.00503142 0.00692136 -0.00071048
v 0.00456691 0.00619573 -0.00071048
v 0.00509606 0.00685672 -0.00091581
v 0.03777 0.01005 0.017
v 0.03777 0.005 0.017
v 0.038765 0.005 0.017
v 0.02356139 -0.011 0.017
v 0.001045 -0.011 0.017
v -0.001755 0.005 0.017
v 0.00197 0.01005 0.017
v 0.00203029 0.010275 0.017
v 0.002195 0.01043971 0.017
v 0.00242 0.0105 0.017
v 0.002645 0.01043971 0.017
v 0.001045 0.005 0.017
v 0.00566139 0.005 0.017
v 0.02356139 0.005 0.017
v 0.038765 -0.011 0.017
v 0.03477 -0.011 0.017
v 0.02967 -0.011 0.017
v 0.026895 -0.01043971 0.017
v 0.02712 -0.0105 0.017
v 0.027345 -0.01043971 0.017
v 0.02750971 -0.010275 0.017
v 0.02671456 -0.00275475 0.017
v 0.02683943 -0.00259818 0.017
v 0.02356139 0 0.017
v 0.02701987 -0.00251128 0.017
v 0.02967 0 0.017
v 0.02722013 -0.00251128 0.017
v 0.02740057 -0.00259818 0.017
v 0.02673029 -0.010275 0.017
v 0.02667 -0.01005 0.017
v 0.02356139 -0.005 0.017
v 0.02667 -0.005 0.017
v 0.02667 -0.00295 0.017
v 0.02752544 -0.00275475 0.017
v 0.02757 -0.00295 0.017
v 0.02967 -0.005 0.017
v 0.02757 -0.005 0.017
v 0.02757 -0.01005 0.017
v 0.03222 0.0025 0.017
v 0.031995 0.00256029 0.017
v 0.032445 0.00256029 0.017
v 0.03477 0 0.017
v 0.03260971 0.002725 0.017
v 0.03183029 0.002725 0.017
v 0.03177 0.00295 0.017
v 0.02967 0.005 0.017
v 0.03177 0.005 0.017
v 0.03177 0.01005 0.017
v 0.03181456 0.01024525 0.017
v 0.03193943 0.01040182 0.017
v 0.03211987 0.01048872 0.017
v 0.03232013 0.01048872 0.017
v 0.03250057 0.01040182 0.017
v 0.03262544 0.01024525 0.017
v 0.03267 0.01005 0.017
v 0.03477 0.005 0.017
v 0.03267 0.005 0.017
v 0.03267 0.00295 0.017
v 0.03222 -0.0105 0.017
v 0.031995 -0.01043971 0.017
v 0.03260971 -0.010275 0.017
v 0.032445 -0.01043971 0.017
v 0.03183029 -0.010275 0.017
v 0.03177 -0.01005 0.017
v 0.03177 -0.005 0.017
v 0.03177 -0.00295 0.017
v 0.03181456 -0.00275475 0.017
v 0.03193943 -0.00259818 0.017
v 0.03211987 -0.00251128 0.017
v 0.03232013 -0.00251128 0.017
v 0.03250057 -0.00259818 0.017
v 0.03262544 -0.00275475 0.017
v 0.03267 -0.00295 0.017
v 0.03477 -0.005 0.017
v 0.03267 -0.005 0.017
v 0.03267 -0.01005 0.017
v 0.038765 0 0.017
v 0.03777 0.00295 0.017
v 0.03770971 0.002725 0.017
v 0.037545 0.00256029 0.017
v 0.03732 0.0025 0.017
v 0.037095 0.00256029 0.017
v 0.03760057 0.01040182 0.017
v 0.03772544 0.01024525 0.017
v 0.03693029 0.002725 0.017
v 0.03687 0.00295 0.017
v 0.03687 0.005 0.017
v 0.03687 0.01005 0.017
v 0.03691456 0.01024525 0.017
v 0.03703943 0.01040182 0.017
v 0.03721987 0.01048872 0.017
v 0.03742013 0.01048872 0.017
v 0.037095 -0.01043971 0.017
v 0.03732 -0.0105 0.017
v 0.037545 -0.01043971 0.017
v 0.03770971 -0.010275 0.017
v 0.03760057 -0.00259818 0.017
v 0.03772544 -0.00275475 0.017
v 0.03777 -0.00295 0.017
v 0.038765 -0.005 0.017
v 0.03777 -0.005 0.017
v 0.03777 -0.01005 0.017
v 0.03693029 -0.010275 0.017
v 0.03687 -0.01005 0.017
v 0.03687 -0.005 0.017
v 0.03687 -0.00295 0.017
v 0.03691456 -0.00275475 0.017
v 0.03703943 -0.00259818 0.017
v 0.03721987 -0.00251128 0.017
v 0.03742013 -0.00251128 0.017
v 0.00566139 -0.011 0.017
v -0.001755 -0.011 0.017
v -0.001755 -0.005 0.017
v 0.00280971 0.010275 0.017
v 0.00287 0.01005 0.017
v 0.00287 0.005 0.017
v 0.00566139 0 0.017
v 0.00287 0.00295 0.017
v 0.00280971 0.002725 0.017
v 0.002645 0.00256029 0.017
v 0.001045 0 0.017
v 0.00242 0.0025 0.017
v 0.002195 0.00256029 0.017
v 0.00203029 0.002725 0.017
v 0.00197 0.00295 0.017
v 0.00197 0.005 0.017
v 0.00280971 -0.010275 0.017
v 0.002645 -0.01043971 0.017
v 0.00242 -0.0105 0.017
v 0.002195 -0.01043971 0.017
v 0.00203029 -0.010275 0.017
v 0.00197 -0.01005 0.017
v 0.001045 -0.005 0.017
v 0.00213943 -0.00259818 0.017
v 0.00231987 -0.00251128 0.017
v 0.00252013 -0.00251128 0.017
v 0.00270057 -0.00259818 0.017
v 0.00282544 -0.00275475 0.017
v 0.00287 -0.00295 0.017
v 0.00566139 -0.005 0.017
v 0.00287 -0.005 0.017
v 0.00287 -0.01005 0.017
v 0.00197 -0.005 0.017
v 0.00197 -0.00295 0.017
v 0.00201456 -0.00275475 0.017
v 0.02750971 0.002725 0.017
v 0.027345 0.00256029 0.017
v 0.02712 0.0025 0.017
v 0.026895 0.00256029 0.017
v 0.02671456 0.01024525 0.017
v 0.02683943 0.01040182 0.017
v 0.02701987 0.01048872 0.017
v 0.02722013 0.01048872 0.017
v 0.02740057 0.01040182 0.017
v 0.02752544 0.01024525 0.017
v 0.02757 0.01005 0.017
v 0.02757 0.005 0.017
v 0.02757 0.00295 0.017
v 0.02673029 0.002725 0.017
v 0.02667 0.00295 0.017
v 0.02667 0.005 0.017
v 0.02667 0.01005 0.017
v -0.001755 0 0.017
v 0.04304974 0.01657881 0.01501502
v 0.04304975 0.02299048 0.02199947
v 0.04305043 0.02292386 0.02033604
v 0.04305063 0.02289779 0.02011524
v 0.04305116 0.02271152 0.01920127
v 0.04305149 0.02247448 0.01851882
v 0.04305173 0.02230657 0.01815489
v 0.04305163 0.02168943 0.01718084
v 0.04305036 0.02090812 0.01638843
v 0.04305146 0.02142481 0.0168736
v 0.04305061 0.01797128 0.01511441
v 0.04305115 0.01906394 0.01537006
v 0.04305177 0.0200636 0.01580617
v 0.04305109 0.02048363 0.01606833
v 0.04304976 0.02299049 0.05800029
v 0.04305116 0.02237297 0.06171631
v 0.04304975 0.0177023 0.06492002
v 0.04304963 0.0174835 0.06494103
v 0.04305007 0.02298268 0.05867302
v 0.04304971 0.01624057 0.06498962
v 0.04304975 0.01602267 0.06499047
v 0.04304975 0.0160003 0.06499048
v 0.04304986 0.01788891 0.06489751
v 0.04305013 0.01845605 0.06479791
v 0.04305054 0.01948534 0.06447311
v 0.04305026 0.01886677 0.06469225
v 0.04305115 0.02073472 0.06375537
v 0.0430508 0.01988893 0.0642847
v 0.04305128 0.02212746 0.06217857
v 0.04305083 0.02193434 0.06247997
v 0.04305072 0.02145456 0.06309034
v 0.04305118 0.02083692 0.06367554
v 0.04305033 0.02286072 0.06013015
v 0.04305023 0.02265029 0.06100202
v 0.0430505 0.02256372 0.06125579
v 0.04304976 -0.0160003 0.06499048
v 0.04304974 -0.01657881 0.06498496
v 0.04305043 -0.02292386 0.05966393
v 0.04305063 -0.0228978 0.05988472
v 0.04305163 -0.02168944 0.06281915
v 0.04305173 -0.02230658 0.06184509
v 0.04305149 -0.02247448 0.06148114
v 0.04305116 -0.02271153 0.0607987
v 0.04305087 -0.0228457 0.06021677
v 0.04305036 -0.02090811 0.06361157
v 0.04305146 -0.02142482 0.06312638
v 0.04305061 -0.01797128 0.06488558
v 0.04305114 -0.01906395 0.06462992
v 0.04305177 -0.02006361 0.06419381
v 0.04305109 -0.02048365 0.06393164
v -0.00168 -0.01599765 0.06374972
v -0.00168 -0.01746743 0.06369016
v -0.00168 -0.01851458 0.06348627
v -0.00168 -0.01895503 0.06333181
v -0.00168 -0.01979261 0.06288202
v -0.00168 -0.02022895 0.06253817
v -0.00168 -0.02084368 0.06184742
v -0.00168 -0.02112338 0.06139808
v -0.00168 -0.02174973 0.05799774
v -0.00168 -0.02171595 0.05917994
v -0.00168 -0.02155942 0.06024173
v -0.00168 -0.0214839 0.06052316
v -0.00168 0.01599776 0.06374972
v -0.00168 0.02168977 0.05947127
v -0.00168 0.02174973 0.05799765
v -0.00168 0.02148544 0.0605175
v -0.00168 0.02133094 0.06095732
v -0.00168 0.02088077 0.06179448
v -0.00168 0.02053733 0.06222996
v -0.00168 0.01984636 0.06284438
v -0.00168 0.01939856 0.06312314
v -0.00168 0.01852285 0.06348409
v -0.00168 0.01824429 0.06355879
v -0.00168 0.01718103 0.06371594
v -0.00168 0.02174973 0.02200224
v -0.00168 0.01599531 0.01625027
v -0.00168 0.01637949 0.01624993
v -0.00168 0.0173917 0.01629513
v -0.00168 0.01851326 0.01650343
v -0.00168 0.01895698 0.01665852
v -0.00168 0.0197915 0.01710699
v -0.00168 0.02023222 0.01745544
v -0.00168 0.02084482 0.01814708
v -0.00168 0.02112507 0.01859944
v -0.00168 0.02148493 0.0194772
v -0.00168 0.0215586 0.01975241
v -0.00168 0.02171578 0.02081703
v -0.00168 -0.01599552 0.01625027
v -0.00168 -0.02174973 0.02200234
v -0.00168 -0.02168722 0.02050474
v -0.00168 -0.02147967 0.01946031
v -0.00168 -0.02132445 0.01902273
v -0.00168 -0.0208715 0.01818537
v -0.00168 -0.02053205 0.01775612
v -0.00168 -0.01984055 0.01714172
v -0.00168 -0.01939563 0.01686511
v -0.00168 -0.01717221 0.01627755
v -0.00168 -0.01823145 0.01642916
v -0.00168 -0.0185223 0.01650618
v 0.04298878 -0.023 0.05800049
v 0.04298879 -0.023 0.02199953
v 0.04302081 -0.0178901 0.01509563
v 0.04303497 -0.02290556 0.02014161
v 0.04302152 -0.02265702 0.01899625
v 0.04302179 -0.02194031 0.01751627
v 0.04302174 -0.02084162 0.01631907
v 0.04302152 -0.01948839 0.01552058
v 0.04302016 -0.01600054 0.01500247
v 0.04298871 -0.01789052 0.0150931
v 0.04298897 -0.01759721 0.01505966
v 0.04298879 -0.01600057 0.01499999
v 0.04298946 -0.01872612 0.01525826
v 0.04298977 -0.01922015 0.01541329
v 0.04299006 -0.02084328 0.01631703
v 0.04299005 -0.02074454 0.01623981
v 0.04298978 -0.01979348 0.01565665
v 0.04298975 -0.01948939 0.01551817
v 0.04299002 -0.02149847 0.01694458
v 0.04298991 -0.02194248 0.01751481
v 0.04298992 -0.0226595 0.01899537
v 0.04299022 -0.02258352 0.01877073
v 0.04299007 -0.02235923 0.01823178
v 0.04298989 -0.02211139 0.01777574
v 0.04298885 -0.0228808 0.01993245
v 0.04298973 -0.02299461 0.02142661
v 0.04298879 0 0.01499999
v 0.04298879 0.01600032 0.01499999
v 0.02245278 0.00805873 0.01499999
v 0.00645278 0.00805873 0.01499999
v 0.02501152 0.0055 0.01499999
v 0.02481674 0.00647918 0.01499999
v 0.02426208 0.0073093 0.01499999
v 0.02343197 0.00786396 0.01499999
v 0.02501152 -0.0055 0.01499999
v 0.02501152 0 0.01499999
v 0.02245278 -0.00805873 0.01499999
v 0.02343197 -0.00786396 0.01499999
v 0.02426208 -0.0073093 0.01499999
v 0.02481674 -0.00647918 0.01499999
v 0.00645278 -0.00805873 0.01499999
v 0.00389405 -0.0055 0.01499999
v 0.00408882 -0.00647918 0.01499999
v 0.00464349 -0.0073093 0.01499999
v 0.0054736 -0.00786396 0.01499999
v 0.00389405 0.0055 0.01499999
v 0.00389405 0 0.01499999
v 0.0054736 0.00786396 0.01499999
v 0.00464349 0.0073093 0.01499999
v 0.00408882 0.00647918 0.01499999
v 0.02645979 0.01005 0.01499999
v 0.02645979 0.00295 0.01499999
v 0.02652517 0.01033645 0.01499999
v 0.02670837 0.01056617 0.01499999
v 0.02697309 0.01069366 0.01499999
v 0.02726691 0.01069366 0.01499999
v 0.02753163 0.01056617 0.01499999
v 0.02771483 0.01033645 0.01499999
v 0.02778021 0.01005 0.01499999
v 0.02778021 0.00295 0.01499999
v 0.02769176 0.0026199 0.01499999
v 0.0274501 0.00237824 0.01499999
v 0.02712 0.00228979 0.01499999
v 0.0267899 0.00237824 0.01499999
v 0.02654824 0.0026199 0.01499999
v 0.02645979 -0.01005 0.01499999
v 0.02645979 -0.00295 0.01499999
v 0.02652517 -0.00266355 0.01499999
v 0.02670837 -0.00243383 0.01499999
v 0.02697309 -0.00230634 0.01499999
v 0.02726691 -0.00230634 0.01499999
v 0.02753163 -0.00243383 0.01499999
v 0.02771483 -0.00266355 0.01499999
v 0.02778021 -0.00295 0.01499999
v 0.02778021 -0.01005 0.01499999
v 0.02769176 -0.0103801 0.01499999
v 0.0274501 -0.01062176 0.01499999
v 0.02712 -0.01071021 0.01499999
v 0.0267899 -0.01062176 0.01499999
v 0.02654824 -0.0103801 0.01499999
v 0.03155979 0.01005 0.01499999
v 0.03155979 0.00295 0.01499999
v 0.03162517 0.01033645 0.01499999
v 0.03180837 0.01056617 0.01499999
v 0.03207309 0.01069366 0.01499999
v 0.03236691 0.01069366 0.01499999
v 0.03263163 0.01056617 0.01499999
v 0.03281483 0.01033645 0.01499999
v 0.03288021 0.01005 0.01499999
v 0.03288021 0.00295 0.01499999
v 0.03279176 0.0026199 0.01499999
v 0.0325501 0.00237824 0.01499999
v 0.03222 0.00228979 0.01499999
v 0.0318899 0.00237824 0.01499999
v 0.03164824 0.0026199 0.01499999
v 0.03155979 -0.01005 0.01499999
v 0.03155979 -0.00295 0.01499999
v 0.03162517 -0.00266355 0.01499999
v 0.03180837 -0.00243383 0.01499999
v 0.03207309 -0.00230634 0.01499999
v 0.03236691 -0.00230634 0.01499999
v 0.03263163 -0.00243383 0.01499999
v 0.03281483 -0.00266355 0.01499999
v 0.03288021 -0.00295 0.01499999
v 0.03288021 -0.01005 0.01499999
v 0.03279176 -0.0103801 0.01499999
v 0.0325501 -0.01062176 0.01499999
v 0.03222 -0.01071021 0.01499999
v 0.0318899 -0.01062176 0.01499999
v 0.03164824 -0.0103801 0.01499999
v 0.03665979 0.01005 0.01499999
v 0.03665979 0.00295 0.01499999
v 0.03672517 0.01033645 0.01499999
v 0.03690837 0.01056617 0.01499999
v 0.03717309 0.01069366 0.01499999
v 0.03746691 0.01069366 0.01499999
v 0.03773163 0.01056617 0.01499999
v 0.03791483 0.01033645 0.01499999
v 0.03798021 0.01005 0.01499999
v 0.03798021 0.00295 0.01499999
v 0.03789176 0.0026199 0.01499999
v 0.0376501 0.00237824 0.01499999
v 0.03732 0.00228979 0.01499999
v 0.0369899 0.00237824 0.01499999
v 0.03674824 0.0026199 0.01499999
v 0.03665979 -0.01005 0.01499999
v 0.03665979 -0.00295 0.01499999
v 0.03672517 -0.00266355 0.01499999
v 0.03690837 -0.00243383 0.01499999
v 0.03717309 -0.00230634 0.01499999
v 0.03746691 -0.00230634 0.01499999
v 0.03773163 -0.00243383 0.01499999
v 0.03791483 -0.00266355 0.01499999
v 0.03798021 -0.00295 0.01499999
v 0.03798021 -0.01005 0.01499999
v 0.03789176 -0.0103801 0.01499999
v 0.0376501 -0.01062176 0.01499999
v 0.03732 -0.01071021 0.01499999
v 0.0369899 -0.01062176 0.01499999
v 0.03674824 -0.0103801 0.01499999
v 0.00175979 0.01005 0.01499999
v 0.00175979 0.00295 0.01499999
v 0.00184824 0.0103801 0.01499999
v 0.0020899 0.01062176 0.01499999
v 0.00242 0.01071021 0.01499999
v 0.0027501 0.01062176 0.01499999
v 0.00299176 0.0103801 0.01499999
v 0.00308021 0.01005 0.01499999
v 0.00308021 0.00295 0.01499999
v 0.00299176 0.0026199 0.01499999
v 0.0027501 0.00237824 0.01499999
v 0.00242 0.00228979 0.01499999
v 0.0020899 0.00237824 0.01499999
v 0.00184824 0.0026199 0.01499999
v 0.00175979 -0.01005 0.01499999
v 0.00175979 -0.00295 0.01499999
v 0.00182517 -0.00266355 0.01499999
v 0.00200837 -0.00243383 0.01499999
v 0.00227309 -0.00230634 0.01499999
v 0.00256691 -0.00230634 0.01499999
v 0.00283163 -0.00243383 0.01499999
v 0.00301483 -0.00266355 0.01499999
v 0.00308021 -0.00295 0.01499999
v 0.00308021 -0.01005 0.01499999
v 0.00299176 -0.0103801 0.01499999
v 0.0027501 -0.01062176 0.01499999
v 0.00242 -0.01071021 0.01499999
v 0.0020899 -0.01062176 0.01499999
v 0.00184824 -0.0103801 0.01499999
v 0.04301049 0.01902693 0.01534888
v 0.04303624 0.01782349 0.01509035
v 0.04302173 0.02048767 0.01606247
v 0.04301951 0.02168908 0.01716811
v 0.04302159 0.0224812 0.018516
v 0.04302117 0.02290489 0.02011435
v 0.04298859 0.02290748 0.02011393
v 0.04298887 0.02294034 0.02040296
v 0.04298879 0.023 0.02199942
v 0.04298932 0.02274179 0.01927411
v 0.04298962 0.0225746 0.01874669
v 0.04298989 0.02168559 0.0171601
v 0.04298988 0.02176198 0.01725792
v 0.04298962 0.02234326 0.01820643
v 0.04298959 0.02248362 0.01851499
v 0.04298985 0.02105818 0.01650408
v 0.04298975 0.01900987 0.0153422
v 0.04299001 0.01923537 0.01541876
v 0.04298998 0.01974659 0.01563076
v 0.0429897 0.02023371 0.01589449
v 0.04298972 0.02048914 0.0160603
v 0.04298989 0.01977264 0.01564322
v 0.04298879 0.0180702 0.01511967
v 0.04298972 0.01657745 0.01500547
v 0.04298879 0.023 0.05800032
v 0.04302152 0.0226569 0.06100404
v 0.04303496 0.02290551 0.05985858
v 0.04302179 0.02194012 0.06248396
v 0.04302174 0.02084137 0.06368113
v 0.04302152 0.01948805 0.06447956
v 0.04302081 0.01788978 0.06490441
v 0.04302016 0.01600033 0.06499752
v 0.04298872 0.01789021 0.06490694
v 0.04298897 0.01759722 0.06494033
v 0.04298879 0.01600035 0.065
v 0.04298946 0.01872612 0.06474175
v 0.04298977 0.01921847 0.06458732
v 0.04299006 0.02084302 0.06368316
v 0.04299005 0.02074444 0.06376026
v 0.04298979 0.0197935 0.06434334
v 0.04298975 0.01948906 0.06448197
v 0.04299003 0.02149839 0.06305548
v 0.04298991 0.02194229 0.06248542
v 0.04298993 0.02265937 0.06100492
v 0.04299022 0.02258346 0.06122932
v 0.04299007 0.0223594 0.06176779
v 0.04298989 0.02211131 0.06222434
v 0.04298885 0.02288078 0.06006756
v 0.04298973 0.0229946 0.0585734
v 0.04298879 -0.01600032 0.065
v 0.04302117 -0.02290489 0.05988561
v 0.04301049 -0.01902696 0.0646511
v 0.04303624 -0.01782351 0.06490963
v 0.04302173 -0.02048769 0.06393751
v 0.04301951 -0.02168909 0.06283186
v 0.04302159 -0.02248121 0.06148397
v 0.04298859 -0.02290748 0.05988603
v 0.04298887 -0.02294034 0.05959699
v 0.04298932 -0.0227418 0.06072585
v 0.04298962 -0.02257506 0.06125204
v 0.04298989 -0.02168561 0.06283987
v 0.04298988 -0.021762 0.06274204
v 0.04298962 -0.02234327 0.06179354
v 0.04298959 -0.02248363 0.06148498
v 0.04298985 -0.02105821 0.06349588
v 0.04298975 -0.0190099 0.06465778
v 0.04299001 -0.01923542 0.06458122
v 0.04298998 -0.01974663 0.06436921
v 0.0429897 -0.02023376 0.06410547
v 0.04298972 -0.02048916 0.06393968
v 0.04298989 -0.01977245 0.06435686
v 0.04298879 -0.01807024 0.06488031
v 0.04298972 -0.0165775 0.06499451
v -0.00168 -0.019761 0.01702612
v -0.00168 -0.02020858 0.01736771
v -0.00168 -0.02083824 0.01805203
v -0.00168 -0.02112809 0.01850178
v -0.00168 -0.02150639 0.0193766
v -0.00168 -0.02161321 0.0197662
v -0.00168 -0.02176671 0.02082692
v -0.00168 -0.0218 0.02200243
v -0.00168 -0.0218 0.05799761
v -0.00168 -0.02175938 0.05927151
v -0.00168 -0.02155586 0.06045559
v -0.00168 -0.02140385 0.06091114
v -0.00168 -0.02106626 0.06159936
v -0.00168 -0.01959924 0.01692366
v -0.00168 -0.01891525 0.01658755
v -0.00168 -0.01845797 0.01643532
v -0.00168 -0.01727967 0.01623495
v -0.00168 -0.01599518 0.01619999
v -0.00168 0.02020562 0.06262574
v -0.00168 0.02083663 0.06194311
v -0.00168 0.02112648 0.06149548
v -0.00168 0.0215054 0.06062336
v -0.00168 0.02161399 0.06022817
v -0.00168 0.02176687 0.05917016
v -0.00168 0.0218 0.05799752
v -0.00168 0.0218 0.02200242
v -0.00168 0.02175759 0.02070606
v -0.00168 0.02155075 0.01952344
v -0.00168 0.02139803 0.01906992
v -0.00168 0.02106584 0.01839377
v -0.00168 0.02095632 0.01822066
v -0.00168 0.02062069 0.01778045
v -0.00168 0.01993827 0.01714977
v -0.00168 0.01949267 0.01686147
v -0.00168 0.01862287 0.01648442
v -0.00168 0.01821522 0.01637378
v -0.00168 0.01716123 0.01622651
v -0.00168 0.01599504 0.01619999
v -0.00168 -0.0209648 0.06175984
v -0.00168 -0.02062616 0.06220505
v -0.00168 -0.01994354 0.06283628
v -0.00168 -0.01949551 0.06312639
v -0.00168 -0.01862342 0.06350535
v -0.00168 -0.01822834 0.06361391
v -0.00168 -0.01717027 0.06376685
v -0.00168 -0.01599758 0.06379999
v -0.00168 0.01599759 0.06379999
v -0.00168 0.01727197 0.06375942
v -0.00168 0.01845701 0.06355552
v -0.00168 0.01891169 0.0634038
v -0.00168 0.0196003 0.06306563
v -0.00168 0.01976065 0.06296419
v -0.00138 -0.023 0.02199969
v -0.00138 -0.023 0.05800049
v 0.02094066 -0.02240978 0.01830202
v 0.02094539 -0.02287542 0.01984443
v 0.02093825 -0.02149624 0.01691116
v 0.02093889 -0.02060639 0.01611668
v 0.02094242 -0.01919104 0.01538759
v 0.02095097 -0.01733396 0.0150354
v 0.00348713 -0.01600033 0.01499999
v 0.02573565 -0.01600046 0.01499999
v 0.02967 -0.01600049 0.01499999
v 0.03477 -0.01600052 0.01499999
v -0.00138 -0.01723521 0.01503346
v -0.00138 -0.0160003 0.01499999
v 0.0001899 -0.0160003 0.01499999
v -0.00138 -0.02288275 0.01998943
v -0.00138 -0.02242192 0.01839072
v -0.00138 -0.02149804 0.01694972
v -0.00138 -0.02060442 0.01614913
v -0.00138 -0.01915016 0.01539358
v 0.02967 0.01600029 0.01499999
v 0.00348713 0 0.01499999
v 0.0001899 0 0.01499999
v 0.02573565 0 0.01499999
v 0.02967 0 0.01499999
v 0.03477 0 0.01499999
v 0.03477 0.0160003 0.01499999
v 0.02573565 0.01600028 0.01499999
v 0.00348713 0.01600023 0.01499999
v 0.0001899 0.01600022 0.01499999
v -0.00138 0 0.01499999
v -0.00138 0.01600022 0.015
v 0.02094539 0.01815765 0.01512479
v -0.00138 0.0180112 0.01511718
v 0.02094067 0.01971553 0.01559586
v 0.02093814 0.02109091 0.01650657
v 0.02093866 0.02186996 0.01737305
v 0.020942 0.02259966 0.01877417
v 0.02095051 0.0229627 0.02063966
v -0.00138 0.023 0.0219997
v -0.00138 0.01963911 0.01559082
v -0.00138 0.02104857 0.016502
v -0.00138 0.0218389 0.0173733
v -0.00138 0.02259328 0.01881373
v -0.00138 0.02296341 0.02074109
v -0.00138 0.023 0.05800021
v 0.0209454 0.02287598 0.06015524
v 0.02094066 0.02241072 0.06169749
v 0.02093825 0.02149749 0.06308837
v 0.02093889 0.02060544 0.06388466
v 0.02094242 0.0191896 0.06461334
v 0.02095099 0.01733229 0.0649649
v -0.00138 0.01600021 0.065
v -0.00138 0.02288374 0.06001019
v -0.00138 0.0224234 0.06160879
v -0.00138 0.02149975 0.06304988
v -0.00138 0.02060383 0.0638523
v -0.00138 0.01914879 0.06460748
v -0.00138 0.01723367 0.06496691
v -0.00138 -0.01600022 0.065
v 0.02094539 -0.01815736 0.06487577
v 0.02094067 -0.0197148 0.06440512
v 0.02093814 -0.02108993 0.06349477
v 0.02093866 -0.02187019 0.06262682
v 0.020942 -0.02259976 0.06122518
v 0.02095052 -0.02296266 0.0593589
v -0.00138 -0.01801086 0.06488384
v -0.00138 -0.01963818 0.06441082
v -0.00138 -0.02104732 0.06350003
v -0.00138 -0.02183887 0.06262716
v -0.00138 -0.02259316 0.06118596
v -0.00138 -0.02296324 0.05925781
v -0.00248 -0.02171592 0.02200222
v -0.00248 -0.02171592 0.05799763
v -0.00248 -0.02168317 0.02083778
v -0.00248 -0.02153179 0.0197873
v -0.00248 -0.02141801 0.01937635
v -0.00248 -0.021038 0.01851337
v -0.00248 -0.02075664 0.0180831
v -0.00248 -0.02012876 0.0174098
v -0.00248 -0.01969656 0.01708433
v -0.00248 -0.01885566 0.01665468
v -0.00248 -0.01841612 0.01651097
v -0.00248 -0.01724011 0.01631624
v -0.00248 -0.01599531 0.01628408
v -0.00248 0.01599554 0.01628407
v -0.00248 0.01715059 0.01631009
v -0.00248 0.01819421 0.01645523
v -0.00248 0.01862344 0.01657289
v -0.00248 0.01948131 0.01695177
v -0.00248 0.01990801 0.01723203
v -0.00248 0.02057932 0.01786122
v -0.00248 0.02089908 0.01828653
v -0.00248 0.02133169 0.01913135
v -0.00248 0.02147573 0.01956722
v -0.00248 0.02167664 0.02074782
v -0.00248 0.02171592 0.02200236
v -0.00248 0.02171592 0.05799777
v -0.00248 0.02168334 0.0591593
v -0.00248 0.02153259 0.06020702
v -0.00248 0.02141697 0.06062365
v -0.00248 0.0210363 0.06148389
v -0.00248 0.02075472 0.06191237
v -0.00248 0.02012536 0.06258392
v -0.00248 0.01969551 0.06290641
v -0.00248 0.01885123 0.063337
v -0.00248 0.01841416 0.06348018
v -0.00248 0.01723112 0.06367832
v -0.00248 0.01599765 0.06371591
v -0.00248 -0.01599777 0.06371591
v -0.00248 -0.01715933 0.06368332
v -0.00248 -0.0182071 0.06353252
v -0.00248 -0.01862365 0.06341694
v -0.00248 -0.01948384 0.06303626
v -0.00248 -0.01991267 0.06275447
v -0.00248 -0.02058426 0.06212489
v -0.00248 -0.02090688 0.06169492
v -0.00248 -0.02133698 0.06085084
v -0.00248 -0.02148042 0.0604131
v -0.00248 -0.02167824 0.05923116
v -0.00138 0.01600018 0.01529999
v -0.00138 -0.01600018 0.01529999
v -0.00138 -0.01812742 0.01546265
v -0.00138 0.01812742 0.06453734
v -0.00138 0.0197441 0.06399342
v -0.00138 0.02105605 0.06303498
v -0.00138 0.02195016 0.0618264
v -0.00138 0.02249622 0.06033261
v -0.00138 0.0227 0.05800017
v -0.00138 0.0227 0.02199982
v -0.00138 0.02253734 0.01987256
v -0.00138 -0.0197441 0.01600656
v -0.00138 -0.02105605 0.01696501
v -0.00138 -0.02195016 0.01817359
v -0.00138 -0.02249622 0.01966738
v -0.00138 -0.0227 0.02199982
v -0.00138 -0.0227 0.05800026
v -0.00138 -0.02253734 0.06012742
v -0.00138 0.02199342 0.01825586
v -0.00138 0.02103496 0.01694392
v -0.00138 0.01982641 0.01604983
v -0.00138 0.01833262 0.01550377
v -0.00138 -0.02199339 0.06174418
v -0.00138 -0.02103493 0.0630561
v -0.00138 -0.01982643 0.06395014
v -0.00138 -0.01833266 0.06449621
v -0.00138 -0.01600018 0.06469999
v -0.00138 0.01600018 0.06469999
v -0.00248 0.01828439 0.01737409
v -0.00248 0.01953079 0.01803735
v -0.00248 0.02029586 0.01895897
v -0.00248 0.02061303 0.06029408
v -0.00248 0.0199428 0.06154301
v -0.00248 0.02085 0.05800049
v -0.00248 0.02076185 0.02036653
v -0.00248 0.02085 0.02199952
v -0.00248 -0.02061294 0.01970262
v -0.00248 -0.01994235 0.01844873
v -0.00248 -0.01829365 0.06261312
v -0.00248 -0.01954302 0.06194273
v -0.00248 0.01927574 0.06214542
v -0.00248 -0.02027699 0.06106787
v -0.00248 0.01798901 0.06269442
v -0.00248 -0.01906195 0.01770949
v -0.00248 -0.0176857 0.0172387
v -0.00248 -0.02075359 0.05968423
v -0.00248 -0.01600049 0.06284999
v -0.00248 0.0162018 0.06284999
v -0.00248 0.01600099 0.01714999
v -0.00248 -0.01600095 0.01714999
v -0.00248 -0.02085 0.0219995
v -0.00248 -0.02085 0.05800047
v -0.00153 -0.0227 0.02199982
v -0.00153 -0.0227 0.05800026
v -0.00168 -0.0227 0.02199982
v -0.00168 -0.0227 0.05800026
v -0.00153 -0.01600018 0.06469999
v -0.00168 -0.01600018 0.06469999
v -0.00153 -0.01833858 0.06449456
v -0.00168 -0.0183445 0.0644929
v -0.00153 -0.01983779 0.06394386
v -0.00168 -0.01984915 0.06393758
v -0.00153 -0.0210458 0.06304523
v -0.00168 -0.02105667 0.06303436
v -0.00153 -0.02199928 0.06173301
v -0.00168 -0.02200517 0.06172184
v -0.00153 -0.02253856 0.0601225
v -0.00168 -0.02253977 0.06011758
v -0.00168 0.01600018 0.06469999
v -0.00153 0.01600018 0.06469999
v -0.00153 0.0227 0.05800017
v -0.00168 0.0227 0.05800017
v -0.00153 0.02249457 0.06033853
v -0.00168 0.02249291 0.06034446
v -0.00153 0.02194388 0.06183776
v -0.00168 0.02193759 0.06184913
v -0.00153 0.02104518 0.06304586
v -0.00168 0.0210343 0.06305673
v -0.00153 0.01973294 0.06399931
v -0.00168 0.01972178 0.0640052
v -0.00153 0.01812251 0.06453855
v -0.00168 0.01811759 0.06453978
v -0.00168 0.0227 0.02199982
v -0.00153 0.0227 0.02199982
v -0.00153 0.01600018 0.01529999
v -0.00168 0.01600018 0.01529999
v -0.00153 0.01833854 0.01550543
v -0.00168 0.01834446 0.01550708
v -0.00153 0.01983777 0.01605612
v -0.00168 0.01984913 0.0160624
v -0.00153 0.02104583 0.01695479
v -0.00168 0.02105671 0.01696567
v -0.00153 0.02199931 0.01826703
v -0.00168 0.02200519 0.01827819
v -0.00153 0.02253856 0.01987748
v -0.00168 0.02253977 0.0198824
v -0.00153 -0.01600018 0.01529999
v -0.00168 -0.01600018 0.01529999
v -0.00153 -0.02249457 0.01966146
v -0.00168 -0.02249291 0.01965553
v -0.00153 -0.02194388 0.01816223
v -0.00168 -0.02193759 0.01815086
v -0.00153 -0.02104518 0.01695413
v -0.00168 -0.0210343 0.01694326
v -0.00153 -0.01973294 0.01600068
v -0.00168 -0.01972178 0.01599479
v -0.00153 -0.01812251 0.01546143
v -0.00168 -0.01811759 0.01546022
v 0.00182 -0.02045 0.02829999
v 0.00082 -0.02085 0.02829999
v 0.00182 -0.02085 0.02829999
v 0.00182 -0.01600095 0.01714999
v 0.00182 -0.0176857 0.0172387
v 0.00182 -0.01906195 0.01770949
v 0.00182 -0.01994235 0.01844873
v 0.00182 -0.02061294 0.01970262
v 0.00182 -0.02085 0.0219995
v 0.00082 -0.0117 0.01714999
v 0.00182 -0.0117 0.01755
v 0.00182 -0.0117 0.01714999
v 0.00082 -0.0063 0.01714999
v 0.00182 -0.0063 0.01755
v 0.00182 -0.0063 0.01714999
v 0.00082 0.0063 0.01714999
v 0.00182 0.0063 0.01755
v 0.00182 0.0063 0.01714999
v 0.00082 0.0117 0.01714999
v 0.00182 0.0117 0.01755
v 0.00182 0.0117 0.01714999
v 0.00182 0.02085 0.02199952
v 0.00182 0.02076185 0.02036653
v 0.00182 0.02029586 0.01895897
v 0.00182 0.01953079 0.01803735
v 0.00182 0.01828439 0.01737409
v 0.00182 0.01600099 0.01714999
v 0.00082 0.02085 0.02829999
v 0.00182 0.02045 0.02829999
v 0.00182 0.02085 0.02829999
v 0.00182 0.02045 0.03369999
v 0.00082 0.02085 0.03369999
v 0.00182 0.02085 0.03369999
v 0.00082 0.02085 0.04629999
v 0.00182 0.02045 0.04629999
v 0.00182 0.02085 0.04629999
v 0.00182 0.02045 0.0517
v 0.00082 0.02085 0.0517
v 0.00182 0.02085 0.0517
v 0.00182 0.02085 0.05800049
v 0.00022 0.02085 0.0517
v 0.00022 0.02085 0.04629999
v -0.00128 0.02085 0.0517
v -0.00128 0.02085 0.04629999
v -0.00128 0.02085 0.03369999
v -0.00128 0.02085 0.02829999
v 0.00022 0.02085 0.03369999
v 0.00022 0.02085 0.02829999
v 0.00182 0.0162018 0.06284999
v 0.00182 0.01798901 0.06269442
v 0.00182 0.01927574 0.06214542
v 0.00182 0.0199428 0.06154301
v 0.00182 0.02061303 0.06029408
v 0.00082 0.0117 0.06284999
v 0.00182 0.0117 0.06245
v 0.00182 0.0117 0.06284999
v 0.00182 0.0063 0.06245
v 0.00082 0.0063 0.06284999
v 0.00182 0.0063 0.06284999
v 0.00082 -0.0063 0.06284999
v 0.00182 -0.0063 0.06245
v 0.00182 -0.0063 0.06284999
v 0.00182 -0.0117 0.06245
v 0.00082 -0.0117 0.06284999
v 0.00182 -0.0117 0.06284999
v 0.00182 -0.01600049 0.06284999
v 0.00022 -0.0117 0.06284999
v 0.00022 -0.0063 0.06284999
v -0.00128 -0.0117 0.06284999
v -0.00128 -0.0063 0.06284999
v -0.00128 0.0063 0.06284999
v -0.00128 0.0117 0.06284999
v 0.00022 0.0063 0.06284999
v 0.00022 0.0117 0.06284999
v 0.00182 -0.02085 0.05800047
v 0.00182 -0.02075359 0.05968423
v 0.00182 -0.02027699 0.06106787
v 0.00182 -0.01954302 0.06194273
v 0.00182 -0.01829365 0.06261312
v 0.00082 -0.02085 0.0517
v 0.00182 -0.02045 0.0517
v 0.00182 -0.02085 0.0517
v 0.00082 -0.02085 0.04629999
v 0.00182 -0.02045 0.04629999
v 0.00182 -0.02085 0.04629999
v 0.00022 -0.02085 0.02829999
v -0.00128 -0.02085 0.02829999
v -0.00128 -0.02085 0.03369999
v 0.00022 -0.02085 0.03369999
v -0.00128 -0.02085 0.04629999
v -0.00128 -0.02085 0.0517
v 0.00022 -0.02085 0.0517
v 0.00082 -0.02085 0.03369999
v 0.00022 -0.02085 0.04629999
v 0.00182 -0.02085 0.03369999
v 0.00182 -0.02045 0.03369999
v 0.00022 0.0117 0.01714999
v -0.00128 0.0117 0.01714999
v 0.00022 0.0063 0.01714999
v 0.00022 -0.0063 0.01714999
v 0.00022 -0.0117 0.01714999
v -0.00128 -0.0063 0.01714999
v -0.00128 0.0063 0.01714999
v -0.00128 -0.0117 0.01714999
v -0.00168 -0.01942288 0.06450231
v -0.00168 -0.02104599 0.06350069
v -0.00168 0.01942289 0.01549768
v -0.00168 0.021046 0.0164993
v -0.00168 0.02223011 0.01800046
v -0.00168 0.02284565 0.01976546
v -0.00168 0.02299972 0.02199999
v -0.00168 0.02299972 0.05799999
v -0.00168 0.02284565 0.06023456
v -0.00168 0.02223009 0.06199956
v -0.00168 0.02104597 0.06350071
v -0.00168 0.01942286 0.06450233
v -0.00168 0.01753804 0.0649403
v -0.00168 0.016 0.06499971
v -0.00168 -0.016 0.06499971
v -0.00168 -0.01753807 0.06494029
v -0.00168 -0.0222301 0.06199954
v -0.00168 -0.02284565 0.06023454
v -0.00168 -0.02299972 0.05799999
v -0.00168 -0.02299972 0.022
v -0.00168 -0.02284565 0.01976543
v -0.00168 -0.02223009 0.01800043
v -0.00168 -0.02104598 0.01649928
v -0.00168 -0.01942286 0.01549766
v -0.00168 -0.01753805 0.01505969
v -0.00168 -0.01600001 0.01500028
v -0.00168 0.016 0.01500028
v -0.00168 0.01753808 0.0150597
v 0.00022 0.01996615 0.04629999
v -0.00128 0.01988754 0.04629999
v 0.00022 0.01996615 0.0517
v -0.00128 0.01988754 0.0517
v 0.00022 0.01996615 0.03369999
v 0.00022 0.01996615 0.02829999
v -0.00128 0.01988754 0.03369999
v -0.00128 0.01988754 0.02829999
v -0.00128 0.0063 0.06188753
v 0.00022 0.0063 0.06196614
v -0.00128 0.0117 0.06188753
v 0.00022 0.0117 0.06196614
v 0.00022 -0.0117 0.06196614
v 0.00022 -0.0063 0.06196614
v -0.00128 -0.0117 0.06188753
v -0.00128 -0.0063 0.06188753
v 0.00022 -0.01996615 0.04629999
v 0.00022 -0.01996615 0.0517
v -0.00128 -0.01988754 0.0517
v -0.00128 -0.01988754 0.04629999
v 0.00022 -0.01996615 0.03369999
v -0.00128 -0.01988754 0.03369999
v -0.00128 -0.01988754 0.02829999
v 0.00022 -0.01996615 0.02829999
v 0.00182 0.01718372 0.01798303
v 0.00182 0.01619951 0.06204999
v 0.00182 0.01815439 0.06181774
v 0.00182 0.01921861 0.06115208
v 0.00182 0.02005 0.05800347
v 0.00182 0.02001215 0.05916277
v 0.00182 0.01985067 0.06005133
v 0.00182 0.02005 0.02199719
v 0.00182 -0.02005 0.02199652
v 0.00182 -0.02005 0.0580028
v 0.00182 -0.01918262 0.0188028
v 0.00182 -0.01984157 0.01991612
v 0.00182 -0.02001025 0.02081476
v 0.00182 -0.01807174 0.01814568
v 0.00182 -0.01918575 0.06118541
v 0.00182 -0.0180789 0.06184212
v 0.00182 -0.01718365 0.0620103
v 0.00182 -0.01600664 0.01794999
v 0.00182 -0.01717534 0.01798229
v 0.00182 -0.01984487 0.06007073
v 0.00182 0.02001111 0.02082267
v 0.00182 0.01984409 0.01992355
v 0.00182 0.01918235 0.0188023
v 0.00182 0.0180776 0.01814745
v 0.00182 0.01600697 0.01794999
v 0.00182 -0.02001121 0.05917538
v 0.00182 -0.01600348 0.06205
v -0.00128 0.0063 0.01811246
v -0.00128 0.0117 0.01811246
v 0.00022 0.0117 0.01803385
v 0.00022 0.0063 0.01803385
v 0.00022 -0.0117 0.01803385
v -0.00128 -0.0117 0.01811246
v -0.00128 -0.0063 0.01811246
v 0.00022 -0.0063 0.01803385
v -0.0019278 0.016 0.06499971
v -0.00192788 0.01584343 0.065
v -0.00192788 -0.01584339 0.065
v -0.00192775 -0.01599999 0.06499971
v -0.00192772 -0.01742287 0.06495053
v -0.00192839 -0.01813495 0.06486312
v -0.0019278 -0.02299972 0.05799999
v -0.00192775 -0.02294634 0.05947179
v -0.00192766 -0.02271166 0.0608147
v -0.00192759 -0.02276177 0.06062593
v -0.00192784 -0.02284566 0.06023454
v -0.00192834 -0.02237756 0.06170758
v -0.00192845 -0.0222301 0.06199954
v -0.00192741 -0.02104239 0.06350388
v -0.00192741 -0.02104599 0.06350069
v -0.00192826 -0.02178765 0.06269299
v -0.0019284 -0.02204431 0.06231814
v -0.0019271 -0.02014999 0.06414578
v -0.0019276 -0.01942288 0.06450231
v -0.00192768 -0.01910905 0.06461971
v -0.00192773 -0.01727295 0.06496194
v -0.00192788 -0.023 0.05784342
v -0.00192788 -0.023 0.0221566
v -0.00192774 -0.02299972 0.022
v -0.00192764 -0.02138212 0.01682441
v -0.00192796 -0.02104598 0.01649928
v -0.00192772 -0.01600001 0.01500028
v -0.0019277 -0.01747405 0.01505385
v -0.00192849 -0.01942286 0.01549767
v -0.00192767 -0.01882049 0.01528998
v -0.00192759 -0.01862788 0.01523871
v -0.00192769 -0.01753805 0.0150597
v -0.00192827 -0.02069459 0.01621354
v -0.00192842 -0.02032311 0.0159588
v -0.00192836 -0.01970941 0.01562329
v -0.00192771 -0.02198469 0.01758879
v -0.00192776 -0.02223009 0.01800043
v -0.0019281 -0.02284566 0.01976543
v -0.00192805 -0.02280114 0.01954313
v -0.00192793 -0.02245475 0.01846365
v -0.00192751 -0.02296894 0.02083506
v -0.00192793 -0.02289603 0.02008007
v -0.00192779 -0.01584342 0.01499999
v -0.00192778 0.01584341 0.01499999
v -0.00192769 0.01599999 0.01500028
v -0.00192772 0.02299972 0.02199999
v -0.0019277 0.02294629 0.02052752
v -0.00192781 0.02284566 0.01976546
v -0.00192757 0.02276162 0.01937347
v -0.00192839 0.02203463 0.01766646
v -0.00192845 0.02223011 0.01800046
v -0.00192834 0.0223773 0.01829185
v -0.00192768 0.02270657 0.01916743
v -0.00192826 0.02178728 0.01730651
v -0.00192738 0.021046 0.01649931
v -0.00192766 0.01910844 0.01538008
v -0.00192757 0.01942289 0.01549768
v -0.00192706 0.02014944 0.01585389
v -0.00192738 0.02104191 0.01649569
v -0.00192774 0.01763053 0.0150689
v -0.00192769 0.01792446 0.01510459
v -0.00192766 0.01877553 0.01527741
v -0.00192769 0.01648453 0.01500567
v -0.00192779 0.023 0.02215657
v -0.00192779 0.023 0.0578434
v -0.0019277 0.02299972 0.05799999
v -0.00192765 0.02137744 0.06318051
v -0.00192795 0.02104598 0.06350071
v -0.00192774 0.01747318 0.06494622
v -0.00192847 0.01942286 0.06450232
v -0.00192766 0.01882047 0.06471002
v -0.0019276 0.01862712 0.06476147
v -0.00192773 0.01753804 0.0649403
v -0.00192826 0.02069398 0.06378691
v -0.0019284 0.0203231 0.0640412
v -0.00192833 0.01970871 0.06437702
v -0.00192772 0.02197738 0.06242234
v -0.00192777 0.02223009 0.06199956
v -0.00192809 0.02284566 0.06023457
v -0.00192803 0.02279903 0.06046648
v -0.00192793 0.02244844 0.06155092
v -0.00192749 0.02296807 0.05917921
v -0.00192792 0.02289603 0.05991992
v -0.00248 0.01716447 0.01820757
v -0.00248 0.01600727 0.01817535
v -0.00248 0.01982464 0.02199659
v -0.00248 0.01801078 0.01836267
v -0.00248 0.01902274 0.01896138
v -0.00248 0.0196289 0.01999046
v -0.00248 0.01978664 0.02084266
v -0.00248 0.01982464 0.05800362
v -0.00248 0.01978764 0.05914319
v -0.00248 0.01619893 0.06182464
v -0.00248 0.0180816 0.06160447
v -0.00248 0.01905641 0.06099563
v -0.00248 0.01963504 0.05998582
v -0.00248 -0.01600364 0.06182464
v -0.00248 -0.01716338 0.06178585
v -0.00248 -0.01982464 0.0580034
v -0.00248 -0.01978674 0.0591554
v -0.00248 -0.0196297 0.06000376
v -0.00248 -0.01902625 0.06102621
v -0.00248 -0.01801149 0.06162708
v -0.00248 -0.01982464 0.02199637
v -0.00248 -0.01979383 0.02093394
v -0.00248 -0.01967278 0.02014688
v -0.00248 -0.01962651 0.01998346
v -0.00248 -0.01935095 0.01937629
v -0.00248 -0.01940473 0.01946734
v -0.00248 -0.01810569 0.01839398
v -0.00248 -0.01878536 0.01875483
v -0.00248 -0.01891057 0.0188567
v -0.00248 -0.01902326 0.01896214
v -0.00248 -0.01726232 0.01821676
v -0.00248 -0.01600701 0.01817535
v -0.00248 -0.01688989 0.01818972
v -0.00202945 -0.0158436 0.06498226
v -0.00202946 0.01584346 0.06498227
v -0.0020295 -0.02298226 0.05784345
v -0.00202951 -0.02298191 0.05800115
v -0.00202948 -0.01599987 0.06498191
v -0.00201276 -0.01795429 0.06487874
v -0.00197676 -0.01915583 0.06459922
v -0.00197895 -0.02270737 0.06081346
v -0.00202969 -0.02292172 0.05954451
v -0.0019791 -0.02296669 0.05912705
v -0.00202912 -0.02150894 0.06300985
v -0.00202895 -0.02202939 0.06230878
v -0.00197925 -0.02204053 0.06231577
v -0.002029 -0.02216071 0.06208849
v -0.00202897 -0.02242158 0.0615683
v -0.00202922 -0.02259735 0.06111973
v -0.00202961 -0.02264563 0.06097284
v -0.0020298 -0.02267999 0.0608595
v -0.00202966 -0.0226934 0.06081317
v -0.00197924 -0.02097573 0.06355593
v -0.00202927 -0.0209671 0.06354584
v -0.00202925 -0.01878335 0.06470192
v -0.00202878 -0.01977309 0.06432669
v -0.00197927 -0.02027049 0.06406862
v -0.00202923 -0.02062112 0.06381851
v -0.00202925 -0.02066424 0.06378692
v -0.00202977 -0.01773125 0.06490198
v -0.00202954 -0.01791483 0.06487874
v -0.00202949 -0.02298225 0.0221564
v -0.00202948 -0.02298192 0.02200013
v -0.00197899 -0.01713313 0.01503364
v -0.00202931 -0.01600108 0.01501802
v -0.00202935 -0.01735431 0.01506182
v -0.00202871 -0.0179524 0.01512624
v -0.00197884 -0.01881924 0.01529425
v -0.00202944 -0.01858837 0.01524743
v -0.0019804 -0.0203206 0.01596274
v -0.00202864 -0.01956091 0.01557503
v -0.00202951 -0.01881551 0.01530721
v -0.00202909 -0.02100381 0.01648576
v -0.00202883 -0.02049081 0.01608965
v -0.00202875 -0.02031377 0.01597366
v -0.00202922 -0.02129869 0.01676342
v -0.0019779 -0.02139435 0.01684359
v -0.00202908 -0.02195789 0.0175802
v -0.00197915 -0.02206736 0.0177274
v -0.00202902 -0.02245022 0.01849777
v -0.00197927 -0.02246629 0.01850196
v -0.00202917 -0.0227017 0.01921573
v -0.00202978 -0.02290193 0.0202683
v -0.00197916 -0.02289163 0.0200807
v -0.00202955 -0.02287838 0.02008256
v -0.0020294 -0.01584346 0.01501769
v -0.00202937 0.01584359 0.01501771
v -0.00202929 0.01599985 0.01501801
v -0.00202861 0.02242168 0.01843159
v -0.00202952 0.02269744 0.01920092
v -0.00197883 0.0227023 0.01916869
v -0.00202921 0.02289673 0.0202228
v -0.00197898 0.02296562 0.02085416
v -0.00202931 0.02298198 0.02199891
v -0.00202922 0.02122474 0.01668971
v -0.00202889 0.02183102 0.01739598
v -0.00197912 0.02203087 0.01766884
v -0.00202875 0.02201979 0.01767584
v -0.00202856 0.0223337 0.01824115
v -0.00197911 0.02098067 0.01644828
v -0.00202908 0.0204237 0.01604468
v -0.00197914 0.02027624 0.01593487
v -0.00202904 0.01950378 0.01555044
v -0.00197926 0.01950211 0.01553543
v -0.0020292 0.0187881 0.01529937
v -0.00202976 0.01773098 0.01509798
v -0.00197915 0.01792382 0.015109
v -0.00202955 0.01792195 0.01512224
v -0.00202939 0.0229823 0.02215654
v -0.00202937 0.02298229 0.05784358
v -0.00202931 0.02298198 0.05799986
v -0.00197898 0.01713311 0.06496636
v -0.00198004 0.0160006 0.06499525
v -0.00197912 0.0215544 0.06297754
v -0.00202931 0.02128283 0.06325259
v -0.00202931 0.02031363 0.06402618
v -0.00197913 0.02032073 0.06403743
v -0.00202931 0.01607712 0.06498158
v -0.00202931 0.01600116 0.06498197
v -0.00197882 0.01881922 0.06470574
v -0.00202931 0.01762233 0.0649141
v -0.00202931 0.01678092 0.06496883
v -0.00202931 0.01631898 0.06497929
v -0.00202931 0.02023898 0.0640723
v -0.00202931 0.01903835 0.06462467
v -0.00202931 0.01881553 0.06469285
v -0.00197915 0.02289163 0.05991929
v -0.00202931 0.02291979 0.05956596
v -0.00197926 0.02246629 0.06149803
v -0.00197914 0.02206736 0.06227259
v -0.00202931 0.02209421 0.06220261
v -0.00202931 0.02263805 0.06099702
v -0.00202931 0.02287846 0.05991745
v -0.00202951 0.01595339 0.06498209
v -0.00202958 0.01589082 0.06498224
v -0.00202953 0.01585936 0.06498231
v -0.00421136 -0.01465 0.06198197
v -0.00248 -0.01465 0.0618
v -0.00421136 -0.0148257 0.06195211
v -0.00248 -0.01480186 0.06176533
v -0.00421136 -0.01488081 0.06192929
v -0.00421136 -0.01504266 0.0618089
v -0.00248 -0.01492364 0.06166822
v -0.00421136 -0.01516585 0.06157998
v -0.00248 -0.01499122 0.06152788
v -0.00421136 -0.01516585 0.06132001
v -0.00248 -0.01499122 0.06137211
v -0.00421136 -0.01504266 0.06109109
v -0.00248 -0.01492364 0.06123177
v -0.00421136 -0.01488081 0.06097071
v -0.00248 -0.01480186 0.06113466
v -0.00421136 -0.0148257 0.06094787
v -0.00248 -0.01465 0.06109999
v -0.00421136 -0.01465 0.06091802
v -0.00248 -0.00535766 0.06109999
v -0.00248 -0.00535766 0.0618
v -0.00398 -0.0052 0.06094234
v -0.00398 -0.0052 0.06195765
v -0.00398 -0.0045 0.06094234
v -0.00398 -0.0045 0.06195765
v -0.00248 -0.00434234 0.0618
v -0.00248 -0.00434234 0.06109999
v -0.00248 0.00434234 0.06109999
v -0.00248 0.00434234 0.0618
v -0.00398 0.0045 0.06094234
v -0.00398 0.0045 0.06195765
v -0.00398 0.0052 0.06094234
v -0.00398 0.0052 0.06195765
v -0.00248 0.00535766 0.0618
v -0.00248 0.00535766 0.06109999
v -0.00248 0.01499122 0.06152788
v -0.00248 0.01499122 0.06137211
v -0.00248 0.01465 0.0618
v -0.00248 0.01480186 0.06176533
v -0.00248 0.01492364 0.06166822
v -0.00248 0.01492364 0.06123177
v -0.00248 0.01480186 0.06113466
v -0.00248 0.01465 0.06109999
v -0.00421136 0.01465 0.06091802
v -0.00421136 0.0148257 0.06094787
v -0.00421136 0.01488081 0.06097071
v -0.00421136 0.01504266 0.06109109
v -0.00421136 0.01516585 0.06132001
v -0.00421136 0.01516585 0.06157998
v -0.00421136 0.01504266 0.0618089
v -0.00421136 0.01488081 0.06192929
v -0.00421136 0.0148257 0.06195211
v -0.00421136 0.01465 0.06198197
v -0.00428161 0.0158436 0.06417151
v -0.0042816 -0.0158435 0.06417149
v -0.0042803 -0.01680283 0.06415721
v -0.00428123 -0.01813773 0.06402095
v -0.00428262 -0.01885404 0.06383082
v -0.00428286 -0.01919532 0.06369898
v -0.00428275 -0.01962431 0.06349052
v -0.00428235 -0.02011216 0.06318542
v -0.00428185 -0.0206867 0.06270196
v -0.00428186 -0.02071811 0.06267038
v -0.00428209 -0.02096679 0.06239586
v -0.00428273 -0.02148965 0.06162591
v -0.00428237 -0.02188845 0.06067633
v -0.00428285 -0.02167899 0.06124136
v -0.00428025 -0.02210166 0.05959852
v -0.00428161 -0.02217151 0.05784359
v -0.0042816 -0.02217149 0.02215649
v -0.0042803 -0.02215721 0.02119711
v -0.00428123 -0.02202095 0.01986223
v -0.00428262 -0.02183078 0.01914583
v -0.00428286 -0.02169897 0.01880465
v -0.00428275 -0.02149052 0.01837569
v -0.00428235 -0.02118541 0.01788781
v -0.00428185 -0.02070195 0.01731329
v -0.00428186 -0.02067037 0.01728188
v -0.00428209 -0.02039587 0.01703321
v -0.00428273 -0.01962594 0.01651036
v -0.00428025 -0.01759854 0.01589834
v -0.00428237 -0.01867635 0.01611155
v -0.00428285 -0.01924141 0.01632103
v -0.00428161 -0.0158436 0.01582848
v -0.0042816 0.01584351 0.01582851
v -0.00428029 0.01680255 0.01584276
v -0.00428123 0.01813754 0.015979
v -0.00428263 0.01886013 0.01617128
v -0.00428286 0.01919537 0.01630103
v -0.00428275 0.01962431 0.01650948
v -0.00428235 0.02011227 0.01681464
v -0.00428185 0.02068673 0.01729807
v -0.00428186 0.02071849 0.01733
v -0.00428209 0.02096666 0.01760398
v -0.00428273 0.02148919 0.01837324
v -0.00428285 0.02167897 0.01875857
v -0.00428237 0.02188843 0.01932359
v -0.00428025 0.02210163 0.02040114
v -0.00428161 0.02217151 0.0221564
v -0.0042816 0.02217149 0.0578435
v -0.00428163 0.02212341 0.05937057
v -0.00428164 0.01585689 0.06417157
v -0.00428164 0.01588812 0.06417152
v -0.00428164 0.01595011 0.06417136
v -0.00428164 0.01607218 0.06417079
v -0.00428164 0.01630888 0.06416853
v -0.00428164 0.0167537 0.06415845
v -0.00428164 0.01753865 0.06410759
v -0.00428164 0.01770453 0.06408868
v -0.00428163 0.01874326 0.06386792
v -0.00428163 0.02050807 0.06287025
v -0.00428163 0.01963841 0.06348323
v -0.00428163 0.02112649 0.06219354
v -0.00428163 0.02069441 0.06269437
v -0.00428163 0.02196081 0.06041282
v -0.00428163 0.02164069 0.06132725
v -0.00428163 0.02149088 0.06162449
v -0.00435007 0.01584358 0.06413646
v -0.00440257 -0.01584352 0.06409044
v -0.00438092 0.01584356 0.0641121
v -0.00444472 0.01584349 0.06403049
v -0.00445773 -0.0158435 0.06400272
v -0.00447017 -0.01584349 0.06396547
v -0.00448 0.01584337 0.0638892
v -0.00448 -0.01584347 0.0638892
v -0.00446742 -0.01706624 0.06394805
v -0.00435862 -0.01960472 0.0634547
v -0.00435862 -0.01837252 0.06392813
v -0.00435862 -0.01707502 0.06410287
v -0.00435862 -0.02066522 0.06266525
v -0.00435862 -0.02145468 0.06160474
v -0.00435862 -0.02192814 0.06037255
v -0.00440096 -0.02209207 0.0578435
v -0.00435862 -0.02210287 0.05907508
v -0.00448 -0.02188921 0.05784337
v -0.0044698 -0.0219667 0.05784341
v -0.00447996 -0.02186484 0.05910175
v -0.00446742 -0.02194806 0.05906628
v -0.00446742 -0.02177734 0.06033649
v -0.00446742 -0.02131863 0.06153036
v -0.00447999 -0.02137599 0.0612226
v -0.00448 -0.02171395 0.06023065
v -0.00446742 -0.02055558 0.0625556
v -0.00448 -0.02087008 0.06206359
v -0.00447999 -0.02124161 0.06148824
v -0.00446742 -0.01953034 0.06331864
v -0.00448 -0.02029064 0.06268545
v -0.00448 -0.02049473 0.06249474
v -0.00447999 -0.01748192 0.06383215
v -0.00446742 -0.01833645 0.06377733
v -0.00448 -0.01859611 0.06361743
v -0.00447999 -0.01945038 0.06326186
v -0.00442558 -0.01707113 0.06403425
v -0.00442558 -0.01835654 0.0638613
v -0.00442558 -0.01957175 0.06339439
v -0.00442558 -0.02061663 0.06261665
v -0.00442558 -0.02139438 0.06157178
v -0.00442558 -0.02186131 0.06035656
v -0.00442558 -0.02203426 0.05907118
v -0.00445768 -0.0220027 0.05784344
v -0.00440257 -0.02209045 0.02215648
v -0.00448 -0.02188921 0.02215653
v -0.00447017 -0.02196547 0.02215651
v -0.00445773 -0.02200272 0.0221565
v -0.00446742 -0.02194806 0.02093376
v -0.00435862 -0.0214547 0.01839527
v -0.00435862 -0.02192814 0.01962747
v -0.00435862 -0.02210287 0.02092497
v -0.00435862 -0.02066526 0.01733477
v -0.00435862 -0.01960475 0.01654531
v -0.00435862 -0.01837255 0.01607185
v -0.00440096 -0.01584351 0.01590792
v -0.00435862 -0.01707508 0.01589712
v -0.00448 -0.01584337 0.01611079
v -0.00446981 -0.01584342 0.0160333
v -0.00447996 -0.0171017 0.01613516
v -0.00446742 -0.01706628 0.01605193
v -0.00446742 -0.01833649 0.01622265
v -0.00446742 -0.01953036 0.01668137
v -0.00447999 -0.0192226 0.016624
v -0.00448 -0.01823065 0.01628604
v -0.00446742 -0.02055561 0.01744441
v -0.00448 -0.02006358 0.01712991
v -0.00447999 -0.01948825 0.01675838
v -0.00446742 -0.02131864 0.01846966
v -0.00448 -0.02068545 0.01770935
v -0.00448 -0.02049474 0.01750526
v -0.00447999 -0.02183216 0.02051808
v -0.00446742 -0.02177734 0.01966354
v -0.00448 -0.02161743 0.01940389
v -0.00447999 -0.02126186 0.0185496
v -0.00442558 -0.02203426 0.02092887
v -0.00442558 -0.02186131 0.01964346
v -0.00442558 -0.0213944 0.01842824
v -0.00442558 -0.02061666 0.01738336
v -0.00442558 -0.01957178 0.01660561
v -0.00442558 -0.01835657 0.01613869
v -0.00442558 -0.01707118 0.01596573
v -0.00445742 -0.01584344 0.01599665
v -0.00440257 0.01584352 0.01590956
v -0.00448 0.01584347 0.01611079
v -0.00447017 0.01584349 0.01603453
v -0.00445746 0.0158435 0.01599663
v -0.00446742 0.01706625 0.01605194
v -0.00435862 0.01960473 0.0165453
v -0.00435862 0.01837253 0.01607186
v -0.00435862 0.01707504 0.01589713
v -0.00435862 0.02066523 0.01733475
v -0.00435862 0.02145469 0.01839526
v -0.00435862 0.02192814 0.01962745
v -0.00440096 0.02209207 0.02215649
v -0.00435862 0.02210287 0.02092492
v -0.00448 0.02188921 0.02215662
v -0.0044698 0.0219667 0.02215657
v -0.00447996 0.02186481 0.02089795
v -0.00446742 0.02194806 0.02093371
v -0.00446742 0.02177734 0.01966351
v -0.00446742 0.02131863 0.01846964
v -0.00447999 0.02137608 0.01877756
v -0.00448 0.02171385 0.0197689
v -0.00446742 0.02055559 0.0174444
v -0.00448 0.02087037 0.01793678
v -0.00447999 0.02124162 0.01851176
v -0.00446742 0.01953034 0.01668136
v -0.00448 0.02029089 0.01731475
v -0.00448 0.02049474 0.01750526
v -0.00447999 0.01748144 0.01616777
v -0.00446742 0.01833646 0.01622266
v -0.00448 0.01859572 0.01638244
v -0.00447999 0.01945058 0.01673824
v -0.00442558 0.01707114 0.01596574
v -0.00442558 0.01835655 0.01613869
v -0.00442558 0.01957176 0.0166056
v -0.00442558 0.02061664 0.01738334
v -0.00442558 0.02139439 0.01842822
v -0.00442558 0.02186131 0.01964343
v -0.00442558 0.02203426 0.02092882
v -0.00445768 0.0220027 0.02215655
v -0.00440257 0.02209045 0.05784351
v -0.00448 0.02188921 0.05784346
v -0.00447017 0.02196547 0.05784348
v -0.00445773 0.02200272 0.05784349
v -0.00446756 0.02194758 0.0590662
v -0.00447996 0.01710176 0.06386483
v -0.00446756 0.01706626 0.06394757
v -0.00446756 0.01833638 0.06377687
v -0.00435985 0.01707503 0.06410195
v -0.00435985 0.02210195 0.05907496
v -0.00435985 0.02192724 0.0603723
v -0.00435985 0.02145389 0.06160427
v -0.00435985 0.02066461 0.06266457
v -0.00435985 0.01837234 0.06392724
v -0.00435985 0.01960431 0.06345387
v -0.00446756 0.01953013 0.0633182
v -0.00447999 0.01922261 0.06337599
v -0.00448 0.01823065 0.06371395
v -0.00446756 0.02055527 0.06255523
v -0.00448 0.02006359 0.06287007
v -0.00447999 0.01948825 0.06324161
v -0.00446756 0.02131822 0.0615301
v -0.00448 0.02068546 0.06229064
v -0.00448 0.02049474 0.06249472
v -0.00447999 0.02183215 0.05948191
v -0.00446756 0.02177687 0.06033633
v -0.00448 0.02161743 0.0605961
v -0.00447999 0.02126187 0.06145038
v -0.00442618 0.0220334 0.05907107
v -0.00442618 0.02186047 0.06035633
v -0.00442618 0.02139365 0.06157133
v -0.00442618 0.02061605 0.06261601
v -0.00442618 0.01957137 0.06339362
v -0.00442618 0.01835637 0.06386047
v -0.00442618 0.01707113 0.0640334
v -0.00444488 -0.01465 0.06213948
v -0.00440294 -0.01465 0.06207959
v -0.00440294 -0.01485794 0.06204426
v -0.00434776 -0.01465 0.06203161
v -0.00430631 -0.01465 0.06200821
v -0.00430631 -0.01483437 0.06197689
v -0.00430631 -0.01483437 0.0609231
v -0.00448 -0.01465 0.06061966
v -0.00448 -0.01491185 0.06066203
v -0.00446383 -0.01465 0.06071684
v -0.00446383 -0.01489215 0.06075798
v -0.00444488 -0.01465 0.06076051
v -0.00440294 -0.01465 0.0608204
v -0.00430631 -0.01465 0.06089178
v -0.00434776 -0.01465 0.06086838
v -0.00440294 -0.01485794 0.06085574
v -0.00430631 -0.01506203 0.06107338
v -0.00430631 -0.0151913 0.0613136
v -0.00430631 -0.0151913 0.06158639
v -0.00430631 -0.01506203 0.06182661
v -0.00448 -0.01492424 0.06223373
v -0.00448 -0.01465 0.06228032
v -0.00446383 -0.01465 0.06218315
v -0.00448 -0.01492424 0.06066626
v -0.00448 -0.01526288 0.0608898
v -0.00446383 -0.01519116 0.06095536
v -0.00448 -0.01545516 0.06124711
v -0.00446383 -0.01536093 0.06127086
v -0.00448 -0.01545516 0.06165288
v -0.00446383 -0.01536093 0.06162914
v -0.00448 -0.01526288 0.0620102
v -0.00446383 -0.01519116 0.06194463
v -0.00446383 -0.01489215 0.06214201
v -0.00440294 -0.01511471 0.06187476
v -0.00440294 -0.01526051 0.06160383
v -0.00440294 -0.01526051 0.06129616
v -0.00440294 -0.01511471 0.06102523
v -0.00448 0.01465 0.06228032
v -0.00446383 0.01465 0.06218315
v -0.00444488 0.01465 0.06213948
v -0.00440294 0.01465 0.06207959
v -0.00434776 0.01465 0.06203161
v -0.00430631 0.01465 0.06200821
v -0.00444488 0.01465 0.06076051
v -0.00440294 0.01465 0.0608204
v -0.00440294 0.01485794 0.06085574
v -0.00434776 0.01465 0.06086838
v -0.00430631 0.01465 0.06089178
v -0.00430631 0.01483437 0.0609231
v -0.00430631 0.01483437 0.06197689
v -0.00430631 0.01506203 0.06182661
v -0.00430631 0.0151913 0.06158639
v -0.00430631 0.0151913 0.0613136
v -0.00430631 0.01506203 0.06107338
v -0.00448 0.01492424 0.06066626
v -0.00448 0.01465 0.06061966
v -0.00446383 0.01465 0.06071684
v -0.00446383 0.01489215 0.06075798
v -0.00446383 0.01519116 0.06095536
v -0.00448 0.01526288 0.0608898
v -0.00446383 0.01536093 0.06127086
v -0.00448 0.01545516 0.06124711
v -0.00446383 0.01536093 0.06162914
v -0.00448 0.01545516 0.06165288
v -0.00446383 0.01519116 0.06194463
v -0.00448 0.01526288 0.0620102
v -0.00446383 0.01489215 0.06214201
v -0.00448 0.01492424 0.06223373
v -0.00440294 0.01485794 0.06204426
v -0.00440294 0.01511471 0.06102523
v -0.00440294 0.01526051 0.06129616
v -0.00440294 0.01526051 0.06160383
v -0.00440294 0.01511471 0.06187476
vn -0.97966 0.14189 0.14189
vn -0.98485 0.04488 0.16749
vn -0.98969 0.00036 0.14321
vn -0.98685 -0.02885 0.15905
vn -0.98401 -0.17205 0.0461
vn -0.97972 -0.14167 0.14167
vn -0.98428 -0.07542 0.1597
vn -1 -0 0
vn -0.97829 -0.13744 -0.15514
vn -0.98683 -0.03236 -0.1585
vn -0.99012 0.00038 -0.14019
vn -0.98533 0.04416 -0.16482
vn -0.96857 0.21542 -0.12437
vn -0.98393 0.17247 0.04621
vn -0.98878 0.14934 0.00248
vn -1 0.00037 -0.00113
vn -1 0.00037 -0.00113
vn -0.98882 -0.14908 0.00246
vn -0.98344 -0.17505 -0.0469
vn 0.67325 0.19138 -0.71422
vn -0 0.42703 -0.90424
vn -0 0.70711 -0.70711
vn -0 0.96593 -0.25882
vn -0 0.96593 0.25882
vn -0 0.70711 0.70711
vn 0 0.44682 0.89463
vn 0.5993 0.20719 0.77325
vn 0 0.20004 0.97979
vn -0 -0.25882 0.96593
vn 0 -0.25882 0.96593
vn 0 -0.70711 0.70711
vn 0 -0.96593 0.25882
vn 0 -0.96593 -0.25882
vn 0 -0.70711 -0.70711
vn -0 -0.25882 -0.96593
vn 0 -0.25882 -0.96593
vn -0 0.17845 -0.98395
vn -0.32885 0.66778 -0.66778
vn -0.32886 0.66778 -0.66778
vn -0.32885 0.24442 -0.9122
vn -0.32885 0.24442 -0.9122
vn -0.32885 -0.24442 -0.9122
vn -0.32885 -0.24442 -0.9122
vn -0.32886 -0.66778 -0.66778
vn -0.32885 -0.66778 -0.66778
vn -0.32886 -0.9122 -0.24442
vn -0.32886 -0.9122 -0.24442
vn -0.32886 -0.9122 0.24442
vn -0.32886 -0.9122 0.24442
vn -0.32886 -0.66778 0.66778
vn -0.32886 -0.66778 0.66778
vn -0.32885 -0.24442 0.9122
vn -0.32885 -0.24442 0.9122
vn -0.32885 0.24442 0.9122
vn -0.32885 0.24442 0.9122
vn -0.32886 0.66778 0.66778
vn -0.32886 0.66778 0.66778
vn -0.32886 0.9122 0.24442
vn -0.32886 0.9122 0.24442
vn -0.32886 0.9122 -0.24442
vn -0.32886 0.9122 -0.24442
vn -1 -0 0
vn -0.70021 0.13928 -0.70022
vn -0.70021 0.39664 -0.59361
vn -0.70021 0.39664 -0.59361
vn -0.70021 0.59361 -0.39664
vn -0.70022 0.59361 -0.39664
vn -0.70022 0.70021 -0.13928
vn -0.70021 0.70021 -0.13928
vn -0.70021 0.70021 0.13928
vn -0.70022 0.70021 0.13928
vn -0.70022 0.59361 0.39664
vn -0.70022 0.59361 0.39664
vn -0.70022 0.39664 0.59361
vn -0.70022 0.39664 0.59361
vn -0.70022 0.13928 0.70021
vn -0.70021 0.13928 0.70021
vn -0.70021 -0.13928 0.70021
vn -0.70022 -0.13928 0.70021
vn -0.70022 -0.39664 0.59361
vn -0.70022 -0.39664 0.59361
vn -0.70022 -0.59361 0.39664
vn -0.70022 -0.59361 0.39664
vn -0.70022 -0.70021 0.13928
vn -0.70021 -0.70021 0.13928
vn -0.70021 -0.70021 -0.13928
vn -0.70022 -0.70021 -0.13928
vn -0.70022 -0.59361 -0.39664
vn -0.70021 -0.59361 -0.39664
vn -0.70021 -0.39664 -0.59362
vn -0.70021 -0.39664 -0.59361
vn -0.70021 -0.13928 -0.70022
vn -0.70021 -0.13928 -0.70021
vn -0.70021 0.13928 -0.70021
vn -0 0.98079 0.19509
vn -0 0.83147 0.55557
vn 0 0.55557 0.83147
vn 0 0.19509 0.98079
vn 0 -0.19509 0.98079
vn 0 -0.55557 0.83147
vn 0 -0.83147 0.55557
vn 0 -0.98079 0.19509
vn 0 -0.98079 -0.19509
vn 0 -0.83147 -0.55557
vn -0 -0.55557 -0.83147
vn -0 -0.19509 -0.98079
vn -0 0.19509 -0.98079
vn -0 0.55557 -0.83147
vn -0 0.83147 -0.55557
vn -0 0.98079 -0.19509
vn 0.97874 0.13725 0.15244
vn 0.99548 0.08693 0.03837
vn 1 0 -0
vn 0.98751 -0.01647 -0.15667
vn 0.99279 -0.02237 -0.11775
vn 0.99336 -0.06833 -0.09251
vn 1 0 -0
vn 0.99548 0.08693 -0.03837
vn 0.97873 0.13726 -0.15244
vn 0.99159 0.08259 -0.09967
vn 0.99415 0.05839 -0.09091
vn 0.99554 -0.08181 -0.04706
vn 0.99485 -0.08198 -0.05956
vn 0.99415 -0.05403 -0.09357
vn 0.99595 -0.08993 -0
vn 0.99571 -0.09197 -0.00974
vn 0.99552 -0.08989 -0.02929
vn 0.99405 0.03366 0.10358
vn 0.98751 -0.01647 0.15667
vn 0.99279 -0.02237 0.11776
vn 0.99348 -0.05702 0.09876
vn 0.99439 -0.05846 0.08819
vn 0.99485 -0.08198 0.05956
vn 0.99554 -0.08181 0.04706
vn 0.99552 -0.08989 0.02929
vn 0.99571 -0.09197 0.00974
vn 0.99562 0.09299 0.01005
vn 0.99585 0.09097 0.00326
vn 0.99525 0.09522 0.02007
vn 0.99609 0.08811 0.00596
vn 0.99465 0.09881 0.0301
vn 0.99654 0.08267 0.00874
vn 0.99376 0.10403 0.04018
vn 0.99746 0.07052 0.01034
vn 0.99953 0.03001 -0.0056
vn 0.99963 0.027 -0.00396
vn 0.9925 0.11255 -0.04779
vn 0.99774 0.06683 -0.00707
vn 0.99368 0.10532 -0.03874
vn 0.99677 0.08016 -0.00542
vn 0.99457 0.09987 -0.02933
vn 0.99623 0.08667 -0.00311
vn 0.9952 0.09586 -0.01978
vn 0.99591 0.09036 -0.00119
vn 0.9956 0.09322 -0.01
vn 0.99574 0.09224 -0.0002
vn 0.99574 0.09221 0
vn 0.99574 0.09224 0.0002
vn 0.99573 0.09234 0.00121
vn 0.99405 0.03366 -0.10358
vn 0.99538 0.03264 -0.09027
vn 0.99621 0.02609 -0.08297
vn 0.99621 0.02609 -0.08297
vn 0.99828 0.01139 -0.05744
vn 0.99828 0.01139 -0.05745
vn 0.99957 0.00231 -0.02937
vn 0.99957 0.00231 -0.02937
vn 1 -0.00077 -0
vn 1 -0.00077 -0
vn 0.99957 0.00231 0.02937
vn 0.99957 0.0023 0.02937
vn 0.99828 0.01139 0.05744
vn 0.99828 0.0114 0.05745
vn 0.99621 0.02609 0.08298
vn 0.99621 0.02609 0.08297
vn 0.99538 0.03264 0.09027
vn 0.99415 0.05839 0.09091
vn 0.99159 0.08259 0.09967
vn 0.99253 0.11134 0.0499
vn 0.99953 0.03001 0.0056
vn 0.70022 -0.70021 0.13928
vn 0.70022 -0.59361 0.39664
vn 0.70022 -0.59361 0.39664
vn 0.70022 -0.39664 0.59361
vn 0.70022 -0.39664 0.59361
vn 0.70022 -0.13928 0.70021
vn 0.70021 -0.13928 0.70021
vn 0.70021 0.13928 0.70021
vn 0.70022 0.13928 0.70021
vn 0.70022 0.39664 0.59361
vn 0.70022 0.39664 0.59361
vn 0.70022 0.59361 0.39664
vn 0.70022 0.59361 0.39664
vn 0.70022 0.70021 0.13928
vn 0.70021 0.70021 0.13928
vn 0.70021 0.70021 -0.13928
vn 0.70022 0.70021 -0.13928
vn 0.70022 0.59361 -0.39664
vn 0.70021 0.59361 -0.39664
vn 0.70021 0.39664 -0.59362
vn 0.70021 0.39664 -0.59361
vn 0.70021 0.13928 -0.70022
vn 0.70021 0.13928 -0.70021
vn 0.70021 -0.13928 -0.70021
vn 0.70021 -0.13928 -0.70022
vn 0.70021 -0.39664 -0.59361
vn 0.70021 -0.39664 -0.59361
vn 0.70021 -0.59361 -0.39664
vn 0.70022 -0.59361 -0.39664
vn 0.70022 -0.70021 -0.13928
vn 0.70021 -0.70021 -0.13928
vn 0.70021 -0.70021 0.13928
vn 0.904 -0.34587 -0.25129
vn 0.90401 -0.04469 -0.42518
vn 0.70517 -0.52692 -0.47444
vn 0.70517 -0.41676 -0.57362
vn 0.904 -0.21376 -0.37025
vn 0.70517 -0.28839 -0.64774
vn 0.70517 -0.14742 -0.69354
vn 0.90401 0.28607 -0.31771
vn 0.70518 -0 -0.70903
vn 0.70518 0.14742 -0.69354
vn 0.904 0.13211 -0.4066
vn 0.70517 0.28839 -0.64774
vn 0.70517 0.41676 -0.57363
vn 0.70447 0.69769 0.13019
vn 0.6709 0.7337 0.10761
vn 0.58889 0.80373 0.08497
vn 0.58683 0.80527 0.08464
vn 0.66464 0.74546 0.05042
vn 0.69685 0.71676 0.02568
vn 0.70622 0.70793 0.00929
vn 0.70711 0.7071 0.00154
vn 0.70711 0.7071 -0.00154
vn 0.70622 0.70793 -0.00929
vn 0.69685 0.71676 -0.02568
vn 0.66464 0.74546 -0.05042
vn 0.58683 0.80527 -0.08464
vn 0.5889 0.80373 -0.08497
vn 0.6709 0.7337 -0.10761
vn 0.70518 0.52691 -0.47444
vn 0.70517 0.61404 -0.35452
vn 0.904 0.39056 -0.17389
vn 0.70517 0.67434 -0.21911
vn 0.70711 0.69212 -0.14478
vn 0.70447 0.69769 -0.13019
vn 0.70711 0.69212 0.14479
vn 0.70517 0.67434 0.2191
vn 0.904 0.39056 0.17389
vn 0.904 0.13211 0.4066
vn 0.70517 0.61405 0.35452
vn 0.70517 0.52692 0.47444
vn 0.904 0.28607 0.31771
vn 0.70517 0.41676 0.57363
vn 0.70517 0.28839 0.64774
vn 0.904 -0.21376 0.37025
vn 0.70516 0.14742 0.69355
vn 0.70516 0 0.70905
vn 0.904 -0.04469 0.42518
vn 0.70517 -0.14741 0.69354
vn 0.70517 -0.28839 0.64774
vn 0.70516 -0.41677 0.57363
vn 0.70516 -0.52692 0.47444
vn 0.904 -0.34588 0.25129
vn 0.70517 -0.61405 0.35452
vn 0.7052 -0.67413 0.21964
vn 0.70213 -0.6772 0.22004
vn 0.70822 -0.70206 0.07436
vn 0.70517 -0.70516 0.07411
vn 0.70514 -0.70513 -0.07468
vn 0.70822 -0.70212 -0.0738
vn 0.70207 -0.67708 -0.2206
vn 0.70517 -0.67434 -0.21911
vn 0.70517 -0.61405 -0.35452
vn -0.69029 0.50261 -0.52047
vn 0.21542 0.57399 -0.79002
vn -0 0.5225 -0.85264
vn -0 0.40674 -0.91355
vn -0.56539 0.28886 -0.77259
vn 0.275 0.19989 -0.94043
vn -0 0.14781 -0.98902
vn -0 -0 -1
vn -0.43983 -0.03917 -0.89722
vn 0.27501 -0.19989 -0.94043
vn -0 -0.25038 -0.96815
vn -0.70238 0.65027 0.28952
vn 0.08947 0.94724 0.30778
vn -0.09752 0.98884 0.11266
vn -0 0.99452 0.10453
vn -0 0.99452 -0.10453
vn -0 0.9763 -0.21644
vn 0.08948 0.94724 -0.30778
vn -0.70238 0.65026 -0.28952
vn 0.08949 0.86255 -0.49799
vn -0.10551 0.739 -0.6654
vn -0 -0.43051 -0.90258
vn -0.34455 -0.38183 -0.85761
vn 0.28198 -0.58406 -0.76116
vn 0 -0.58779 -0.80902
vn 0 -0.74895 -0.66262
vn -0.1055 -0.739 -0.6654
vn 0.09753 -0.86621 -0.49007
vn 0 -0.86603 -0.5
vn 0 -0.94832 -0.3173
vn 0.08948 -0.94724 -0.30778
vn -0.09752 -0.98884 -0.11266
vn 0 -0.99452 -0.10453
vn 0 -0.99357 0.1132
vn -0.10552 -0.98897 0.10394
vn 0.09752 -0.9438 0.31579
vn 0 -0.95106 0.30902
vn 0 -0.87036 0.49242
vn 0.08947 -0.86255 0.49799
vn -0.09752 -0.74539 0.65946
vn 0 -0.74315 0.66913
vn 0 -0.60876 0.79335
vn 0.21544 -0.57398 0.79002
vn -0.28197 -0.41304 0.86596
vn 0 -0.40674 0.91355
vn 0 -0.25038 0.96815
vn 0.27502 -0.1999 0.94043
vn -0.43983 -0.03917 0.89722
vn 0 0 1
vn 0 0.14781 0.98902
vn 0.27502 0.19989 0.94043
vn -0.56537 0.28886 0.7726
vn 0 0.40674 0.91355
vn 0 0.52249 0.85264
vn 0.21545 0.57398 0.79002
vn -0.69029 0.50261 0.52047
vn -0.10552 0.739 0.66539
vn 0.08948 0.86255 0.49799
vn -0 -0.05233 -0.99863
vn -0 0.15643 -0.98769
vn -0 -0.30902 -0.95106
vn 0 -0.66913 -0.74314
vn 0 -0.91355 -0.40674
vn 0 -1 0
vn 0 -0.91355 0.40674
vn 0 -0.66913 0.74314
vn 0 -0.30902 0.95106
vn 0 -0.05233 0.99863
vn 0 0.15643 0.98769
vn -0 0.5 -0.86603
vn -0 0.80902 -0.58779
vn -0 0.97815 -0.20791
vn -0 0.97815 0.20791
vn -0 0.80902 0.58779
vn 0 0.5 0.86602
vn 0.97405 0.22488 -0.02562
vn 0.9736 0.22699 -0.02386
vn 0.97437 0.21963 -0.04869
vn 0.97344 0.20915 -0.09312
vn 0.97344 0.20915 -0.09312
vn 0.97344 0.15904 -0.16469
vn 0.97344 0.15904 -0.16469
vn 0.97435 0.11758 -0.19186
vn 0.97159 0.08865 -0.21942
vn 0.97368 0.07982 -0.21348
vn 0.97432 0.03328 -0.22268
vn 0.97061 0 -0.24064
vn 0.97382 -0.00992 -0.2271
vn 0.97428 -0.05642 -0.21817
vn 0.96988 -0.09124 -0.22584
vn 0.97394 -0.09764 -0.2047
vn 0.97422 -0.13734 -0.17899
vn 0.96943 -0.17045 -0.1765
vn 0.97405 -0.22488 -0.02562
vn 0.97405 -0.22488 -0.02562
vn 0.97414 -0.21426 -0.07169
vn 0.96928 -0.22471 -0.10005
vn 0.97414 -0.19665 -0.11126
vn 0.97405 -0.16951 -0.14997
vn 0.97405 -0.22488 0.02562
vn 0.97405 -0.22488 0.02562
vn 0.97414 -0.21426 0.07169
vn 0.96928 -0.22471 0.10005
vn 0.97414 -0.19665 0.11126
vn 0.97344 -0.15904 0.16469
vn 0.96476 -0.19706 0.17435
vn 0.97422 -0.13734 0.17899
vn 0.97344 -0.08576 0.21227
vn 0.96705 -0.10959 0.22977
vn 0.97428 -0.05642 0.21817
vn 0.97344 0 0.22894
vn 0.96912 -0.01076 0.24637
vn 0.97432 0.03328 0.22268
vn 0.97344 0.08576 0.21227
vn 0.97405 0.22488 0.02562
vn 0.97405 0.22488 0.02562
vn 0.97344 0.20915 0.09312
vn 0.97344 0.20915 0.09312
vn 0.97344 0.15904 0.16469
vn 0.97344 0.15904 0.16469
vn 0.97435 0.11757 0.19187
vn 0.97097 0.08376 0.22404
vn -0.70553 -0.70553 0.06669
vn -0.70553 -0.70553 0.06669
vn -0.70178 -0.6664 0.25181
vn -0.70178 -0.6664 0.25181
vn -0.70709 -0.60496 0.36612
vn -0.74003 -0.51143 0.4368
vn -0.70239 -0.53652 0.46775
vn -0.70702 -0.43859 0.55476
vn -0.77288 -0.31439 0.55119
vn -0.70307 -0.33855 0.62536
vn -0.7069 -0.2167 0.6733
vn -0.79613 -0.10404 0.59611
vn -0.70369 -0.09816 0.70369
vn -0.70673 0.03268 0.70673
vn -0.8124 0.10025 0.57442
vn -0.70426 0.15423 0.69299
vn -0.70651 0.27806 0.65079
vn -0.82334 0.2812 0.49299
vn -0.70477 0.38675 0.59474
vn -0.70623 0.48845 0.5125
vn -0.82998 0.42415 0.36226
vn -0.70553 0.70553 0.06669
vn -0.70553 0.70553 0.06669
vn -0.70566 0.68115 0.19516
vn -0.83291 0.51768 0.19561
vn -0.70591 0.63722 0.30926
vn -0.70524 0.57008 0.42148
vn -0.70582 0.70581 -0.06042
vn -0.70582 0.70581 -0.06042
vn -0.70172 0.67057 -0.24068
vn -0.88177 0.45457 -0.1259
vn -0.70613 0.63943 -0.30417
vn -0.70172 0.54845 -0.45474
vn -0.86695 0.40306 -0.29315
vn -0.70639 0.4918 -0.50906
vn -0.70172 0.36072 -0.61439
vn -0.84938 0.29072 -0.44049
vn -0.70662 0.28175 -0.64908
vn -0.70172 0.12983 -0.70052
vn -0.82842 0.12482 -0.54602
vn -0.7068 0.036 -0.70649
vn -0.70172 -0.1166 -0.70285
vn -0.80325 -0.07951 -0.59031
vn -0.70695 -0.21422 -0.67405
vn -0.70172 -0.34908 -0.62107
vn -0.77285 -0.30006 -0.55917
vn -0.70704 -0.43711 -0.5559
vn -0.70224 -0.5354 -0.46926
vn -0.73487 -0.51384 -0.44265
vn -0.70709 -0.60437 -0.36708
vn -0.70172 -0.66591 -0.25328
vn -0.70172 -0.66591 -0.25328
vn -0.70551 -0.70551 -0.06709
vn -0.70551 -0.70551 -0.06709
vn 0.8614 -0.4954 0.11206
vn 0.79132 -0.60099 0.11234
vn 0.70697 -0.66653 0.23651
vn 0.70691 -0.53843 0.45866
vn 0.80083 -0.50918 0.31527
vn 0.85134 -0.43823 0.2884
vn 0.70644 -0.64309 0.29561
vn 0.70686 -0.33952 0.62055
vn 0.80907 -0.35417 0.469
vn 0.84075 -0.31861 0.43775
vn 0.70653 -0.49535 0.50542
vn 0.81619 -0.15812 0.55572
vn 0.8297 -0.14866 0.53806
vn 0.70662 -0.28253 0.64874
vn 0.84315 0.07429 0.53253
vn 0.70672 -0.03277 0.70674
vn 0.70679 -0.09594 0.70088
vn 0.70102 0.0658 0.7101
vn 0.70101 0.31788 0.63838
vn 0.70101 0.31788 0.63838
vn 0.70101 0.52702 0.48045
vn 0.70101 0.52703 0.48045
vn 0.70101 0.66499 0.25762
vn 0.70101 0.66499 0.25762
vn 0.7056 0.70559 0.06536
vn 0.70553 0.70566 0.06539
vn 0.70553 0.70566 -0.06537
vn 0.7056 0.70559 -0.06538
vn 0.70102 0.66499 -0.25762
vn 0.70101 0.66499 -0.25762
vn 0.70101 0.52702 -0.48044
vn 0.70101 0.52702 -0.48045
vn 0.70101 0.31788 -0.63838
vn 0.70704 -0.07941 -0.7027
vn 0.70671 -0.03277 -0.70674
vn 0.81953 0.05287 -0.57059
vn 0.7037 0.09817 -0.70368
vn 0.70102 0.31788 -0.63838
vn 0.75351 -0.14509 -0.64123
vn 0.84145 -0.14787 -0.51971
vn 0.70609 -0.2674 -0.65569
vn 0.70709 -0.52736 -0.47107
vn 0.70596 -0.48371 -0.51735
vn 0.84308 -0.32409 -0.42916
vn 0.74104 -0.36916 -0.56087
vn 0.70708 -0.32473 -0.62817
vn 0.72884 -0.5536 -0.40288
vn 0.84415 -0.45581 -0.28222
vn 0.70582 -0.63651 -0.31093
vn 0.70639 -0.70627 0.04691
vn 0.70574 -0.70562 -0.06356
vn 0.84467 -0.52617 -0.09836
vn 0.71707 -0.67184 -0.18559
vn 0.7071 -0.66066 -0.25206
vn -0.084 0.31183 -0.94642
vn -0.0001 0.13309 -0.9911
vn -0.0001 0.05089 -0.9987
vn 0.10693 0.22157 -0.96926
vn -4E-05 0.39818 -0.91731
vn -4E-05 0.47311 -0.88101
vn -0.06306 0.62569 -0.77752
vn 0.129 0.54623 -0.82764
vn 2E-05 0.69481 -0.71919
vn 2E-05 0.75269 -0.65837
vn -0.04204 0.86009 -0.50841
vn 0.15084 0.79947 -0.58145
vn 6E-05 0.90304 -0.42957
vn 6E-05 0.93613 -0.35164
vn -0.02099 0.98459 -0.17361
vn 0.17242 0.94929 -0.26291
vn 7E-05 0.99636 -0.08528
vn 7E-05 0.98481 0.17365
vn 0.15372 0.98373 0.09299
vn -0.00913 0.96128 0.27543
vn 6E-05 0.93613 0.35164
vn 6E-05 0.86085 0.50886
vn -0.03921 0.21707 0.97537
vn 0.05536 0.31245 0.94832
vn -3E-05 0.3929 0.91958
vn -3E-05 0.47311 0.88101
vn -0.02878 0.54493 0.83799
vn 0.06543 0.62559 0.7774
vn 2E-05 0.68992 0.72389
vn 2E-05 0.75269 0.65838
vn -0.01875 0.80396 0.59439
vn 0.14802 0.88974 0.43181
vn -0.04986 -0.13799 0.98918
vn -0.04144 -0.12943 0.99072
vn -6E-05 -0.04273 0.99909
vn -6E-05 0.04619 0.99893
vn -0.0001 0.0461 0.99894
vn -0.0001 0.13309 0.9911
vn -0.06096 -0.47519 0.87777
vn -0.04917 -0.46497 0.88396
vn 0.01893 -0.35316 0.93537
vn 0 -0.30638 0.95191
vn 0 -0.26782 0.96347
vn -0.00348 -0.21804 0.97593
vn -0.07243 -0.75179 0.65542
vn -0.05717 -0.74246 0.66744
vn 0.01401 -0.66353 0.74802
vn 0 -0.62019 0.78445
vn 0 -0.59375 0.80465
vn -0.00761 -0.54309 0.83964
vn -0.01721 -0.95867 0.28401
vn -0.08237 -0.93226 0.35227
vn -0.06542 -0.92744 0.36819
vn 0.00721 -0.8867 0.46229
vn 0 -0.85552 0.51776
vn 0 -0.84164 0.54004
vn -0.01289 -0.80063 0.59902
vn -0.01858 -0.99539 0.09409
vn -0.00146 -0.99328 0.11573
vn 0.0004 -0.97888 0.20444
vn -0.02107 -0.99529 -0.09465
vn 0 -0.9978 -0.06625
vn -0 -0.99972 0.02359
vn -0.05442 -0.94441 -0.32425
vn 0.00165 -0.96926 -0.24605
vn -0.00077 -0.98743 -0.15804
vn -0.13271 -0.90476 -0.40471
vn -0.03787 -0.93401 -0.35525
vn 0.00215 -0.86617 -0.49974
vn 0 -0.8547 -0.51912
vn 0 -0.81781 -0.57548
vn 0 -0.61811 -0.78609
vn 0.00361 -0.63104 -0.77574
vn -0.02738 -0.75175 -0.65888
vn -0.11785 -0.70949 -0.6948
vn -0.04702 -0.77353 -0.63201
vn 0.00212 0.0461 -0.99893
vn -0.00503 -0.08975 -0.99595
vn -0.05132 -0.13331 -0.98974
vn -0 -0.22643 -0.97403
vn -0 -0.30288 -0.95303
vn 0.00361 -0.31296 -0.94976
vn -0.01693 -0.47277 -0.88102
vn -0.08561 -0.43276 -0.89743
vn -0 -0.55885 -0.82927
vn 0.00025 -0.44574 -0.89516
vn -0.0001 -0.73901 -0.6737
vn -0.00011 -0.73901 -0.6737
vn -0.00034 -0.93247 -0.36124
vn -0.00034 -0.93247 -0.36124
vn -0.00041 -0.99574 -0.09224
vn -0.51235 -0.85877 0
vn 0.00041 0.1356 -0.99076
vn 0.00041 0.04621 -0.99893
vn -0.4078 -0.08425 -0.90918
vn 0.00059 -0.13818 -0.99041
vn 0.00022 -0.44574 -0.89516
vn -0.37613 0.24673 -0.89311
vn -0.43072 0.24698 -0.86803
vn 0.00052 0.39927 -0.91684
vn 0.00054 0.76122 -0.64849
vn 0.00054 0.69994 -0.7142
vn -0.45011 0.53814 -0.71261
vn -0.32677 0.55614 -0.76415
vn 0.00052 0.47996 -0.87729
vn -0.27777 0.80245 -0.52813
vn -0.46653 0.75202 -0.46563
vn 0.00044 0.90859 -0.41769
vn -0.4802 0.86222 -0.16118
vn -0.22982 0.94924 -0.21475
vn 0.00044 0.94242 -0.33443
vn 0.00045 0.93429 0.35651
vn -0.0333 0.96336 0.26614
vn -0.51111 0.84488 0.15794
vn 0.00018 0.99597 0.08972
vn 0.00018 0.9978 -0.06627
vn 0.00045 0.89852 0.43894
vn -0.50885 0.73191 0.45318
vn -0.06976 0.80657 0.587
vn 0.00051 0.4592 0.88833
vn -0.10952 0.54646 0.83029
vn -0.50443 0.52035 0.68905
vn 0.00054 0.68295 0.73047
vn 0.00054 0.74577 0.6662
vn 0.00051 0.37759 0.92597
vn -0.49773 0.23736 0.83422
vn -0.1522 0.21809 0.96399
vn -0.00041 -0.99574 0.09224
vn -0.00035 -0.93247 0.36124
vn -0.00034 -0.93247 0.36124
vn -0.00011 -0.73901 0.6737
vn -0.00012 -0.73901 0.6737
vn 0.00023 -0.44574 0.89516
vn 0.00023 -0.44574 0.89516
vn 0.0006 -0.13818 0.99041
vn -0.40778 -0.08425 0.90918
vn 0.00043 0.04621 0.99893
vn 0.00043 0.11226 0.99368
vn 0.96593 0 -0.25882
vn 0.70711 -0 -0.7071
vn 0.25882 -0 -0.96592
vn -0.96593 -0 -0.25882
vn -0.70711 -0 -0.70711
vn -0.25882 -0 -0.96592
vn -0.24319 0.08702 0.96607
vn -0.18955 0 0.98187
vn -0.24605 0.42096 0.87307
vn -0.18976 0.33581 0.92262
vn -0.20958 0.30598 0.92868
vn -0.24144 0.2197 0.94522
vn -0.24258 0.75124 0.61383
vn -0.24192 0.69322 0.67891
vn -0.19031 0.63104 0.75204
vn -0.20071 0.61819 0.75997
vn -0.23898 0.54264 0.80525
vn -0.24256 0.91756 0.31504
vn -0.24202 0.88569 0.3962
vn -0.19123 0.85004 0.49077
vn -0.19102 0.85022 0.49055
vn -0.23577 0.79475 0.55928
vn -0.2421 0.96812 0.06429
vn -0.19251 0.96639 0.1704
vn -0.18052 0.97121 0.15544
vn -0.2318 0.94286 0.23935
vn -0.24217 0.93026 -0.27561
vn -0.20785 0.9575 -0.19998
vn -0.18978 0.96691 -0.17049
vn -0.22706 0.96734 -0.11271
vn -0.24254 0.96987 -0.02289
vn -0.24224 0.77683 -0.58125
vn -0.21488 0.82197 -0.52743
vn -0.19117 0.85005 -0.49078
vn -0.22156 0.86468 -0.45082
vn -0.2425 0.90169 -0.35798
vn -0.24231 0.52689 -0.81466
vn -0.22114 0.57903 -0.78474
vn -0.19395 0.63058 -0.7515
vn -0.21528 0.64802 -0.73057
vn -0.24247 0.72147 -0.64861
vn -0.24237 0.2115 -0.94685
vn -0.22661 0.26083 -0.93841
vn -0.19813 0.33524 -0.92106
vn -0.20821 0.34545 -0.91505
vn -0.24242 0.45162 -0.85865
vn -0.21752 -0.04499 -0.97502
vn -0.18955 -0 -0.98187
vn -0.21551 0.0417 -0.97561
vn -0.24237 0.12564 -0.96201
vn -0.2105 -0.33436 -0.91864
vn -0.24018 -0.30377 -0.92197
vn -0.24234 -0.12912 -0.96156
vn -0.21873 -0.62722 -0.7475
vn -0.23983 -0.60864 -0.75634
vn -0.24243 -0.45899 -0.85472
vn -0.22826 -0.84316 -0.4868
vn -0.23946 -0.83581 -0.49405
vn -0.24249 -0.73023 -0.63873
vn -0.23906 -0.95625 0.16861
vn -0.23906 -0.95625 0.16861
vn -0.23906 -0.95625 -0.16861
vn -0.23906 -0.95625 -0.16861
vn -0.24252 -0.90819 -0.34115
vn -0.23906 -0.62415 0.74383
vn -0.21515 -0.61225 0.76083
vn -0.24249 -0.73023 0.63872
vn -0.23906 -0.84091 0.4855
vn -0.22717 -0.83834 0.49555
vn -0.24252 -0.90819 0.34115
vn -0.21753 -0.04499 0.97502
vn -0.24234 -0.12912 0.96156
vn -0.23906 -0.3321 0.91245
vn -0.203 -0.30642 0.93
vn -0.24243 -0.45899 0.85472
vn -0.96465 -0.05141 -0.25848
vn -0.96465 -0.21912 -0.14641
vn -0.7876 -0.60434 -0.12021
vn -0.96465 -0.25848 -0.05141
vn -0.96465 -0.14641 -0.21913
vn -0.25417 -0.18868 -0.94857
vn -0.25417 -0.94858 -0.18868
vn -0.25417 -0.94858 -0.18868
vn -0.2583 -0.86644 -0.42728
vn -0.28466 -0.79707 -0.53259
vn -0.25418 -0.18868 -0.94857
vn -0.25831 -0.4273 -0.86643
vn -0.28466 -0.53258 -0.79707
vn -0.25675 -0.58835 -0.76676
vn -0.25675 -0.76676 -0.58835
vn -0.70021 -0.13928 -0.70021
vn -0.70021 -0.13928 -0.70021
vn -0.70022 -0.39663 -0.59362
vn -0.70021 -0.39664 -0.59361
vn -0.70021 -0.59361 -0.39664
vn -0.70021 -0.59361 -0.39664
vn -0.70703 -0.65885 -0.25696
vn -0.60132 -0.78366 -0.15588
vn 0.96465 -0.05141 -0.25848
vn 0.96465 -0.25848 -0.05141
vn 0.70022 -0.70021 -0.13928
vn 0.70022 -0.13928 -0.70021
vn 0.70022 -0.13928 -0.70021
vn 0.70022 -0.39664 -0.59361
vn 0.25417 -0.94858 -0.18868
vn 0.25417 -0.94858 -0.18868
vn 0.2583 -0.86644 -0.42728
vn 0.28466 -0.79707 -0.53259
vn 0.70022 -0.59361 -0.39664
vn 0.70022 -0.39663 -0.59362
vn 0.96465 -0.14641 -0.21913
vn 0.25417 -0.18868 -0.94858
vn 0.25417 -0.18868 -0.94858
vn 0.2583 -0.4273 -0.86643
vn 0.28466 -0.53258 -0.79707
vn 0.25675 -0.58835 -0.76676
vn 0.25675 -0.76676 -0.58835
vn 0.70022 -0.70021 -0.13928
vn 0.70022 -0.59361 -0.39664
vn 0.96465 -0.21912 -0.14641
vn -0.96361 0.06918 -0.2582
vn -0.96361 0.18901 -0.18901
vn -0.69475 0.18615 -0.69475
vn -0.69475 0.18616 -0.69475
vn -0.69475 0.50859 -0.50859
vn -0.69475 0.50859 -0.50859
vn -0.69475 0.69475 -0.18616
vn -0.69475 0.69475 -0.18616
vn -0.25057 0.25057 -0.93511
vn -0.25056 0.25056 -0.93511
vn -0.25056 0.68455 -0.68455
vn -0.25056 0.68455 -0.68455
vn -0.25056 0.93511 -0.25056
vn -0.25056 0.93511 -0.25056
vn -0.96361 0.2582 -0.06918
vn 0.96361 0.2582 -0.06918
vn 0.96361 0.18901 -0.18901
vn 0.96361 0.06918 -0.2582
vn 0.25057 0.25056 -0.93511
vn 0.25056 0.25057 -0.93511
vn 0.25056 0.68455 -0.68455
vn 0.25056 0.68455 -0.68455
vn 0.25056 0.93511 -0.25056
vn 0.25056 0.93511 -0.25056
vn 0.69475 0.18616 -0.69474
vn 0.69475 0.18615 -0.69474
vn 0.69475 0.50858 -0.50859
vn 0.69475 0.50859 -0.50859
vn 0.69475 0.69474 -0.18616
vn 0.69475 0.69474 -0.18616
vn 0.90859 -0.41053 -0.07701
vn 0.91347 -0.40135 -0.06697
vn 0.90609 -0.42284 -0.01461
vn 0.90617 -0.40195 -0.13153
vn 0.90534 -0.38557 -0.17804
vn 0.91718 -0.35045 -0.18966
vn 0.90515 -0.27096 -0.32754
vn 0.91622 -0.27138 -0.29479
vn 0.90596 -0.31988 -0.27735
vn 0.90586 -0.35009 -0.23846
vn 0.90618 -0.22992 -0.35493
vn 0.90597 -0.18586 -0.38036
vn 0.91522 -0.16187 -0.36902
vn 0.90546 -0.00483 -0.4244
vn 0.91762 -0.03282 -0.39611
vn 0.90577 -0.07451 -0.41717
vn 0.90602 -0.12228 -0.40519
vn 0.90614 0.04432 -0.42064
vn 0.91072 0.09963 -0.40083
vn 0.91185 0.10078 -0.39796
vn 0.90613 0.15952 -0.39178
vn 0.90394 0.23391 -0.35803
vn 0.92551 0.18257 -0.33181
vn 0.90703 0.34047 -0.24775
vn 0.91455 0.31919 -0.24844
vn 0.90605 0.29903 -0.29943
vn 0.90572 0.26268 -0.33268
vn 0.90618 0.37024 -0.20437
vn 0.90523 0.39333 -0.16077
vn 0.91667 0.37799 -0.12976
vn 0.90526 0.42411 0.02507
vn 0.91683 0.39929 -0
vn 0.9059 0.4211 -0.04494
vn 0.90592 0.413 -0.09351
vn 0.90617 0.41642 0.07379
vn 0.90746 0.40116 0.12488
vn 0.91426 0.38317 0.13154
vn 0.90606 0.37971 0.18675
vn 0.9057 0.35611 0.22999
vn 0.9178 0.31332 0.24386
vn 0.91024 0.22376 0.34842
vn 0.91223 0.22407 0.34297
vn 0.90612 0.27755 0.31924
vn 0.90555 0.31363 0.28568
vn 0.90615 0.17783 0.38376
vn 0.90544 0.13256 0.40326
vn 0.91754 0.09762 0.38548
vn 0.90557 -0.05384 0.42076
vn 0.91546 -0.03323 0.40104
vn 0.90601 0.01519 0.42299
vn 0.90579 0.06426 0.41883
vn 0.90618 -0.10293 0.41017
vn 0.90512 -0.15064 0.39758
vn 0.91602 -0.16113 0.36735
vn 0.90537 -0.30733 0.29302
vn 0.91729 -0.2697 0.29298
vn 0.90584 -0.2543 0.3388
vn 0.90597 -0.21311 0.36579
vn 0.90616 -0.33791 0.25434
vn 0.90904 -0.36313 0.20441
vn 0.91314 -0.35851 0.19402
vn 0.9061 -0.39543 0.15043
vn 0.90393 -0.42184 0.07039
vn 0.92691 -0.36387 0.09181
vn 0.90564 -0.42263 0.03466
vn 0 -0.98079 -0.19509
vn 0 -0.89687 -0.44229
vn 0 -0.79335 -0.60876
vn 0 -0.60876 -0.79335
vn -0 -0.44231 -0.89686
vn -0 -0.19509 -0.98079
vn -0.19509 -0.98079 0
vn -0.25882 -0.96593 -0.00067
vn -0.55557 -0.83147 0.00045
vn -0.60876 -0.79335 0
vn -0.83147 -0.55557 0
vn -0.79335 -0.60876 0.00067
vn -0.98079 -0.19509 -0.00088
vn -0.96593 -0.25882 0
vn 0.96593 -0.25882 -0
vn 0.70711 -0.7071 0
vn 0.25882 -0.96593 0
vn -0.96593 0.25882 0
vn -0.70711 0.70711 -0
vn -0.25882 0.96593 -0
vn 0.25882 0.96593 -0
vn 0.70711 0.7071 -0
vn 0.96593 0.25882 -0
vn -0 0.96593 -0.25882
vn -0 0.70711 -0.70711
vn -0 0.25882 -0.96592
vn -0.59406 0.79345 -0.1324
vn -0.55339 0.80744 -0.20447
vn -0.55339 0.76277 -0.33458
vn -0.59406 0.70747 -0.38286
vn -0.55339 0.6973 -0.45557
vn -0.54943 0.5659 -0.61473
vn -0.62827 0.57239 -0.52692
vn -0.55339 0.51159 -0.6573
vn -0.54943 0.33563 -0.76517
vn -0.62828 0.37028 -0.68422
vn -0.55339 0.27045 -0.78779
vn -0.54943 0.069 -0.83269
vn -0.62827 0.12805 -0.76738
vn -0.55339 -0 -0.83292
vn -0.54943 -0.20511 -0.80997
vn -0.62827 -0.12805 -0.76738
vn -0.55339 -0.27045 -0.78779
vn -0.55339 -0.39643 -0.73254
vn -0.59406 -0.43998 -0.67343
vn -0.55339 -0.51159 -0.65729
vn -0.54943 -0.65936 -0.5132
vn -0.62827 -0.57239 -0.52692
vn -0.55339 -0.6973 -0.45557
vn -0.55339 -0.76277 -0.33458
vn -0.59406 -0.76083 -0.26119
vn -0.55339 -0.80744 -0.20447
vn -0.54943 -0.83554 0
vn -0.62827 -0.77533 -0.06425
vn -0.55339 -0.83008 0.06878
vn -0.55339 -0.80744 0.20447
vn -0.59406 -0.76083 0.26119
vn -0.55339 -0.76277 0.33458
vn -0.55339 -0.6973 0.45557
vn -0.59406 -0.6348 0.49408
vn -0.55339 -0.6128 0.56412
vn -0.55339 -0.51159 0.65729
vn -0.59406 -0.43998 0.67343
vn -0.55339 -0.39643 0.73254
vn -0.55339 -0.27045 0.78779
vn -0.59406 -0.19747 0.7798
vn -0.55339 -0.13709 0.82156
vn -0.55339 0 0.83292
vn -0.59406 0.06643 0.80167
vn -0.55339 0.13709 0.82157
vn -0.55339 0.27045 0.78779
vn -0.59406 0.32313 0.73667
vn -0.55339 0.39643 0.73254
vn -0.55339 0.51159 0.6573
vn -0.59406 0.54482 0.59183
vn -0.55339 0.6128 0.56412
vn -0.55339 0.6973 0.45557
vn -0.59406 0.70747 0.38286
vn -0.55339 0.76277 0.33458
vn -0.55339 0.80744 0.20447
vn -0.59406 0.79345 0.1324
vn -0.55339 0.83008 0.06878
vn -0.55339 0.83008 -0.06878
vn 0.53458 0.45667 0.7111
vn 0.53458 0.8431 0.05833
vn 0.53459 0.00921 -0.84506
vn 0.81053 0.24626 0.53141
vn 0.81013 0.57178 -0.12946
vn 0.8103 -0.16931 -0.56102
vn 0.81059 -0.14254 0.56801
vn 0.80869 -0.07465 0.58347
vn 0.81022 -0.29505 0.50644
vn 0.42064 -0.50676 0.7525
vn 0.68204 -0.53738 0.49603
vn 0.80918 -0.42524 0.40545
vn 0.80999 -0.35204 0.46902
vn 0.80965 -0.58494 0.04796
vn 0.80961 -0.56912 0.1436
vn 0.53064 -0.81459 0.23423
vn 0.81044 -0.54754 0.2083
vn 0.80869 -0.5126 0.28854
vn 0.8087 -0.51259 0.28854
vn 0.81055 -0.46793 0.3522
vn 0.8087 -0.57814 -0.10845
vn 0.8087 -0.57814 -0.10845
vn 0.81056 -0.55661 -0.18213
vn 0.69729 -0.65503 -0.29106
vn 0.80882 -0.37484 -0.4531
vn 0.8102 -0.44287 -0.38399
vn 0.41633 -0.72334 -0.55086
vn 0.81002 -0.48465 -0.33011
vn 0.80914 -0.53349 -0.24635
vn 0.80869 -0.25825 -0.52851
vn 0.80869 0.14189 -0.57086
vn 0.81052 0.06137 -0.58249
vn 0.62579 0.0085 -0.77994
vn 0.80935 -0.00669 -0.58729
vn 0.80988 -0.10314 -0.57746
vn 0.58493 0.37189 -0.7208
vn 0.8087 0.47563 -0.3461
vn 0.81036 0.41404 -0.4146
vn 0.47117 0.5743 -0.66947
vn 0.80979 0.3636 -0.46048
vn 0.80946 0.28306 -0.51444
vn 0.74267 0.61987 -0.25336
vn 0.8087 0.56164 0.17484
vn 0.81057 0.57665 0.10219
vn 0.73482 0.67665 0.04682
vn 0.80901 0.58677 0.03468
vn 0.8101 0.58298 -0.06221
vn 0.80951 0.43404 0.39535
vn 0.80975 0.49291 0.31834
vn 0.48287 0.75355 0.44609
vn 0.8087 0.31786 0.49495
vn 0.8087 0.31786 0.49495
vn 0.81048 0.38433 0.44206
vn 0.80992 0.08895 0.57976
vn 0.437 0.09468 0.89447
vn 0.81028 0.02103 0.58566
vn 0.8087 -0.07465 0.58347
vn 0.53457 -0.47207 0.70098
vn 0.53458 -0.47207 0.70098
vn 0.53458 -0.621 0.57322
vn 0.53458 -0.621 0.57322
vn 0.53458 -0.73646 0.41456
vn 0.53458 -0.73645 0.41455
vn 0.53458 -0.81221 0.23354
vn 0.53459 -0.84417 0.03994
vn 0.53458 -0.83063 -0.15582
vn 0.53458 -0.83063 -0.15582
vn 0.53458 -0.7723 -0.34317
vn 0.53459 -0.7723 -0.34317
vn 0.53459 -0.67234 -0.51203
vn 0.53458 -0.53614 -0.65328
vn 0.80869 -0.25825 -0.52851
vn 0.53458 -0.37103 -0.75932
vn 0.53457 -0.37103 -0.75932
vn 0.53458 0.20385 -0.82017
vn 0.53458 0.3875 -0.75105
vn 0.53459 0.38749 -0.75104
vn 0.53459 0.55025 -0.64143
vn 0.53458 0.68335 -0.49725
vn 0.80869 0.54263 -0.22708
vn 0.53458 0.7796 -0.32625
vn 0.53459 0.7796 -0.32625
vn 0.53459 0.72724 0.43051
vn 0.53459 0.72724 0.43051
vn 0.53459 0.80692 0.25119
vn 0.53458 -0.10726 0.83828
vn 0.53458 -0.10726 0.83829
vn 0.53458 0.08896 0.84042
vn 0.53459 0.08896 0.84042
vn 0.53459 0.28037 0.79725
vn 0.55353 -0.29336 0.77945
vn 0.53457 -0.29769 0.79096
vn 0.53458 -0.29769 0.79095
vn 0.8087 -0.2072 0.55052
vn 0.79364 -0.21556 0.56892
vn 0.18668 -0.8561 0.48191
vn 0.18668 -0.85611 0.48191
vn 0.18668 -0.72189 0.66635
vn 0.18667 -0.72189 0.66635
vn 0.18775 -0.60892 0.77069
vn 0.57293 -0.45782 0.67982
vn 0.18739 -0.51537 0.83623
vn 0.18732 -0.37822 0.90657
vn 0.18775 -0.92089 0.34164
vn 0.57526 -0.78612 0.22604
vn 0.53459 -0.8122 0.23354
vn 0.53458 -0.84417 0.03994
vn 0.51644 -0.85536 0.04047
vn 0.81042 -0.5855 -0.02023
vn 0.18668 -0.89778 -0.39893
vn 0.18667 -0.89778 -0.39893
vn 0.18668 -0.96558 -0.18113
vn 0.18668 -0.96558 -0.18113
vn 0.1878 -0.98162 -0.03392
vn 0.55024 -0.83408 0.03946
vn 0.1873 -0.97902 0.08028
vn 0.18739 -0.95439 0.23244
vn 0.1877 -0.82083 -0.53944
vn 0.58997 -0.64236 -0.48919
vn 0.53459 -0.67234 -0.51203
vn 0.53459 -0.53614 -0.65328
vn 0.78197 -0.39543 -0.48182
vn 0.81058 -0.3184 -0.49151
vn 0.18746 -0.7527 -0.63112
vn 0.1872 -0.64473 -0.74113
vn 0.51931 -0.54215 -0.6606
vn 0.18783 -0.55426 -0.81087
vn 0.18668 -0.43131 -0.88268
vn 0.18669 -0.43131 -0.88268
vn 0.1879 -0.3147 -0.93041
vn 0.44528 -0.19698 -0.87346
vn 0.53457 -0.18592 -0.82442
vn 0.53459 -0.18592 -0.82441
vn 0.36959 -0.20442 -0.90643
vn 0.18691 -0.2046 -0.96083
vn 0.18765 -0.05177 -0.98087
vn 0.59838 0.00873 -0.80116
vn 0.53459 0.00921 -0.84506
vn 0.53459 0.20385 -0.82016
vn 0.80869 0.14189 -0.57086
vn 0.81049 0.22089 -0.54251
vn 0.18668 0.45045 -0.87306
vn 0.18667 0.45045 -0.87307
vn 0.18785 0.32483 -0.92693
vn 0.47862 0.21179 -0.85209
vn 0.1871 0.21505 -0.95851
vn 0.18753 0.06246 -0.98027
vn 0.18788 0.56307 -0.80477
vn 0.43369 0.58668 -0.6839
vn 0.53459 0.55025 -0.64143
vn 0.53459 0.68335 -0.49725
vn 0.8087 0.47563 -0.3461
vn 0.81058 0.5127 -0.28301
vn 0.18702 0.6528 -0.73408
vn 0.18759 0.75951 -0.62286
vn 0.6009 0.64632 -0.47031
vn 0.18761 0.82668 -0.53047
vn 0.18668 0.90626 -0.37926
vn 0.46079 0.81273 -0.35656
vn 0.18787 0.93917 -0.28751
vn 0.41077 0.89956 -0.14852
vn 0.53459 0.83382 -0.13767
vn 0.53459 0.83383 -0.13767
vn 0.18667 0.9693 -0.16004
vn 0.18668 0.9693 -0.16004
vn 0.18786 0.98192 -0.02321
vn 0.48436 0.87278 0.06039
vn 0.53458 0.8431 0.05833
vn 0.53458 0.80693 0.25119
vn 0.80869 0.56164 0.17484
vn 0.81038 0.52576 0.25859
vn 0.18713 0.97811 0.09095
vn 0.18754 0.95177 0.24282
vn 0.59765 0.76552 0.2383
vn 0.18766 0.91712 0.35166
vn 0.18667 0.8454 0.50046
vn 0.37707 0.80227 0.4628
vn 0.18789 0.78805 0.58624
vn 0.56931 0.59181 0.57066
vn 0.53459 0.60835 0.58662
vn 0.53458 0.60836 0.58662
vn 0.18667 0.7072 0.68193
vn 0.18666 0.7072 0.68193
vn 0.1878 0.60048 0.77727
vn 0.5237 0.46034 0.71682
vn 0.53457 0.45668 0.71111
vn 0.53457 0.28038 0.79726
vn 0.64175 0.25443 0.72348
vn 0.80931 0.18342 0.558
vn 0.18724 0.50624 0.84182
vn 0.18748 0.3683 0.91061
vn 0.58848 0.26823 0.76272
vn 0.1877 0.26008 0.94717
vn 0.18666 0.10341 0.97697
vn 0.18667 0.10341 0.97697
vn 0.18667 -0.12468 0.97448
vn 0.18668 -0.12468 0.97448
vn 0.1878 -0.27039 0.94426
vn -0 1 -0
vn 0 -0.87947 -0.47595
vn 0.43557 -0.82434 -0.36159
vn 0 -0.83717 -0.54695
vn 0 -0.67728 -0.73572
vn 0.43557 -0.66227 -0.60966
vn 0 -0.61421 -0.78914
vn -0 -0.4017 -0.91577
vn 0.43557 -0.42843 -0.79166
vn -0 -0.3247 -0.94582
vn -0 -0.08258 -0.99658
vn 0.43557 -0.14816 -0.88788
vn -0 0.24549 -0.9694
vn 0.43557 0.14816 -0.88788
vn -0 0.3247 -0.94582
vn -0 0.54695 -0.83717
vn 0.43557 0.42843 -0.79166
vn -0 0.61421 -0.78914
vn -0 0.78914 -0.61421
vn 0.43557 0.66226 -0.60966
vn -0 0.83717 -0.54695
vn -0 0.91577 -0.40169
vn 0.23592 0.91912 -0.31553
vn -0 0.9694 -0.24549
vn -0 0.99658 -0.08258
vn 0.23592 0.97177 -0
vn -0 0.99658 0.08258
vn -0 0.9694 0.24549
vn 0.23592 0.91912 0.31553
vn -0 0.91577 0.40169
vn -0 0.83717 0.54695
vn 0.23592 0.76687 0.59688
vn -0 0.73572 0.67728
vn -0 0.61421 0.78914
vn 0.23591 0.53151 0.81354
vn 0 0.47595 0.87947
vn 0 0.3247 0.94582
vn 0.23592 0.23856 0.94204
vn 0 0.16459 0.98636
vn 0.23592 -0.08025 0.96845
vn 0 -0.16459 0.98636
vn 0 -0.3247 0.94582
vn 0.23592 -0.39036 0.88992
vn 0 -0.47595 0.87947
vn 0 -0.61421 0.78914
vn 0.23592 -0.65816 0.71496
vn 0 -0.73572 0.67728
vn 0 -0.83717 0.54695
vn 0.23592 -0.85465 0.46251
vn 0 -0.91577 0.40169
vn 0 -0.9694 0.24548
vn 0.23592 -0.95852 0.15995
vn -0 -0.99658 0.08258
vn -0 -0.98636 -0.16459
vn 0.43557 -0.89708 -0.07433
vn 0 -0.9694 -0.24548
vn -0.81923 -0.5664 -0.08971
vn -0.86762 -0.44304 -0.22574
vn 0.22429 -0.89056 -0.39572
vn -0.24787 -0.95218 -0.17862
vn -0.89922 -0.30936 -0.30936
vn 0 -0.76628 -0.64251
vn 0 -0.83569 -0.5492
vn -0 -0.3204 -0.94728
vn -0.46135 -0.38952 -0.79714
vn -0.77942 -0.28442 -0.55822
vn 0 -0.56431 -0.82557
vn 0 -0.65634 -0.75447
vn -0 -0.20827 -0.97807
vn -0.88056 -0.07414 -0.46811
vn -0 -0.0527 -0.99861
vn -0 0.06359 -0.99798
vn -0.89515 0.06973 -0.44027
vn -0 0.21892 -0.97574
vn -0 0.33072 -0.94373
vn -0.71979 0.31516 -0.61853
vn -0.6279 0.35686 -0.69166
vn -0.88964 0.32291 -0.32291
vn -0 0.66452 -0.74727
vn -0 0.57327 -0.81936
vn -0 0.9562 -0.29272
vn -0 0.91575 -0.40175
vn -0.88867 0.40857 -0.20818
vn -0 0.84163 -0.54006
vn -0 0.77324 -0.63411
vn -0.60975 0.782 -0.12911
vn -0.72877 0.67632 -0.10712
vn -0 0.99972 -0.02364
vn -0 0.9957 0.09258
vn -0.89579 0.43901 0.06953
vn -0 0.96896 0.24721
vn -0 0.93371 0.35802
vn -0.87916 0.42459 0.21634
vn -0 0.86621 0.49968
vn -0.78535 0.43773 0.43774
vn -0.43666 0.6476 0.62446
vn -0 0.80234 0.59687
vn -0.89958 0.19828 0.38914
vn 0 0.51535 0.85698
vn -0 0.61136 0.79135
vn -0.86564 0.07832 0.4945
vn 0 0.26479 0.96431
vn 0 0.37495 0.92705
vn -0.82325 -0.0888 0.56069
vn -0.2187 -0.12384 0.9679
vn 0.20006 0.10313 0.97434
vn -0.90135 -0.19662 0.38589
vn 0 -0.38503 0.9229
vn 0 -0.27528 0.96136
vn -0.84653 -0.37642 0.37642
vn 0 -0.61995 0.78464
vn 0 -0.52466 0.85131
vn -0.84933 -0.47033 0.23965
vn 0.01438 -0.87133 0.49048
vn -0.01445 -0.73473 0.6782
vn 0 -0.9994 -0.03453
vn 0 -0.99665 0.08172
vn -0.90123 -0.428 0.06779
vn 0 -0.9716 0.23663
vn 0 -0.93756 0.34782
vn -0.98079 -0.19509 0
vn -0.89687 -0.44228 -0.00259
vn -0.96593 -0.25882 0
vn -0.79335 -0.60877 0
vn -0.7071 -0.70711 -0.00087
vn -0.44229 -0.89687 0
vn -0.25882 -0.96593 -0.00065
vn -0.19509 -0.98078 0
vn -0.19509 0.98078 -0
vn -0.44229 0.89687 -0.00259
vn -0.25882 0.96593 -0
vn -0.60876 0.79335 -0
vn -0.7071 0.70711 -0.00087
vn -0.79335 0.60877 -0
vn -0.89687 0.44229 0
vn -0.96593 0.25882 -0.00065
vn -0.98079 0.19509 0
vn -0 -0 -1
vn 0.98079 0.19509 -0
vn 0.89687 0.44228 -0.00259
vn 0.79335 0.60877 -0
vn 0.70711 0.70711 -0.00087
vn 0.60877 0.79335 -0
vn 0.44228 0.89688 -0
vn 0.25882 0.96593 -0.00065
vn 0.19509 0.98079 -0
vn 0.19509 -0.98079 0
vn 0.44228 -0.89687 -0.00259
vn 0.60877 -0.79335 0
vn 0.70711 -0.70711 -0.00087
vn 0.79335 -0.60877 0
vn 0.89687 -0.44229 -0
vn 0.96593 -0.25882 -0.00065
vn 0.98079 -0.19509 -0
vn 0 -0.96593 -0.25882
vn 0 -0.70711 -0.70711
vn -0 -0.25882 -0.96593
vn -0 0.25882 -0.96593
vn -0 0.96593 -0.25882
vn -0 0.96593 0.25882
vn -0 0.70711 0.70711
vn 0 0.25882 0.96593
vn 0 -0.25882 0.96593
vn 0 -0.70711 0.70711
vn 0 -0.96593 0.25882
vn -0 -0.99863 0.05234
vn -0 -0.99863 0.05234
vn 0 0 1
vn 0 -0.98481 0.17365
vn 0 -0.86603 0.5
vn 0 -0.64279 0.76604
vn 0 -0.34202 0.93969
vn 0 0.34202 0.93969
vn -0 0.64279 0.76604
vn -0 0.86603 0.5
vn -0 0.98481 0.17365
vn -0 0.98481 -0.17365
vn -0 0.86603 -0.5
vn -0 0.64279 -0.76604
vn -0 0.34202 -0.93969
vn -0 -0.34202 -0.93969
vn 0 -0.64279 -0.76604
vn 0 -0.86603 -0.5
vn 0 -0.98481 -0.17365
vn -0 -0.07478 -0.9972
vn -0 -0.40374 -0.91487
vn 0 -0.75175 -0.65945
vn 0 -0.95925 -0.28255
vn 0 -0.99932 -0.03689
vn 0 -0.99728 0.07371
vn 0 -0.91628 0.40054
vn 0 -0.66209 0.74943
vn 0 -0.28539 0.95841
vn 0 -0.03761 0.99929
vn 0 0.07478 0.9972
vn 0 0.40374 0.91487
vn -0 0.75175 0.65945
vn -0 0.95925 0.28255
vn -0 0.99932 0.03689
vn -0 0.99728 -0.07371
vn -0 0.91628 -0.40054
vn -0 0.66209 -0.74943
vn -0 0.28539 -0.95841
vn -0 0.03761 -0.99929
vn -0.69477 0.50857 -0.50857
vn -0.69477 0.50857 -0.50857
vn -0.69477 0.18615 -0.69472
vn -0.69478 0.18615 -0.69472
vn -0.69478 -0.18615 -0.69472
vn -0.69477 -0.18615 -0.69472
vn -0.69477 -0.50857 -0.50857
vn -0.69477 -0.69472 -0.18615
vn -0.69477 -0.69472 -0.18615
vn -0.69477 -0.69472 0.18615
vn -0.69477 -0.69472 0.18615
vn -0.69477 -0.50857 0.50857
vn -0.69478 -0.50857 0.50857
vn -0.69478 -0.18615 0.69472
vn -0.69478 -0.18615 0.69472
vn -0.69478 0.18615 0.69472
vn -0.69478 0.18615 0.69472
vn -0.69478 0.50857 0.50857
vn -0.69477 0.50857 0.50857
vn -0.69477 0.69472 0.18615
vn -0.69477 0.69472 0.18615
vn -0.69478 0.69472 -0.18615
vn -0.69477 0.69472 -0.18615
vn 0.69478 -0.50857 -0.50857
vn 0.69477 -0.18615 -0.69472
vn 0.69478 -0.18615 -0.69472
vn 0.69478 0.18615 -0.69472
vn 0.69477 0.18615 -0.69472
vn 0.69477 0.50857 -0.50857
vn 0.69478 0.50857 -0.50857
vn 0.69478 0.69472 -0.18615
vn 0.69478 0.69472 -0.18615
vn 0.69478 0.69472 0.18615
vn 0.69478 0.69472 0.18615
vn 0.69478 0.50857 0.50857
vn 0.69478 0.50857 0.50857
vn 0.69478 0.18615 0.69472
vn 0.69478 0.18615 0.69472
vn 0.69478 -0.18615 0.69472
vn 0.69478 -0.18615 0.69472
vn 0.69478 -0.50857 0.50857
vn 0.69478 -0.50857 0.50857
vn 0.69478 -0.69472 0.18615
vn 0.69478 -0.69472 0.18615
vn 0.69478 -0.69472 -0.18615
vn 0.69478 -0.69472 -0.18615
vn 0 -0.98176 -0.19013
vn -0 -0.98176 -0.19014
vn -0 -0.90928 -0.41619
vn 0 -0.90929 -0.41617
vn 0 -0.81357 -0.58146
vn -0 -0.81357 -0.58147
vn -0 -0.65361 -0.75683
vn 0 -0.65362 -0.75682
vn -0.98176 -0 -0.19014
vn -0.90931 -0 -0.41613
vn -0.81354 -0 -0.5815
vn -0.81357 -0 -0.58146
vn -0.65363 -0 -0.75682
vn -0.65358 -0 -0.75686
vn -0.89479 -0.17799 -0.40948
vn -0.96355 -0.19167 -0.18662
vn -0.64812 -0.12892 -0.75055
vn -0.61378 -0.11527 -0.78102
vn -0.58757 -0.27139 -0.76231
vn -0.44289 -0.29593 -0.84633
vn -0.43175 -0.27939 -0.85763
vn -0.43026 -0.64392 -0.63265
vn -0.1887 -0.37418 -0.90796
vn -0.2871 -0.43357 -0.85416
vn -0.36947 -0.45137 -0.81225
vn -0.45049 -0.36506 -0.81473
vn -0.96356 -0.19166 -0.18659
vn -0.88058 -0.43425 -0.18973
vn -0.83032 -0.5548 -0.05266
vn -0.77912 -0.59785 -0.18857
vn -0.54581 -0.81686 -0.18661
vn -0.60866 -0.79323 0.01796
vn -0.43425 -0.88058 -0.18976
vn -0.10637 -0.6499 -0.75254
vn -0.11232 -0.56467 -0.81764
vn -0.15975 -0.80313 -0.57399
vn -0.1359 -0.90084 -0.41233
vn -0.80313 -0.15975 -0.57399
vn -0.83098 -0.15418 -0.53451
vn -0.7022 -0.46919 -0.53552
vn -0.7022 -0.46919 -0.53551
vn -0.4692 -0.7022 -0.53551
vn -0.4692 -0.7022 -0.53551
vn -0.16476 -0.8283 -0.53551
vn -0.19166 -0.96356 -0.18662
vn -0.19167 -0.96356 -0.18661
vn 0.19751 0.89793 -0.39334
vn 0.97717 0.14897 -0.15146
vn 0.34162 0.1869 -0.92107
vn 0.54921 0.23803 -0.80107
vn 0.45541 0.18291 -0.87129
vn 0.32336 0.19441 -0.92609
vn 0.86576 0.24549 -0.43612
vn 0.75054 0.13288 -0.64733
vn 0.6167 0.16534 -0.76964
vn 0.97998 0.19612 -0.03437
vn 0.82556 0.55585 -0.0974
vn 0.82556 0.55585 -0.0974
vn 0.54486 0.82594 -0.14473
vn 0.54486 0.82594 -0.14473
vn 0.19504 0.96608 -0.16929
vn 0.18908 0.96837 -0.16282
vn 0.20768 0.46022 -0.86317
vn 0.20894 0.34042 -0.91677
vn 0.1775 0.31941 -0.93084
vn 0.82357 0.31453 -0.47202
vn 0.54198 0.46602 -0.69935
vn 0.54198 0.46601 -0.69935
vn 0.2622 0.53512 -0.80306
vn 0.16572 0.68873 -0.70583
vn 0.97968 0.17003 -0.10635
vn 0.82357 0.48088 -0.3008
vn 0.82357 0.48089 -0.3008
vn 0.54198 0.71249 -0.44567
vn 0.54198 0.71249 -0.44567
vn 0.25022 0.82083 -0.51344
vn 0.24623 0.82469 -0.50917
vn 0.80117 -0.04308 -0.59688
vn 0.82357 0.31453 -0.47202
vn 0.97968 0.11121 -0.16689
vn -0.17798 0.89477 -0.40952
vn -0.19166 0.96356 -0.18662
vn -0.29019 0.4343 -0.85274
vn -0.30241 0.59225 -0.74685
vn -0.10872 0.59705 -0.7948
vn -0.12893 0.64816 -0.75051
vn -0.6439 0.43024 -0.63268
vn -0.37418 0.1887 -0.90796
vn -0.43357 0.28712 -0.85415
vn -0.45138 0.3695 -0.81223
vn -0.36504 0.4505 -0.81474
vn -0.19167 0.96355 -0.18662
vn -0.43425 0.88058 -0.18976
vn -0.5548 0.83031 -0.0527
vn -0.59784 0.77912 -0.18857
vn -0.81686 0.54582 -0.18662
vn -0.79322 0.60867 0.01797
vn -0.88058 0.43425 -0.18977
vn -0.64992 0.10638 -0.75252
vn -0.56466 0.11232 -0.81764
vn -0.8031 0.15975 -0.57404
vn -0.90087 0.13589 -0.41227
vn -0.15975 0.80312 -0.574
vn -0.15418 0.83098 -0.5345
vn -0.4692 0.70219 -0.53552
vn -0.4692 0.7022 -0.53551
vn -0.7022 0.46919 -0.53551
vn -0.70221 0.46921 -0.53549
vn -0.82832 0.16476 -0.53548
vn -0.96355 0.19165 -0.18664
vn -0.96356 0.19166 -0.18662
vn 0.12779 -0.97998 -0.15269
vn 0.38443 -0.22623 -0.89501
vn 0.26268 -0.31885 -0.91068
vn 0.23329 -0.40451 -0.88428
vn 0.24752 -0.44986 -0.85811
vn 0.27767 -0.54397 -0.79183
vn 0.22188 -0.61083 -0.76004
vn 0.0512 -0.80255 -0.59439
vn 0.23605 -0.8677 -0.43747
vn 0.18276 -0.74549 -0.64096
vn 0.85898 -0.20086 -0.47096
vn 0.91162 -0.20955 -0.3536
vn 0.37771 -0.20619 -0.90267
vn 0.52309 -0.20763 -0.8266
vn 0.67896 -0.24317 -0.69274
vn 0.19597 -0.9792 -0.05251
vn 0.55235 -0.82037 -0.14801
vn 0.55235 -0.82037 -0.14801
vn 0.8146 -0.53739 -0.21827
vn 0.8146 -0.53738 -0.21827
vn 0.92858 -0.27539 -0.24881
vn 0.97418 -0.19021 -0.12162
vn 0.14346 -0.9792 -0.14346
vn 0.40436 -0.82036 -0.40435
vn 0.40435 -0.82037 -0.40435
vn 0.59633 -0.53739 -0.59633
vn 0.68404 -0.25336 -0.68404
vn 0.82439 -0.2007 -0.52924
vn -0 0.98176 -0.19014
vn -0 0.90929 -0.41617
vn -0 0.81357 -0.58147
vn -0 0.65362 -0.75682
vn 0.89421 0.17787 -0.4108
vn 0.96356 0.19166 -0.18662
vn 0.43429 0.29018 -0.85275
vn 0.59224 0.3024 -0.74686
vn 0.59705 0.10872 -0.7948
vn 0.64817 0.12893 -0.7505
vn 0.43024 0.64391 -0.63267
vn 0.18871 0.37419 -0.90795
vn 0.2871 0.43357 -0.85416
vn 0.3695 0.45138 -0.81223
vn 0.45049 0.36504 -0.81474
vn 0.96356 0.19166 -0.18662
vn 0.88058 0.43425 -0.18975
vn 0.83031 0.5548 -0.05268
vn 0.77912 0.59785 -0.18857
vn 0.54581 0.81686 -0.18662
vn 0.60867 0.79322 0.018
vn 0.43425 0.88058 -0.18975
vn 0.10637 0.64991 -0.75253
vn 0.11232 0.56467 -0.81764
vn 0.15975 0.80312 -0.574
vn 0.13589 0.90085 -0.41231
vn 0.80232 0.15959 -0.57517
vn 0.83105 0.15397 -0.53447
vn 0.7022 0.4692 -0.5355
vn 0.7022 0.4692 -0.53551
vn 0.4692 0.7022 -0.53551
vn 0.46919 0.7022 -0.53552
vn 0.16476 0.8283 -0.53552
vn 0.19166 0.96356 -0.18661
vn 0.19166 0.96356 -0.18662
vn -0.19599 -0.95162 -0.23667
vn -0.9756 -0.15961 -0.15079
vn -0.32681 -0.17596 -0.92856
vn -0.55001 -0.2312 -0.80252
vn -0.45652 -0.16658 -0.87398
vn -0.32421 -0.17712 -0.92926
vn -0.8638 -0.25463 -0.43476
vn -0.75153 -0.12028 -0.64864
vn -0.61786 -0.15128 -0.7716
vn -0.98039 -0.19501 -0.02847
vn -0.82735 -0.55827 -0.06187
vn -0.82931 -0.55412 -0.07202
vn -0.54761 -0.83141 -0.09422
vn -0.55246 -0.82682 -0.1056
vn -0.1945 -0.97462 -0.11085
vn -0.19392 -0.97484 -0.1099
vn -0.2038 -0.76303 -0.61339
vn -0.23516 -0.82683 -0.51093
vn -0.20745 -0.44401 -0.87168
vn -0.20918 -0.33975 -0.91696
vn -0.16493 -0.30248 -0.93878
vn -0.82131 -0.31594 -0.47501
vn -0.53873 -0.46657 -0.70148
vn -0.53873 -0.46658 -0.70148
vn -0.28201 -0.53134 -0.79885
vn -0.20287 -0.64635 -0.73558
vn -0.97934 -0.17867 -0.09466
vn -0.82131 -0.50411 -0.26708
vn -0.82131 -0.50411 -0.26708
vn -0.53873 -0.74445 -0.39442
vn -0.53873 -0.74445 -0.39442
vn -0.27303 -0.85007 -0.45038
vn -0.20201 -0.913 -0.35443
vn -0.79915 0.07407 -0.59655
vn -0.82131 -0.31594 -0.47501
vn -0.97934 -0.11198 -0.16836
vn 0.65363 -0 -0.75682
vn 0.81273 0 -0.58263
vn 0.9087 0 -0.41745
vn 0.98176 0 -0.19014
vn 0.17798 -0.89477 -0.40952
vn 0.19166 -0.96356 -0.18662
vn 0.12893 -0.64816 -0.75051
vn 0.29019 -0.43429 -0.85275
vn 0.3024 -0.59224 -0.74686
vn 0.10873 -0.59706 -0.7948
vn 0.64391 -0.43024 -0.63267
vn 0.36783 -0.18334 -0.91164
vn 0.43279 -0.28379 -0.85566
vn 0.45138 -0.3695 -0.81223
vn 0.36505 -0.45049 -0.81474
vn 0.19166 -0.96356 -0.18661
vn 0.43425 -0.88058 -0.18975
vn 0.5548 -0.83032 -0.05267
vn 0.59784 -0.77912 -0.18857
vn 0.81686 -0.54581 -0.18662
vn 0.79322 -0.60867 0.01799
vn 0.88058 -0.43425 -0.18975
vn 0.64992 -0.10637 -0.75252
vn 0.56466 -0.11232 -0.81764
vn 0.80232 -0.15959 -0.57517
vn 0.90023 -0.1362 -0.41356
vn 0.15975 -0.80312 -0.574
vn 0.15418 -0.83098 -0.5345
vn 0.46919 -0.7022 -0.53552
vn 0.46919 -0.7022 -0.53551
vn 0.7022 -0.46919 -0.53551
vn 0.7022 -0.4692 -0.5355
vn 0.82831 -0.16476 -0.5355
vn 0.96356 -0.19166 -0.18662
vn 0.96356 -0.19166 -0.18662
vn -0.89935 0.19734 -0.39016
vn -0.14852 0.97724 -0.15148
vn -0.18748 0.3425 -0.92062
vn -0.23845 0.54916 -0.80098
vn -0.18379 0.45537 -0.87113
vn -0.19535 0.32329 -0.92592
vn -0.2451 0.86584 -0.43617
vn -0.13358 0.75051 -0.64722
vn -0.16609 0.61665 -0.76951
vn -0.19496 0.98011 -0.03705
vn -0.55698 0.82543 -0.09192
vn -0.55285 0.82741 -0.09877
vn -0.82714 0.54479 -0.13799
vn -0.82261 0.54965 -0.14563
vn -0.9674 0.1949 -0.16171
vn -0.96829 0.19262 -0.15913
vn -0.46109 0.20769 -0.8627
vn -0.34061 0.20891 -0.9167
vn -0.32034 0.17823 -0.93038
vn -0.31615 0.8235 -0.47107
vn -0.46836 0.54188 -0.69786
vn -0.46836 0.54188 -0.69786
vn -0.53766 0.26292 -0.80112
vn -0.6887 0.16606 -0.70578
vn -0.1707 0.97967 -0.10539
vn -0.48273 0.8235 -0.29803
vn -0.48273 0.8235 -0.29804
vn -0.71514 0.54188 -0.44153
vn -0.71514 0.54188 -0.44153
vn -0.82393 0.24976 -0.50869
vn -0.82401 0.24967 -0.5086
vn 0.04152 0.80125 -0.59689
vn -0.31614 0.8235 -0.47107
vn -0.11179 0.97967 -0.16658
vn 0.97945 -0.1921 0.0614
vn 0.98314 -0.17275 0.05987
vn 0.8307 -0.55188 0.07325
vn 0.93168 -0.35835 0.05964
vn 0.83207 -0.54992 0.07237
vn 0.53679 -0.84062 0.07225
vn 0.5519 -0.83069 0.07325
vn 0.17275 -0.98314 0.05987
vn 0.19213 -0.97945 0.0614
vn 0.08828 -0.92199 0.37701
vn 0.87548 -0.18245 0.44748
vn 0.9628 -0.1624 0.21599
vn 0.91771 -0.24954 0.30909
vn 0.8934 -0.33588 0.29835
vn 0.8026 -0.52673 0.27998
vn 0.8026 -0.52673 0.27998
vn 0.54241 -0.81254 0.21346
vn 0.5298 -0.83236 0.16274
vn 0.18188 -0.97141 0.1526
vn 0.17074 -0.98062 0.0961
vn 0.10177 -0.87777 0.46815
vn 0.20006 -0.79919 0.56681
vn 0.15149 -0.75768 0.6348
vn 0.58109 -0.17187 0.79549
vn 0.40168 -0.16708 0.90041
vn 0.19683 -0.56874 0.79862
vn 0.25162 -0.50135 0.82785
vn 0.22235 -0.39872 0.88971
vn 0.23833 -0.2375 0.9417
vn 0.16526 -0.16366 0.97258
vn 0.12787 -0.96195 0.24144
vn 0.15754 -0.96285 0.21934
vn 0.39102 -0.7991 0.45666
vn 0.39102 -0.7991 0.45666
vn 0.57885 -0.50691 0.63873
vn 0.57885 -0.50691 0.63873
vn 0.65809 -0.255 0.70844
vn 0.76358 -0.17242 0.62227
vn 0 -0.16594 0.98614
vn 0 -0.16594 0.98614
vn 0 -0.40896 0.91255
vn 0 -0.40896 0.91255
vn 0 -0.58008 0.81456
vn 0 -0.76653 0.64221
vn 0 -0.88235 0.47059
vn 0 -0.88235 0.47059
vn -0 -0.92561 0.37849
vn -0 -0.92562 0.37847
vn 0 -0.96992 0.24344
vn -0 -0.96993 0.2434
vn 0 -0.99523 0.09754
vn -0 -0.99524 0.0975
vn -0.08829 -0.922 0.37699
vn -0.40486 -0.16722 0.89896
vn -0.89376 -0.33492 0.29836
vn -0.80296 -0.52616 0.28002
vn -0.80234 -0.52678 0.28063
vn -0.52812 -0.82314 0.20865
vn -0.56284 -0.80843 0.17219
vn -0.17121 -0.97446 0.14529
vn -0.20175 -0.97477 0.0955
vn -0.96317 -0.16144 0.21503
vn -0.91759 -0.24969 0.30933
vn -0.87597 -0.18249 0.44652
vn -0.765 -0.17257 0.62048
vn -0.1687 -0.16356 0.972
vn -0.23849 -0.23573 0.9421
vn -0.22237 -0.39872 0.8897
vn -0.25163 -0.50135 0.82785
vn -0.19685 -0.56873 0.79862
vn -0.12107 -0.78839 0.60315
vn -0.27116 -0.84929 0.45296
vn -0.15151 -0.75768 0.63479
vn -0.58292 -0.17188 0.79414
vn -0.65817 -0.25487 0.70842
vn -0.5789 -0.50691 0.63869
vn -0.5789 -0.50691 0.63869
vn -0.39106 -0.7991 0.45663
vn -0.39106 -0.7991 0.45663
vn -0.1391 -0.96982 0.20024
vn -0.1495 -0.95902 0.24067
vn -0.19554 -0.97876 0.06154
vn -0.17633 -0.9825 0.06002
vn -0.42488 -0.90256 0.0698
vn -0.54034 -0.83818 0.07407
vn -0.59371 -0.80135 0.07311
vn -0.7671 -0.63729 0.0736
vn -0.83236 -0.54925 0.07418
vn -0.87756 -0.4742 0.07083
vn -0.93167 -0.35697 0.06754
vn -0.9585 -0.27772 0.06448
vn -0.98322 -0.1716 0.06191
vn -0.99439 -0.08928 0.05679
vn 0.80727 -0.53854 0.24142
vn 0.95693 -0.19262 0.2172
vn 0.95425 -0.17665 0.24125
vn 0.79548 -0.16996 0.58166
vn 0.81389 -0.15422 0.56017
vn 0.51336 -0.10589 0.85162
vn 0.52027 -0.10293 0.84777
vn 0.15395 -0.13897 0.97826
vn 0.00964 -0.16999 0.9854
vn 0.17624 -0.95993 0.21787
vn 0.17135 -0.81157 0.55856
vn 0.15217 -0.80028 0.58
vn 0.10702 -0.52005 0.8474
vn 0.10185 -0.51478 0.85125
vn 0.02952 -0.15465 0.98753
vn 0.07334 -0.19982 0.97708
vn 0.08564 -0.12639 0.98828
vn 0.28685 -0.43435 0.85385
vn 0.29222 -0.43677 0.85078
vn 0.44756 -0.67676 0.58454
vn 0.45246 -0.67751 0.57987
vn 0.53543 -0.80929 0.2416
vn 0.19228 -0.95103 0.24199
vn 0.16986 -0.04284 0.98454
vn 0.20929 -0.04046 0.97702
vn 0.13051 -0.08834 0.9875
vn 0.43814 -0.28932 0.85107
vn 0.4322 -0.28923 0.85413
vn 0.67937 -0.44922 0.58022
vn 0.67449 -0.45051 0.5849
vn 0.80815 -0.53472 0.24691
vn 0.53783 -0.80603 0.24709
vn -0 -0.9752 0.22134
vn -0 -0.17002 0.98544
vn 0 -0.17 0.98544
vn 0 -0.52305 0.8523
vn 0 -0.82376 0.56694
vn 0 -0.9752 0.22134
vn -0.68092 -0.44681 0.58026
vn -0.97152 -0.09299 0.21796
vn -0.95765 -0.27779 0.07572
vn -0.74403 -0.6193 0.25077
vn -0.57772 -0.77734 0.24897
vn -0.54576 -0.81506 0.19449
vn -0.41584 -0.87553 0.246
vn -0.18013 -0.95359 0.24129
vn -0.19595 -0.95629 0.21705
vn -0.04282 -0.16986 0.98454
vn -0.04063 -0.2061 0.97769
vn -0.09326 -0.12472 0.9878
vn -0.0969 -0.14181 0.98514
vn -0.13079 -0.10768 0.98555
vn -0.12685 -0.08533 0.98824
vn -0.19999 -0.0734 0.97704
vn -0.15323 -0.02778 0.9878
vn -0.16754 -0.00955 0.98582
vn -0.95472 -0.17417 0.24119
vn -0.81282 -0.17235 0.55644
vn -0.80044 -0.15117 0.58004
vn -0.15714 -0.81352 0.5599
vn -0.17261 -0.79497 0.58157
vn -0.45321 -0.6765 0.58047
vn -0.45444 -0.67178 0.58498
vn -0.67598 -0.44815 0.58499
vn -0.82321 -0.53968 0.17624
vn -0.85174 -0.4634 0.24455
vn -0.51797 -0.10602 0.8488
vn -0.51442 -0.10249 0.85139
vn -0.43775 -0.29069 0.85081
vn -0.43529 -0.28526 0.8539
vn -0.29172 -0.43043 0.85418
vn -0.29182 -0.43618 0.85123
vn -0.10769 -0.51307 0.85156
vn -0.10475 -0.52018 0.84761
vn 0.9752 -3E-05 0.22132
vn 0.17002 2E-05 0.98544
vn 0.17004 0 0.98544
vn 0.52305 0 0.8523
vn 0.82375 0 0.56696
vn 0.97519 0 0.22135
vn 0.96593 0.25882 -0
vn 0.70711 0.70711 -0
vn 0.25882 0.96593 -0
vn -0.25882 0.96593 -0
vn -0.70711 0.70711 -0
vn -0.96593 0.25882 0
vn -0.96593 0.25882 0
vn -0.96593 -0.25882 -0
vn -0.96593 -0.25882 0
vn -0.70711 -0.70711 0
vn -0.25882 -0.96593 0
vn 0.25882 -0.96593 0
vn 0.70711 -0.70711 0
vn 0.96593 -0.25882 -0
vn 0.96593 -0.25882 -0
vn 0.96593 0.25882 0
vn -0.99366 -2E-05 0.11245
vn -0.97521 0.03312 0.21879
vn -0.14807 1E-05 0.98898
vn -0.16752 0.01494 0.98575
vn -0.36931 -0.0061 0.92929
vn -0.52034 0.04677 0.85268
vn -0.95923 -0.00311 0.28261
vn -0.8703 0.00341 0.49252
vn -0.82389 0.05562 0.56402
vn -0.75136 2E-05 0.65989
vn -0.57224 2E-05 0.82009
vn 0 -0.70711 -0.70711
vn -0 0.25882 -0.96593
vn 0 0.25882 0.96593
vn 0 -0.70711 0.70711
vn 0.67051 0.39391 0.62869
vn 0.29095 0.58785 0.75484
vn 0.93302 0.14125 0.33095
vn 0.84136 0.51571 0.16174
vn 0.14665 0.44144 0.88522
vn 0.05173 0.05266 0.99727
vn 0.13673 0.13643 0.98117
vn 0.13842 0.17664 0.97449
vn 0.07686 0.15686 0.98462
vn 0.20209 0.28258 0.93772
vn 0.12474 0.2666 0.9557
vn 0.14762 0.40225 0.90355
vn 0.18044 0.43513 0.8821
vn 0.02956 0.57558 0.81721
vn 0.15799 0.82104 0.54857
vn -0.00571 0.70543 0.70876
vn 0.21641 0.67744 0.70302
vn 0.0953 0.64426 0.75884
vn 0.08694 0.98509 0.14844
vn 0.15081 0.98012 0.12892
vn 0.0135 0.93341 0.35855
vn 0.2581 0.91146 0.32035
vn 0.81712 0.5432 0.19297
vn 0.97414 0.18054 0.13583
vn 0.9709 0.19074 0.14483
vn 0.63743 0.15459 0.75484
vn 0.73545 0.06397 0.67455
vn 0.77487 0.10026 0.62412
vn 0.29982 0.14027 0.94363
vn 0.37135 0.11036 0.92191
vn 0.30169 0.04151 0.9525
vn 0.26099 0.04476 0.9643
vn 0.27466 0.94794 0.16119
vn 0.28972 0.94433 0.15587
vn 0.23384 0.88256 0.40793
vn 0.30029 0.8698 0.39151
vn 0.19783 0.7634 0.61488
vn 0.54416 0.81856 0.18397
vn 0.5601 0.81057 0.1711
vn 0.51006 0.75997 0.40286
vn 0.47366 0.77587 0.41673
vn 0.36372 0.66373 0.65358
vn 0.45995 0.63213 0.62359
vn 0.32302 0.494 0.80723
vn 0.847 0.05479 0.52876
vn 0.75798 0.20765 0.61834
vn 0.81247 0.1626 0.55987
vn 0.71361 0.30647 0.62995
vn 0.59846 0.19497 0.77707
vn 0.6724 0.16018 0.72265
vn 0.63571 0.09429 0.76615
vn 0.58708 0.04778 0.80812
vn 0.89823 0.10086 0.4278
vn 0.91157 0.17661 0.37128
vn 0.85791 0.30237 0.41541
vn 0.79042 0.46518 0.39855
vn 0.76594 0.48886 0.41756
vn 0.62482 0.63924 0.4483
vn 0.51862 0.53288 0.66863
vn 0.6073 0.48954 0.62573
vn 0.46787 0.35094 0.81113
vn 0.57771 0.30576 0.75681
vn 0.44027 0.16962 0.8817
vn 0.50436 0.15496 0.84947
vn 0.48883 0.08651 0.86808
vn 0.09955 0.90137 0.42146
vn 0.03577 0.82891 0.55824
vn 0.29856 0.74503 0.59649
vn 0.16814 0.61167 0.77304
vn 0.44109 0.4583 0.77163
vn 0.32284 0.34004 0.88326
vn 0.39221 0.2411 0.88772
vn 0.29101 0.14096 0.94628
vn 0.43897 0.03906 0.89765
vn -0.39392 0.67051 0.62869
vn -0.58787 0.29093 0.75483
vn -0.1387 0.93107 0.33746
vn -0.51571 0.84136 0.16175
vn -0.44146 0.14663 0.88522
vn -0.05248 0.05204 0.99727
vn -0.13604 0.13679 0.98121
vn -0.17648 0.1387 0.97448
vn -0.15696 0.07694 0.9846
vn -0.2826 0.20209 0.93771
vn -0.26663 0.1247 0.9557
vn -0.40227 0.14762 0.90354
vn -0.43515 0.18044 0.88209
vn -0.57558 0.02955 0.81721
vn -0.82104 0.15803 0.54856
vn -0.70545 -0.00576 0.70874
vn -0.67909 0.20836 0.70386
vn -0.64294 0.09395 0.76013
vn -0.98509 0.08693 0.14844
vn -0.98012 0.15081 0.12892
vn -0.93341 0.01348 0.35855
vn -0.5432 0.81713 0.19297
vn -0.17934 0.9744 0.13562
vn -0.19072 0.97077 0.14572
vn -0.16265 0.62972 0.75961
vn -0.06139 0.73271 0.67777
vn -0.09999 0.77468 0.6244
vn -0.13998 0.30001 0.94361
vn -0.11005 0.3718 0.92177
vn -0.03762 0.29816 0.95377
vn -0.05006 0.25203 0.96642
vn -0.94794 0.27464 0.16118
vn -0.94434 0.2897 0.15587
vn -0.88257 0.23382 0.40792
vn -0.86981 0.30026 0.39151
vn -0.76341 0.1978 0.61488
vn -0.81856 0.54416 0.18397
vn -0.81058 0.56007 0.17111
vn -0.75998 0.51004 0.40285
vn -0.77589 0.47365 0.41673
vn -0.66374 0.3637 0.65358
vn -0.63214 0.45994 0.62359
vn -0.49402 0.32301 0.80722
vn -0.05434 0.84695 0.52888
vn -0.2076 0.75789 0.61846
vn -0.16194 0.81285 0.55951
vn -0.30648 0.7136 0.62995
vn -0.19493 0.59839 0.77713
vn -0.15967 0.67286 0.72234
vn -0.09404 0.63559 0.76628
vn -0.04756 0.58706 0.80815
vn -0.09802 0.89567 0.43378
vn -0.16817 0.91446 0.36809
vn -0.30238 0.85791 0.41541
vn -0.46519 0.79041 0.39855
vn -0.48887 0.76593 0.41756
vn -0.63925 0.62481 0.4483
vn -0.53289 0.51861 0.66863
vn -0.48956 0.60728 0.62574
vn -0.35096 0.46785 0.81113
vn -0.30577 0.57771 0.7568
vn -0.16951 0.44014 0.88178
vn -0.15466 0.50473 0.84931
vn -0.08617 0.48885 0.8681
vn -0.93 0.1328 0.34273
vn -0.82891 0.03576 0.55824
vn -0.74504 0.29854 0.59648
vn -0.61168 0.16812 0.77303
vn -0.45832 0.44107 0.77162
vn -0.34006 0.32282 0.88326
vn -0.2411 0.3922 0.88772
vn -0.1407 0.29073 0.94641
vn -0.03883 0.43912 0.89759
vn 0.08328 0 0.99653
vn 0.12809 -0.00084 0.99176
vn 0.21513 4E-05 0.97658
vn 0.29293 -3E-05 0.95613
vn 0.28506 -0.0001 0.95851
vn 0.60482 -0 0.79637
vn 0.33571 0.0003 0.94197
vn 0.37316 -5E-05 0.92777
vn 0.3233 1E-05 0.9463
vn 0.52688 -0.00143 0.84994
vn 0.45815 -0.00299 0.88887
vn 0.58745 0.00185 0.80926
vn 0.42571 -0.00043 0.90486
vn 0.91218 -4E-05 0.40978
vn 0.85645 -0.00083 0.51623
vn 0.79984 -0.00341 0.6002
vn 0.91485 0.0028 0.40379
vn 0.7533 -0.00344 0.65767
vn 0.79654 -0.00111 0.60458
vn 0.69182 -7E-05 0.72207
vn 0.6682 0 0.74399
vn 0.94996 9E-05 0.31236
vn 0.97817 -0.00147 0.20778
vn 0.99058 0 0.13694
vn -0.99181 -0 0.12771
vn -0.97371 0.00189 0.22778
vn -0.99238 -0.00027 0.12321
vn -0.95179 0.00023 0.30676
vn -0.94589 0.00055 0.32449
vn -0.91397 -1E-05 0.40577
vn -0.85434 2E-05 0.51971
vn -0.79787 0.00199 0.60282
vn -0.78917 0.00229 0.61417
vn -0.85567 -0.00036 0.51753
vn -0.73784 0.00028 0.67497
vn -0.74823 1E-05 0.66344
vn -0.68345 -0 0.73
vn -0.66921 3E-05 0.74307
vn -0.60375 0.00036 0.79717
vn -0.52643 0.00216 0.85022
vn -0.39045 -0.00076 0.92062
vn -0.47324 -0 0.88093
vn -0.58672 0 0.80979
vn -0.67553 -0.00227 0.73733
vn -0.47706 0.00113 0.87887
vn -0.42455 0.00042 0.90541
vn -0.3721 -0 0.92819
vn -0.08323 0 0.99653
vn -0.30445 0 0.95253
vn -0.21776 0.00074 0.976
vn -0.25472 -1E-05 0.96701
vn -0.08361 1E-05 0.9965
vn 0.08052 0.32241 -0.94317
vn 0.14539 0.46917 -0.87106
vn -0.00141 0.46713 -0.88419
vn -0.00853 0.46916 -0.88307
vn 0.16017 0.73745 -0.65614
vn -0.09358 0.69029 -0.71745
vn -0.1081 0.92375 -0.36743
vn -0.02494 0.91249 -0.40834
vn 0.0577 0.84611 -0.52988
vn 0.00282 0.98391 -0.17867
vn 0.02145 0.62287 -0.78203
vn 0.05922 0.85675 -0.51232
vn 0.0056 0.83498 -0.55026
vn 0.03532 0.98211 -0.18496
vn -0.01509 0.97698 -0.21282
vn 0.00129 0.99988 -0.01553
vn 0.00155 0.99988 -0.01549
vn 0.01453 0.98494 -0.17226
vn 0.22602 0.97166 -0.06923
vn 0.01725 0.99564 -0.0917
vn -0.10186 0.92457 -0.36715
vn 0.16654 0.9672 -0.19178
vn -0.06943 0.73438 -0.67518
vn 0.20551 0.8266 -0.52392
vn 0.02639 0.57378 -0.81858
vn 0.07574 0.57857 -0.81211
vn -0 0.98391 -0.17867
vn -0 0.98391 -0.17867
vn -0 0.85826 -0.51322
vn -0 0.85826 -0.51322
vn -0 0.62301 -0.78221
vn -0 0.62302 -0.78221
vn 0.07393 0.93523 -0.34624
vn -0.08464 0.98428 -0.155
vn 0.32396 0.30609 -0.89519
vn -0.09005 0.62048 -0.77903
vn -0.00229 0.99949 -0.03173
vn 0.01663 0.98377 -0.17865
vn -0.04663 0.96958 -0.2403
vn -0.00635 0.85824 -0.51321
vn -0.06834 0.81699 -0.57259
vn -0.01141 0.56021 -0.82827
vn -0.19455 0.55658 -0.80769
vn 0.03998 0.45938 -0.88734
vn -0.09936 0.62097 -0.77751
vn 0.04492 0.75115 -0.6586
vn 0.03984 0.75336 -0.6564
vn -0.10675 0.88575 -0.45172
vn 0.06221 0.41675 -0.90689
vn -0.15328 0.75329 -0.63958
vn 0.01209 0.81447 -0.58009
vn -0.11582 0.93783 -0.3272
vn 0.04849 0.96687 -0.25061
vn -0.02007 0.99538 -0.09385
vn -0.00294 0.99949 -0.03164
vn 0.46917 -0.14539 -0.87106
vn 0.39043 -0.11681 -0.91319
vn 0.46646 0.06322 -0.88228
vn 0.53136 -0.0267 -0.84673
vn 0.73745 -0.16013 -0.65615
vn 0.92881 0.06324 -0.36512
vn 0.92776 0.04957 -0.36986
vn 0.87365 -0.02681 -0.48581
vn 0.83781 -0.04768 -0.54387
vn 0.6903 0.09357 -0.71745
vn 0.9839 -0.0028 -0.17868
vn 0.62288 -0.02144 -0.78203
vn 0.85676 -0.05921 -0.51231
vn 0.83498 -0.00557 -0.55026
vn 0.98211 -0.03529 -0.18497
vn 0.97698 0.01509 -0.2128
vn 0.99988 -0.0013 -0.01556
vn 0.99988 -0.00155 -0.01552
vn 0.99138 -0.01099 -0.13057
vn 0.99274 -0.08525 -0.08483
vn 0.99564 -0.01724 -0.09169
vn 0.92457 0.10187 -0.36715
vn 0.9672 -0.16655 -0.19177
vn 0.73437 0.06943 -0.67519
vn 0.8266 -0.20552 -0.52392
vn 0.57378 -0.0264 -0.81858
vn 0.57857 -0.07574 -0.81211
vn 0.98391 0 -0.17868
vn 0.85826 0 -0.51321
vn 0.62302 -0 -0.78221
vn 0.93523 -0.07393 -0.34625
vn 0.98428 0.08465 -0.15501
vn 0.62031 0.0931 -0.77881
vn 0.99949 0.00228 -0.0317
vn 0.98377 -0.01664 -0.17866
vn 0.96958 0.04662 -0.24031
vn 0.85825 0.00633 -0.5132
vn 0.81699 0.06834 -0.57259
vn 0.55523 0.01043 -0.83163
vn 0.55801 0.18718 -0.80845
vn 0.45936 -0.03999 -0.88735
vn 0.62095 0.09936 -0.77753
vn 0.75116 -0.04487 -0.6586
vn 0.75333 -0.03987 -0.65643
vn 0.88575 0.10674 -0.45173
vn 0.32718 0.08564 -0.94107
vn 0.48704 0.02388 -0.87305
vn 0.48519 -0.02411 -0.87408
vn 0.75329 0.15329 -0.63957
vn 0.81447 -0.01207 -0.58009
vn 0.93783 0.11584 -0.3272
vn 0.96687 -0.04848 -0.25061
vn 0.99538 0.02008 -0.09385
vn 0.9995 0.00294 -0.0316
vn 0.19509 0.98079 0
vn 0.19163 0.98147 4E-05
vn 0.55556 0.83147 -4E-05
vn 0.55066 0.83473 2E-05
vn 0.83147 0.55556 -2E-05
vn 0.8295 0.55851 1E-05
vn 0.98079 0.19509 -1E-05
vn 0.98056 0.19623 -0
vn 0.98147 -0.19164 0
vn 0.98147 -0.19162 -0
vn 0.83473 -0.55066 0
vn 0.83473 -0.55066 -0
vn 0.5585 -0.8295 -0
vn 0.55851 -0.8295 0
vn 0.19624 -0.98056 0
vn -0.07393 -0.93523 -0.34624
vn 0.08464 -0.98428 -0.155
vn -0.32397 -0.30609 -0.89518
vn 0.08884 -0.61353 -0.78466
vn 0.00251 -0.99955 -0.03002
vn -0.01549 -0.98536 -0.16981
vn 0.0521 -0.96946 -0.23964
vn -0.00307 -0.85826 -0.51321
vn 0.06301 -0.81699 -0.57321
vn 0.02274 -0.56054 -0.82782
vn 0.19455 -0.55658 -0.80769
vn -0.03998 -0.45938 -0.88734
vn 0.09936 -0.62097 -0.77751
vn -0.04492 -0.75115 -0.6586
vn -0.03984 -0.75336 -0.6564
vn 0.10675 -0.88575 -0.45172
vn -0.06221 -0.41675 -0.90689
vn 0.15328 -0.75329 -0.63958
vn -0.01209 -0.81447 -0.58009
vn 0.11582 -0.93783 -0.32719
vn -0.04849 -0.96687 -0.25061
vn 0.02007 -0.99538 -0.09385
vn 0.0025 -0.99955 -0.03002
vn 0 -0.61597 -0.78777
vn 0 -0.98547 -0.16983
vn 0 -0.85826 -0.51322
vn -0 -0.85826 -0.51321
vn -0 -0.98547 -0.16984
vn -0.07128 -0.3049 -0.94971
vn -0.07574 -0.57857 -0.81211
vn -0.14539 -0.46918 -0.87105
vn -0.0528 -0.45084 -0.89104
vn 0.00855 -0.46916 -0.88307
vn -0.10266 -0.65462 -0.74896
vn 0.11196 -0.72948 -0.67478
vn 0.01935 -0.77496 -0.63171
vn -0.04608 -0.99201 -0.11746
vn -0.00028 -0.96865 -0.24842
vn 0.06326 -0.92881 -0.36511
vn 0.04957 -0.92776 -0.36987
vn -0.0577 -0.84611 -0.52988
vn -0.00015 -0.98547 -0.16984
vn -0.03058 -0.61568 -0.7874
vn -0.04861 -0.85725 -0.51261
vn 0.00914 -0.83425 -0.55131
vn -0.04636 -0.98271 -0.17926
vn 0.01396 -0.97702 -0.21271
vn -0.00229 -0.99992 -0.01209
vn -0.00113 -0.99992 -0.01225
vn -0.0264 -0.57379 -0.81858
vn -0.20551 -0.8266 -0.52392
vn 0.06944 -0.73437 -0.67519
vn -0.16654 -0.9672 -0.19179
vn 0.10186 -0.92457 -0.36715
vn -0.01745 -0.99568 -0.09124
vn -0.00719 -0.99571 -0.09224
vn -0.19509 -0.98079 0
vn -0.1951 -0.98078 0
vn -0.55557 -0.83147 0
vn -0.83147 -0.55557 0
vn -0.98079 -0.19509 0
vn -0.93523 0.07394 -0.34624
vn -0.98428 -0.08463 -0.155
vn -0.30608 0.32398 -0.89518
vn -0.61352 -0.08884 -0.78466
vn -0.99955 -0.0025 -0.02999
vn -0.98536 0.0155 -0.16981
vn -0.96946 -0.0521 -0.23964
vn -0.85826 0.00307 -0.51321
vn -0.81699 -0.06301 -0.5732
vn -0.56053 -0.02274 -0.82782
vn -0.55658 -0.19455 -0.8077
vn -0.45939 0.03997 -0.88734
vn -0.62097 -0.09936 -0.77751
vn -0.75115 0.04491 -0.6586
vn -0.75335 0.03984 -0.65641
vn -0.88575 -0.10675 -0.45172
vn -0.41675 0.0622 -0.90689
vn -0.75329 -0.15329 -0.63958
vn -0.81447 0.01209 -0.58009
vn -0.93783 -0.11583 -0.32719
vn -0.96687 0.04847 -0.25061
vn -0.99538 -0.02008 -0.09386
vn -0.99955 -0.0025 -0.02999
vn -0.61597 -0 -0.78777
vn -0.98547 -0 -0.16983
vn -0.61596 0 -0.78778
vn -0.85826 0 -0.51321
vn -0.85826 -0 -0.51322
vn -0.98547 -0 -0.16983
vn -0.32336 0.08227 -0.94269
vn -0.47676 0.14735 -0.8666
vn -0.46824 0.01732 -0.88343
vn -0.47662 -0.00721 -0.87908
vn -0.74374 0.16956 -0.6466
vn -0.6903 -0.09355 -0.71745
vn -0.92925 -0.09249 -0.35768
vn -0.91442 -0.00861 -0.40469
vn -0.84617 0.05576 -0.52999
vn -0.98547 0.00017 -0.16983
vn -0.98556 0.01369 -0.16878
vn -0.97734 0.20133 -0.06539
vn -0.99615 0.01771 -0.08591
vn -0.92843 -0.09914 -0.35804
vn -0.96727 0.16289 -0.19454
vn -0.74132 -0.06562 -0.66794
vn -0.82584 0.20172 -0.52658
vn -0.57344 0.0254 -0.81885
vn -0.57767 0.0756 -0.81276
vn -0.61568 0.0305 -0.78741
vn -0.85717 0.05044 -0.51256
vn -0.83281 -0.00973 -0.55347
vn -0.9826 0.0476 -0.1795
vn -0.97641 -0.01563 -0.21535
vn -0.99991 0.00239 -0.01328
vn -0.99991 0.00125 -0.01345
vn -0.98079 0.19509 0
vn -0.98078 0.1951 0
vn -0.83147 0.55557 -0
vn -0.55557 0.83147 -0
vn -0.19509 0.98079 -0
vn -0.19509 0.98079 0
vn -0.67049 -0.39398 0.62867
vn -0.29086 -0.58795 0.75479
vn -0.05189 -0.05264 0.99726
vn -0.13897 -0.13743 0.98071
vn -0.14657 -0.44156 0.88518
vn -0.20217 -0.28275 0.93765
vn -0.12452 -0.26682 0.95567
vn -0.14769 -0.40243 0.90346
vn -0.18045 -0.43524 0.88205
vn -0.02951 -0.57563 0.81717
vn -0.14384 -0.69064 0.70875
vn 0.00617 -0.7056 0.70858
vn -0.15833 -0.82103 0.54849
vn -0.08688 -0.9851 0.14842
vn -0.15077 -0.98013 0.12891
vn -0.01343 -0.93343 0.35851
vn -0.84113 -0.51547 0.1637
vn -0.81924 -0.54045 0.19172
vn -0.9725 -0.18987 0.1349
vn -0.97102 -0.1943 0.13915
vn -0.95675 -0.15973 0.24314
vn -0.93493 -0.14145 0.32543
vn -0.61992 -0.17325 0.7653
vn -0.71816 -0.06976 0.69238
vn -0.76594 -0.09178 0.63633
vn -0.77336 -0.099 0.62618
vn -0.29888 -0.14003 0.94396
vn -0.37307 -0.10924 0.92135
vn -0.28947 -0.02858 0.95676
vn -0.07182 -0.15185 0.98579
vn -0.14015 -0.17567 0.97442
vn -0.27801 -0.94717 0.15996
vn -0.28962 -0.94437 0.15585
vn -0.23375 -0.88261 0.40788
vn -0.30019 -0.86985 0.39147
vn -0.19774 -0.76347 0.61483
vn -0.54916 -0.81561 0.18223
vn -0.55962 -0.8103 0.1739
vn -0.50999 -0.76003 0.40282
vn -0.47358 -0.77594 0.4167
vn -0.36364 -0.66381 0.65355
vn -0.45989 -0.63221 0.62355
vn -0.32298 -0.4941 0.80719
vn -0.84495 -0.05494 0.53201
vn -0.75763 -0.20742 0.61885
vn -0.81524 -0.15781 0.55721
vn -0.71358 -0.30655 0.62994
vn -0.59833 -0.19497 0.77717
vn -0.67104 -0.16177 0.72355
vn -0.6364 -0.09482 0.76551
vn -0.58597 -0.04707 0.80896
vn -0.90025 -0.10157 0.42336
vn -0.91063 -0.17934 0.37227
vn -0.8579 -0.30242 0.41539
vn -0.7904 -0.46524 0.39852
vn -0.76591 -0.48892 0.41754
vn -0.62477 -0.63931 0.44827
vn -0.51857 -0.53296 0.66861
vn -0.60724 -0.48963 0.62572
vn -0.46782 -0.35105 0.81112
vn -0.57768 -0.30586 0.75679
vn -0.44007 -0.16956 0.88181
vn -0.50609 -0.15362 0.84869
vn -0.4884 -0.08508 0.86846
vn -0.45342 -0.05116 0.88983
vn -0.13276 -0.93002 0.3427
vn -0.03573 -0.82894 0.55819
vn -0.29846 -0.74511 0.59643
vn -0.16806 -0.61176 0.77299
vn -0.44101 -0.45841 0.7716
vn -0.32278 -0.34016 0.88324
vn -0.39215 -0.24122 0.88771
vn -0.29065 -0.14078 0.94642
vn -0.38851 -0.074 0.91847
vn 0.97475 -0.03048 0.22122
vn 0.97997 -0.0361 0.19584
vn 0.96805 -0.1085 0.22608
vn 0.98223 -0.09745 0.16042
vn 0.97041 -0.17417 0.16722
vn 0.98536 -0.13605 0.10271
vn 0.97811 -0.18806 0.08903
vn 0.98223 -0.1762 0.06467
vn 0.16057 -0.81676 0.55418
vn 0.16053 -0.96519 0.20648
vn 0.16996 -0.96295 0.2094
vn 0.16156 -0.89566 0.41436
vn 0.35198 -0.74376 0.56828
vn 0.16784 -0.16003 0.97274
vn 0.35481 -0.09911 0.92967
vn 0.14976 -0.26998 0.95115
vn 0.15107 -0.51667 0.84275
vn 0.31707 -0.46016 0.82929
vn 0.15489 -0.65357 0.74085
vn 0.51985 -0.83064 0.1995
vn 0.52271 -0.82857 0.20062
vn 0.5038 -0.7058 0.49802
vn 0.50381 -0.7058 0.49802
vn 0.49071 -0.44697 0.74794
vn 0.4907 -0.44698 0.74794
vn 0.48868 -0.15138 0.85923
vn 0.5182 -0.13591 0.84439
vn 0.83031 -0.53564 0.15386
vn 0.83356 -0.53007 0.15559
vn 0.82133 -0.45349 0.34606
vn 0.82133 -0.45349 0.34606
vn 0.81292 -0.28718 0.50665
vn 0.81292 -0.28718 0.50665
vn 0.81177 -0.09691 0.57588
vn 0.82052 -0.08844 0.56473
vn 0.99863 0 0.05234
vn 0.99863 1E-05 0.05233
vn 0.99863 -0 0.05234
vn 0.99863 -3E-05 0.05237
vn 0.99863 4E-05 0.05229
vn 0.99863 1E-05 0.05233
vn 0.1865 0 0.98245
vn 0.16752 0.00389 0.98586
vn 0.41695 -0.00154 0.90893
vn 0.40741 -0.0007 0.91325
vn 0.58292 0.00121 0.81253
vn 0.58987 2E-05 0.8075
vn 0.75951 -1E-05 0.65049
vn 0.77519 -0.00276 0.63173
vn 0.8698 0.00173 0.4934
vn 0.89043 -0.00135 0.45512
vn 0.96294 0.00284 0.26969
vn 0.97574 -0.00499 0.21889
vn 0.9963 0 0.08591
vn 0 0 1
vn 0 0 1
vn -0.97164 -0 0.23645
vn -0.97597 0.00388 0.21789
vn -0.88612 -0.00158 0.46345
vn -0.89093 -0.00071 0.45415
vn -0.78212 0.00118 0.62312
vn -0.77665 -1E-05 0.62993
vn -0.61106 2E-05 0.79158
vn -0.59172 -0.00277 0.80614
vn -0.44978 0.00158 0.89314
vn -0.41065 -0.00124 0.91179
vn -0.22211 0.00287 0.97502
vn -0.171 -0.00492 0.98526
vn -0.03293 0 0.99946
vn -0.99863 5E-05 0.05228
vn -0.99863 3E-05 0.0523
vn -0.99863 -1E-05 0.05234
vn -0.99863 -2E-05 0.05236
vn -0.99863 -1E-05 0.05234
vn -0.99863 -0 0.05234
vn 0.39388 -0.67057 0.62865
vn 0.58782 -0.29104 0.75482
vn 0.14124 -0.93302 0.33095
vn 0.51566 -0.8414 0.16169
vn 0.44143 -0.14675 0.88521
vn 0.12341 -0.00888 0.99232
vn 0.13493 -0.13771 0.98124
vn 0.18907 -0.18458 0.96446
vn 0.15185 -0.08565 0.98469
vn 0.2459 -0.16447 0.95524
vn 0.24437 -0.16295 0.95589
vn 0.36886 -0.1149 0.92236
vn 0.43514 -0.18045 0.8821
vn 0.57555 -0.02972 0.81723
vn 0.66562 -0.11751 0.73698
vn 0.81672 0.15012 0.55717
vn 0.89004 0.37069 0.26537
vn 0.8968 -0.3786 0.22894
vn 0.5432 -0.81712 0.19298
vn 0.18053 -0.97415 0.13581
vn 0.19074 -0.9709 0.14482
vn 0.15466 -0.63742 0.75483
vn 0.06394 -0.73546 0.67455
vn 0.10025 -0.77489 0.6241
vn 0.1403 -0.2999 0.9436
vn 0.11041 -0.37134 0.92191
vn 0.04158 -0.30171 0.95249
vn 0.0448 -0.2611 0.96427
vn 0.96929 -0.19043 0.1556
vn 0.94986 -0.30246 0.07928
vn 0.88253 -0.23396 0.40792
vn 0.86976 -0.30039 0.39151
vn 0.76338 -0.19793 0.61488
vn 0.81856 -0.54416 0.18399
vn 0.81053 -0.56017 0.17105
vn 0.75992 -0.51013 0.40284
vn 0.77583 -0.47375 0.41671
vn 0.6637 -0.36381 0.65356
vn 0.63209 -0.46003 0.62357
vn 0.49398 -0.32312 0.8072
vn 0.0548 -0.84701 0.52874
vn 0.20764 -0.75801 0.6183
vn 0.16259 -0.81249 0.55984
vn 0.30645 -0.71365 0.62991
vn 0.19497 -0.59851 0.77703
vn 0.16016 -0.67245 0.7226
vn 0.09431 -0.63577 0.7661
vn 0.0478 -0.58714 0.80807
vn 0.10087 -0.89824 0.42777
vn 0.17658 -0.91159 0.37124
vn 0.30234 -0.85793 0.41538
vn 0.46514 -0.79046 0.39852
vn 0.48882 -0.76598 0.41753
vn 0.6392 -0.62488 0.44827
vn 0.53285 -0.51869 0.6686
vn 0.48951 -0.60735 0.62571
vn 0.35093 -0.46794 0.8111
vn 0.30574 -0.57777 0.75677
vn 0.16963 -0.44035 0.88165
vn 0.15499 -0.50438 0.84946
vn 0.08657 -0.48888 0.86804
vn 0.90134 -0.09911 0.42163
vn 0.82878 -0.03646 0.55838
vn 0.74499 -0.29866 0.59648
vn 0.61164 -0.16825 0.77304
vn 0.45827 -0.44116 0.7716
vn 0.34002 -0.32293 0.88323
vn 0.24108 -0.39228 0.88769
vn 0.14098 -0.29113 0.94624
vn 0.03911 -0.43903 0.89762
vn -0 0 1
vn 0 0 1
vn 3E-05 0 1
vn 1E-05 -0 1
vn 0 2E-05 1
vn 0 0 1
vn -0.00042 0 1
vn -0 2E-05 1
vn -0 0 1
vn -0 0 1
vn -0.39218 -0.89636 0.20675
vn -0.15192 -0.39999 0.90384
vn -0.95166 -0.17713 0.25093
vn -0.99355 -0.01482 0.11244
vn -0.97835 -0.04697 0.20154
vn -0.95847 -0.03996 0.28239
vn -0.81131 -0.09211 0.57732
vn -0.864 -0.12014 0.48895
vn -0.74691 -0.10877 0.65597
vn -0.4875 -0.13841 0.86208
vn -0.56414 -0.1675 0.80851
vn -0.36485 -0.15481 0.91811
vn -0.14601 -0.16662 0.97515
vn -0.14598 -0.16661 0.97516
vn -0.16604 -0.86959 0.46501
vn -0.16011 -0.95081 0.2652
vn -0.28244 -0.93618 0.20927
vn -0.16946 -0.98075 0.09704
vn -0.5786 -0.78505 0.22117
vn -0.52266 -0.8291 0.19855
vn -0.75905 -0.62826 0.17068
vn -0.83394 -0.52291 0.17637
vn -0.88116 -0.45165 0.13991
vn -0.9851 -0.06625 0.15868
vn -0.81291 -0.28723 0.50662
vn -0.81292 -0.28723 0.50662
vn -0.4907 -0.44705 0.7479
vn -0.4907 -0.44705 0.7479
vn -0.15635 -0.51621 0.84207
vn -0.46079 -0.51506 0.72276
vn -0.994 -0.09198 0.05921
vn -0.94074 -0.25334 0.22545
vn -0.97012 -0.20541 0.12912
vn -0.98992 -0.11909 0.07665
vn -0.97052 -0.17384 0.16695
vn -0.82133 -0.45356 0.34597
vn -0.82133 -0.45356 0.34597
vn -0.50381 -0.7059 0.49788
vn -0.50381 -0.7059 0.49788
vn -0.36852 -0.76401 0.52961
vn -0.15384 -0.75414 0.63844
vn 0.09816 -0.87523 -0.47365
vn 0.09816 -0.87523 -0.47365
vn 0.09816 -0.67401 -0.73217
vn 0.09816 -0.67401 -0.73217
vn 0.09816 -0.39976 -0.91135
vn 0.09816 -0.39976 -0.91135
vn 0.09816 -0.08218 -0.99177
vn 0.09816 -0.08218 -0.99177
vn 0.09816 0.2443 -0.96472
vn 0.09816 0.2443 -0.96472
vn 0.09816 0.54431 -0.83312
vn 0.09816 0.54431 -0.83312
vn 0.09816 0.78533 -0.61125
vn 0.09816 0.78533 -0.61125
vn 0.09816 0.94125 -0.32313
vn 0.09816 0.94125 -0.32313
vn 0.09816 0.99517 -0
vn 0.09816 0.94125 0.32313
vn 0.09816 0.94125 0.32313
vn 0.09816 0.78533 0.61125
vn 0.09816 0.78533 0.61125
vn 0.09816 0.54431 0.83312
vn 0.09816 0.54431 0.83312
vn 0.09816 0.2443 0.96472
vn 0.09816 0.2443 0.96472
vn 0.09816 -0.08218 0.99177
vn 0.09816 -0.08218 0.99177
vn 0.09816 -0.39976 0.91135
vn 0.09816 -0.39976 0.91135
vn 0.09816 -0.67401 0.73217
vn 0.09816 -0.67401 0.73217
vn 0.09816 -0.87523 0.47365
vn 0.09816 -0.87523 0.47365
vn 0.09816 -0.9816 0.1638
vn 0.09816 -0.9816 0.1638
vn 0.09816 -0.9816 -0.1638
vn 0.09816 -0.9816 -0.1638
vn -0.69478 0.50857 -0.50857
vn -0.69478 0.18615 -0.69472
vn -0.69478 0.18615 -0.69472
vn -0.69478 -0.18615 -0.69472
vn -0.69478 -0.50857 -0.50857
vn -0.69477 -0.50857 -0.50857
vn -0.69477 -0.69472 -0.18615
vn -0.69477 -0.69472 -0.18615
vn -0.69477 -0.69472 0.18615
vn -0.69477 -0.50857 0.50857
vn -0.69478 -0.50857 0.50857
vn -0.69478 -0.18615 0.69472
vn -0.69478 -0.18615 0.69472
vn -0.69478 0.18615 0.69472
vn -0.69478 0.18615 0.69472
vn -0.69478 0.50857 0.50857
vn -0.69478 0.69472 0.18615
vn -0.69478 0.69472 0.18615
vn -0.69478 0.69472 -0.18615
vn -0.69478 0.69472 -0.18615
vn 0.69478 -0.50857 -0.50857
vn 0.69478 -0.50857 -0.50857
vn 0.69478 -0.18615 -0.69472
vn 0.69478 -0.18615 -0.69472
vn 0.69478 0.18615 -0.69472
vn 0.69478 0.18615 -0.69472
vn 0.69478 0.50857 -0.50857
vn 0.69478 0.69472 -0.18615
vn 0.69478 0.69472 -0.18615
vn 0.69478 0.69472 0.18615
vn 0.69478 0.69472 0.18615
vn 0.69478 0.50857 0.50857
vn 0.69478 0.18615 0.69472
vn 0.69478 0.18615 0.69472
vn 0.69478 -0.18615 0.69472
vn 0.69478 -0.50857 0.50857
vn 0.69478 -0.50857 0.50857
vn 0.69478 -0.69472 0.18615
vn 0.69478 -0.69472 0.18615
vn 0.69478 -0.69472 -0.18615
vn -0.9216 0.08877 -0.37785
vn -0.9617 0.12525 -0.24381
vn -0.87678 0.10144 -0.47007
vn -0.79932 0.20147 -0.56612
vn -0.75568 0.1521 -0.63703
vn -0.5675 0.19706 -0.79944
vn -0.50132 0.25137 -0.82794
vn -0.39734 0.22251 -0.89029
vn -0.16087 0.2454 -0.95598
vn -0.15792 0.24353 -0.95695
vn -0.17116 0.67691 -0.71589
vn -0.96531 0.26103 0.00551
vn -0.74322 0.56872 -0.3524
vn -0.81254 0.54241 -0.21347
vn -0.58298 0.76581 -0.27142
vn -0.52898 0.78702 -0.31745
vn -0.41512 0.86145 -0.29253
vn -0.18319 0.93511 -0.30334
vn -0.17351 0.93925 -0.29615
vn -0.16381 0.67407 -0.72028
vn -0.50691 0.57885 -0.63873
vn -0.50691 0.57885 -0.63873
vn -0.7991 0.39102 -0.45666
vn -0.7991 0.39102 -0.45666
vn -0.96277 0.15774 -0.21953
vn -0.97478 0.20139 -0.09611
vn -0 0.95372 -0.30071
vn -0.07579 0.99231 -0.09782
vn -0.03121 0.96886 -0.24564
vn -0.01007 0.92521 -0.37933
vn -0 0.88133 -0.4725
vn -0 0.68705 -0.72661
vn -0 0.16595 -0.98613
vn -0.02068 0.24859 -0.96839
vn 0.00022 0.40756 -0.91318
vn -0.0003 0.57885 -0.81543
vn -0.04191 0.76391 -0.64396
vn -0.19137 0.9796 -0.06137
vn -0.25805 0.96412 -0.06238
vn -0.43812 0.89619 -0.06993
vn -0.60702 0.7913 -0.07328
vn -0.6057 0.79232 -0.07324
vn -0.7913 0.60702 -0.07331
vn -0.79028 0.60835 -0.0733
vn -0.96401 0.25802 -0.06404
vn -0.96401 0.25803 -0.06404
vn 0 -0.99786 0.06539
vn 0 -0.93033 0.36672
vn 0 -0.70523 0.70898
vn 0 -0.36934 0.9293
vn 0 -0.06849 0.99765
vn 0 0.06551 0.99785
vn 0 0.36694 0.93025
vn -0 0.70901 0.70519
vn -0 0.92933 0.36925
vn -0 0.99765 0.06845
vn -0 0.99786 -0.06539
vn -0 0.93033 -0.36672
vn -0 0.70523 -0.70898
vn -0 0.36934 -0.9293
vn -0 0.06849 -0.99765
vn -0 -0.06551 -0.99785
vn -0 -0.36694 -0.93025
vn 0 -0.70901 -0.70519
vn 0 -0.92933 -0.36925
vn 0 -0.99765 -0.06845
vn 0.69477 -0.50857 -0.50857
vn 0.69477 -0.50857 -0.50857
vn 0.69477 -0.18615 -0.69472
vn 0.69478 -0.18615 -0.69472
vn 0.69478 0.18615 -0.69472
vn 0.69477 0.18615 -0.69472
vn 0.69477 0.50857 -0.50857
vn 0.69477 0.69472 -0.18615
vn 0.69478 0.69472 -0.18615
vn 0.69478 0.69472 0.18615
vn 0.69477 0.69472 0.18615
vn 0.69477 0.50857 0.50857
vn 0.69478 0.50857 0.50857
vn 0.69478 0.18615 0.69472
vn 0.69478 -0.18615 0.69472
vn 0.69478 -0.18615 0.69472
vn 0.69478 -0.50857 0.50857
vn 0.69477 -0.50857 0.50857
vn 0.69477 -0.69472 0.18615
vn 0.69477 -0.69472 0.18615
vn 0.69477 -0.69472 -0.18615
vn 0.69477 -0.69472 -0.18615
vn 0 -0.96593 0.25882
vn 0 -0.70711 0.70711
vn 0 -0.25882 0.96593
vn 0 0.25882 0.96593
vn -0 0.96593 0.25882
vn -0 0.96593 -0.25882
vn -0 0.25882 -0.96593
vn -0 -0.25882 -0.96593
vn 0 -0.70711 -0.70711
vn 0 -0.96593 -0.25882
vn -0 0.70711 0.70711
vn -0 0.25882 -0.96593
vn -0 0.70711 -0.70711
vn -0.19266 0.98067 0.03425
vn -0.99553 0.08785 0.03476
vn -0.98068 0.19267 0.0337
vn -0.95992 0.27811 0.0347
vn -0.83229 0.55329 0.03421
vn -0.83229 0.55329 0.03421
vn -0.55328 0.83229 0.03421
vn -0.55328 0.83229 0.03421
vn -0.19266 0.98067 0.03425
vn -0.00186 0.91496 0.40355
vn -0 0.99059 0.13689
vn 0.00229 0.7994 0.60079
vn -0.00019 0.99238 0.12322
vn 0.00018 0.94769 0.31919
vn -0.00018 0.95606 0.29316
vn 6E-05 0.90922 0.41631
vn 0.00056 0.85626 0.51655
vn -9E-05 0.85562 0.51761
vn 7E-05 0.74918 0.66237
vn 6E-05 0.74975 0.66172
vn -1E-05 0.6879 0.7258
vn 3E-05 0.66803 0.74414
vn 0.00027 0.60483 0.79636
vn 0.00148 0.52684 0.84996
vn 0.00273 0.45811 0.88889
vn 0.00486 0.37558 0.92678
vn 0 0.08338 0.99652
vn 0 0.08361 0.9965
vn -0 0.25472 0.96701
vn 0.00051 0.21518 0.97657
vn -0.00054 0.39032 0.92068
vn 0.001 0.27958 0.96012
vn -0.00126 0.47377 0.88065
vn 0.00148 0.31857 0.9479
vn -0.0024 0.5876 0.80915
vn -0.00539 0.67817 0.73489
vn 0.98067 0.19266 0.03425
vn 0.08786 0.99553 0.03476
vn 0.19267 0.98068 0.0337
vn 0.27813 0.95992 0.0347
vn 0.55329 0.83229 0.03421
vn 0.55329 0.83229 0.03421
vn 0.83229 0.55329 0.03421
vn 0.83229 0.55328 0.03421
vn 0.98067 0.19266 0.03425
vn 0.99939 0 0.0349
vn -0.99939 -0 0.0349
vn 3E-05 1 -0.00028
vn -3E-05 1 0
vn 0 1 -0
vn -0 1 0
vn -0 1 0
vn -0 1 -0
vn 1 4E-05 0
vn -0.00017 -1 0
vn 0.002 -0.99949 0.03194
vn -0.00132 -0.9999 -0.01424
vn 0.0005 -1 0
vn -0.00013 -1 -0
vn 0 -1 0
vn 0 -1 0
vn 0.0002 -1 -0
vn -1 0.00016 0
vn -0.99951 -0.00197 0.03136
vn -0.99989 0.00137 -0.01476
vn -1 -0.00046 0
vn -1 0.00014 -0
vn -1 -0 0
vn -1 -0 -0
vn -1 -0.00019 -0
vn -0.98089 -0.19151 0.03425
vn -0.98089 -0.19151 0.03425
vn -0.83424 -0.55034 0.03422
vn -0.83424 -0.55034 0.03422
vn -0.55818 -0.82901 0.03422
vn -0.55818 -0.82901 0.03422
vn -0.28146 -0.95894 0.03469
vn -0.19614 -0.98 0.03366
vn -0.0878 -0.99553 0.03476
vn 0.00625 -0.39326 0.9194
vn 1E-05 -0.99238 0.12322
vn 0.00226 -0.97905 0.20361
vn -0.00094 -0.94587 0.32454
vn 0.00019 -0.90977 0.41512
vn -0.0004 -0.85562 0.5176
vn 0.00205 -0.80097 0.5987
vn -0.0006 -0.7356 0.67741
vn 0.00014 -0.66437 0.7474
vn -0.00046 -0.58659 0.80988
vn 0.00285 -0.47465 0.88017
vn -0 -0.1079 0.99416
vn 0.0002 -0.49065 0.87136
vn -8E-05 -0.27474 0.96152
vn -0.00054 -0.25449 0.96707
vn 0.00088 -0.08423 0.99645
vn 0.98262 -0.17647 0.05766
vn 0.17143 -0.98424 0.04337
vn 0.17178 -0.98418 0.04337
vn 0.5328 -0.84429 0.05741
vn 0.5328 -0.84429 0.05741
vn 0.83861 -0.54109 0.06285
vn 0.83861 -0.54109 0.06285
vn 0.98262 -0.17645 0.05766
vn 0.68137 -0.53455 0.49999
vn 0.8506 -0.18102 0.49367
vn 0.97995 -0.17503 0.0952
vn 0.95421 -0.11849 0.27466
vn 0.56818 -0.17973 0.80304
vn 0.53341 -0.12915 0.83594
vn 0.40547 -0.18519 0.89515
vn 0.17478 -0.17899 0.9682
vn 0.18192 -0.16907 0.96867
vn 0.17017 -0.98274 0.07259
vn 0.2012 -0.9748 0.09632
vn 0.13145 -0.98258 0.13138
vn 0.13596 -0.9802 0.14398
vn 0.09362 -0.97844 0.18407
vn 0.08694 -0.98523 0.14755
vn 0.0485 -0.95697 0.28611
vn 0.04877 -0.98324 0.17567
vn 0.01042 -0.97845 0.20621
vn 0.9549 -0.18734 0.23038
vn 0.81787 -0.52752 0.22981
vn 0.81095 -0.54431 0.21466
vn 0.15088 -0.52239 0.83925
vn 0.16321 -0.53884 0.82644
vn 0.4451 -0.54142 0.71327
vn 0.44313 -0.5353 0.71909
vn 0.67195 -0.54346 0.50313
vn 0.79908 -0.18594 0.57175
vn 0.75722 -0.04745 0.65143
vn 0.52454 -0.83616 0.16029
vn 0.52571 -0.83517 0.16165
vn 0.4406 -0.82783 0.34721
vn 0.43668 -0.83414 0.33693
vn 0.28519 -0.82916 0.48079
vn 0.28538 -0.83329 0.47349
vn 0.10305 -0.83154 0.54583
vn 0.09862 -0.82597 0.55502
vn 0 -0.17194 0.98511
vn -0 -0.97851 0.20622
vn 0 -0.9785 0.20622
vn 0 -0.83001 0.55774
vn 0 -0.52844 0.84897
vn 0 -0.17194 0.98511
vn -0.44906 -0.54153 0.71069
vn -0.03209 -0.17185 0.9846
vn -0.21886 -0.12053 0.96828
vn -0.76281 -0.18633 0.61919
vn -0.81051 -0.12534 0.57215
vn -0.86666 -0.18247 0.46433
vn -0.9558 -0.18737 0.22659
vn -0.95643 -0.16233 0.24267
vn -0.03424 -0.97793 0.2061
vn -0.05189 -0.97118 0.23265
vn -0.08349 -0.98241 0.16702
vn -0.10381 -0.97913 0.17471
vn -0.14211 -0.98019 0.13795
vn -0.12095 -0.98362 0.13366
vn -0.23295 -0.96833 0.08982
vn -0.14912 -0.98471 0.09004
vn -0.17593 -0.983 0.05256
vn -0.15383 -0.52215 0.83886
vn -0.16581 -0.53854 0.82613
vn -0.17823 -0.17882 0.9676
vn -0.43741 -0.18525 0.87998
vn -0.82613 -0.52177 0.21276
vn -0.80544 -0.54533 0.23212
vn -0.68299 -0.53467 0.49765
vn -0.67358 -0.54355 0.50085
vn -0.4471 -0.5354 0.71655
vn -0.53284 -0.1772 0.82746
vn -0.60768 -0.06736 0.79132
vn -0.10627 -0.82531 0.55458
vn -0.09914 -0.83077 0.54772
vn -0.28398 -0.83366 0.47367
vn -0.291 -0.82969 0.47638
vn -0.43325 -0.83459 0.34024
vn -0.44465 -0.82867 0.33998
vn -0.52499 -0.83531 0.1632
vn -0.53251 -0.8312 0.15983
vn -0.99421 -0.09212 0.05532
vn -0.98351 -0.17188 0.05631
vn -0.96297 -0.26293 0.05966
vn -0.8879 -0.45578 0.06243
vn -0.84379 -0.5332 0.06095
vn -0.76926 -0.63587 0.06252
vn -0.54074 -0.83921 0.05765
vn -0.59515 -0.8016 0.05682
vn -0.40506 -0.91274 0.05314
vn -0.17641 -0.98336 0.04348
vn -0.1725 -0.98405 0.04341
vn 0 -0.08336 0.99652
vn -0.00245 -0.16948 0.98553
vn -0.00106 -0.21584 0.97643
vn 4E-05 -0.6918 0.72209
vn -7E-05 -0.66827 0.74392
vn -0.00062 -0.60509 0.79616
vn -0.00345 -0.52776 0.84939
vn -0.00639 -0.45973 0.88804
vn 0.00226 -0.58953 0.80774
vn -0.00098 -0.3737 0.92755
vn -8E-05 -0.40694 0.91346
vn 2E-05 -0.32334 0.94628
vn -0.00018 -0.28523 0.95846
vn -0.00028 -0.75254 0.65854
vn -0.00079 -0.76593 0.64292
vn -0.00024 -0.79923 0.60102
vn -1E-05 -0.99575 0.09213
vn 0.00081 -0.99057 0.13698
vn -0.001 -0.96472 0.26329
vn 0.00015 -0.94996 0.31237
vn -0.0002 -0.88429 0.46695
vn -0.00215 -0.91238 0.40933
vn 0.00053 -0.85627 0.51654
vn 0.19266 -0.98067 0.03425
vn 0.98067 -0.19267 0.03425
vn 0.98067 -0.19266 0.03425
vn 0.83229 -0.55329 0.03421
vn 0.83229 -0.55328 0.03421
vn 0.55328 -0.83229 0.03421
vn 0.55328 -0.83229 0.03421
vn 0.19266 -0.98067 0.03425
vn 0 -0.96593 -0.25882
vn 0 -0.70711 -0.70711
vn -0 0.96593 -0.25882
vn -0 0.96593 0.25882
vn 0 0.25882 0.96593
vn 0 -0.70711 0.70711
vn 0 -0.96593 0.25882
vn -0.99517 -0 -0.09812
vn -0.9537 -0.00594 -0.3007
vn -0.96925 -0.01332 -0.24572
vn -0.92524 -0.00429 -0.37935
vn -0.88132 -0 -0.47251
vn -0.76458 -0 -0.64453
vn -0.68832 -0.00987 -0.72534
vn -0.16595 -0 -0.98613
vn -0.25037 -0.00901 -0.96811
vn -0.40756 -0 -0.91318
vn -0.57885 -0 -0.81543
vn -0.99863 -0 -0.05234
vn 0.08876 0.9216 -0.37785
vn 0.12524 0.9617 -0.24382
vn 0.10143 0.87678 -0.47007
vn 0.20147 0.79932 -0.56612
vn 0.1521 0.75568 -0.63703
vn 0.19706 0.5675 -0.79944
vn 0.25137 0.50132 -0.82794
vn 0.22252 0.39734 -0.89028
vn 0.2454 0.16087 -0.95598
vn 0.24353 0.15792 -0.95695
vn 0.67691 0.17116 -0.71589
vn 0.26104 0.96531 0.00552
vn 0.56872 0.74322 -0.35239
vn 0.54241 0.81254 -0.21347
vn 0.76581 0.58298 -0.27142
vn 0.78702 0.52898 -0.31745
vn 0.86146 0.41511 -0.29253
vn 0.93511 0.18319 -0.30334
vn 0.93925 0.17351 -0.29615
vn 0.67407 0.16381 -0.72028
vn 0.57885 0.50691 -0.63873
vn 0.57885 0.50691 -0.63873
vn 0.39102 0.7991 -0.45666
vn 0.39102 0.7991 -0.45666
vn 0.15774 0.96277 -0.21954
vn 0.2014 0.97478 -0.09609
vn -0 0.99863 -0.05234
vn -0.01957 -0.4279 0.90361
vn -0.01935 -0.9124 0.40884
vn -0.01717 -0.40885 0.91244
vn -0.01716 -0.707 0.707
vn -0.01723 -0.90365 0.42792
vn 0 0.99939 0.0349
vn -0 0.99939 0.0349
vn -0 0.99939 0.0349
vn -0 0.99939 0.0349
vn 0 0.99939 0.0349
vn -0 0.99939 0.0349
vn -0 0.99939 0.0349
vn -0 0.99939 0.0349
vn 0.99452 0.10446 0.00365
vn 0.99452 0.10446 0.00365
vn -0 0.13917 -0.99027
vn -0 0.13917 -0.99027
vn -0.99452 0.10447 0.00365
vn -0.99452 0.10447 0.00365
vn 0.99452 -0.10446 0.00365
vn 0.99452 -0.10446 0.00365
vn -0 -0.13917 -0.99027
vn -0 -0.13917 -0.99027
vn -0.99452 -0.10447 0.00365
vn -0.99452 -0.10447 0.00365
vn 0 -0.99939 0.0349
vn 0 -0.99939 0.0349
vn 0 -0.99939 0.0349
vn -0 -0.99939 0.0349
vn -0 -0.99939 0.0349
vn -0 -0.99939 0.0349
vn -0 -0.99939 0.0349
vn -1E-05 -0.99939 0.03491
vn -0 -0.99939 0.0349
vn 0 -0.99939 0.0349
vn -0 -0.99939 0.0349
vn -0 -0.99939 0.0349
vn 1E-05 -0.99939 0.03491
vn 0 -0.99939 0.0349
vn -0 -0.99939 0.0349
vn 0 -0.99939 0.0349
vn 2E-05 -0.99939 0.03491
vn 0 -0.99939 0.0349
vn 0 -0.99939 0.0349
vn 0 -0.99939 0.0349
vn -0 -0.99939 0.0349
vn -1E-05 -0.99939 0.03491
vn -0.03177 0.99681 0.07321
vn -0.03604 0.99545 0.08824
vn -0.05233 0.99852 0.01476
vn -0.05623 0.97716 0.20494
vn -0.04411 0.88395 0.4655
vn -0.06485 0.91966 0.38734
vn -0.04511 0.77832 0.62625
vn -0.0476 0.65139 0.75725
vn -0.05897 0.60717 0.79238
vn -0.04788 0.79286 0.60752
vn -0.05232 0.02174 0.99839
vn -0.0347 0.08823 0.9955
vn -0.04942 0.14952 0.98752
vn -0.0548 0.3876 0.9202
vn -0.05118 0.37022 0.92753
vn -0.05242 0.51344 0.85652
vn -0.05234 0.99863 -0
vn -0.05234 0.99863 -0
vn -0.05234 0.99863 0
vn -0.05234 0.99863 -0
vn -0.05234 0.99863 -0
vn -0.05234 0.99863 0
vn -0.05214 0.08666 -0.99487
vn -0.05138 0.08819 -0.99478
vn -0.05197 0.38728 -0.92049
vn -0.05192 0.38757 -0.92038
vn -0.05191 0.60731 -0.79277
vn -0.05189 0.60744 -0.79267
vn -0.05188 0.79266 -0.60745
vn -0.0519 0.79258 -0.60756
vn -0.05192 0.92052 -0.38723
vn -0.05197 0.9204 -0.3875
vn -0.05136 0.99492 -0.0866
vn -0.05213 0.99474 -0.08813
vn -0.05234 -0 -0.99863
vn -0.05234 0 -0.99863
vn -0.05234 -0 -0.99863
vn -0.05234 -0 -0.99863
vn -0.05234 0 -0.99863
vn -0.05234 -0 -0.99863
vn -0.03177 -0.99681 -0.07321
vn -0.03604 -0.99545 -0.08824
vn -0.05233 -0.99852 -0.01476
vn -0.05623 -0.97716 -0.20494
vn -0.04411 -0.88395 -0.4655
vn -0.06485 -0.91965 -0.38734
vn -0.04511 -0.77831 -0.62625
vn -0.0476 -0.65139 -0.75725
vn -0.05897 -0.60716 -0.79238
vn -0.04788 -0.79286 -0.60752
vn -0.05232 -0.02174 -0.99839
vn -0.0347 -0.08823 -0.9955
vn -0.04942 -0.14952 -0.98752
vn -0.0548 -0.3876 -0.9202
vn -0.05118 -0.37022 -0.92753
vn -0.05242 -0.51343 -0.85653
vn -0.05234 -0.99863 0
vn -0.05234 -0.99863 -0
vn -0.05234 -0.99863 0
vn -0.05234 -0.99863 0
vn -0.05234 -0.99863 -0
vn -0.05234 -0.99863 0
vn -0.05214 -0.08564 0.99496
vn -0.05142 -0.08419 0.99512
vn -0.05197 -0.3797 0.92365
vn -0.05191 -0.38001 0.92352
vn -0.05191 -0.60168 0.79705
vn -0.05188 -0.60182 0.79695
vn -0.05188 -0.7893 0.61181
vn -0.0519 -0.78923 0.61191
vn -0.05191 -0.91909 0.39062
vn -0.05196 -0.91897 0.39089
vn -0.05134 -0.99485 0.08743
vn -0.05213 -0.99467 0.08899
vn -0.05234 0 0.99863
vn -0.05234 -0 0.99863
vn -0.05234 0 0.99863
vn -0.05234 0 0.99863
vn -0.05234 0 0.99863
vn -0.05234 -0 0.99863
vn 0.69478 -0.50857 -0.50857
vn 0.69478 -0.18615 -0.69472
vn 0.69478 0.18615 -0.69472
vn 0.69477 0.18615 -0.69472
vn 0.69477 0.50857 -0.50857
vn 0.69477 0.50857 -0.50857
vn 0.69477 0.69472 -0.18615
vn 0.69477 0.69472 -0.18615
vn 0.69477 0.69472 0.18615
vn 0.69477 0.69472 0.18615
vn 0.69478 0.50857 0.50857
vn 0.69477 0.50857 0.50857
vn 0.69477 0.18615 0.69472
vn 0.69478 0.18615 0.69472
vn 0.69477 -0.18615 0.69472
vn 0.69478 -0.50857 0.50857
vn 0.69477 -0.69472 0.18615
vn 0.69477 -0.69472 0.18615
vn 0.69477 -0.69472 -0.18615
vn -0.69478 0.50857 -0.50857
vn -0.69477 0.50857 -0.50857
vn -0.69477 0.18615 -0.69472
vn -0.69478 0.18615 -0.69472
vn -0.69478 -0.18615 -0.69472
vn -0.69477 -0.18615 -0.69472
vn -0.69478 -0.50857 -0.50857
vn -0.69477 -0.69472 -0.18615
vn -0.69477 -0.69472 -0.18615
vn -0.69477 -0.69472 0.18615
vn -0.69477 -0.69472 0.18615
vn -0.69478 -0.50857 0.50857
vn -0.69477 -0.18615 0.69472
vn -0.69478 -0.18615 0.69472
vn -0.69478 0.18615 0.69472
vn -0.69477 0.18615 0.69472
vn -0.69477 0.50857 0.50857
vn -0.69477 0.50857 0.50857
vn -0.69477 0.69472 0.18615
vn -0.69477 0.69472 0.18615
vn -0.69477 0.69472 -0.18615
vn -0.69477 0.69472 -0.18615
vn 0 0.25882 0.96593
vn -0 0.70711 0.70711
vn -0 0.70711 -0.70711
vn -0 0.25882 -0.96593
vn -0 0.25882 -0.96593
vn 0.95372 0 -0.30071
vn 0.68836 -0 -0.72537
vn 0.68705 0.00028 -0.72661
vn 0.25038 -0 -0.96815
vn 0.24864 -0.00028 -0.9686
vn 0.96401 0.25802 -0.06404
vn 0.97971 0.19149 -0.05913
vn 0.8962 0.4381 -0.06993
vn 0.7913 0.60703 -0.07328
vn 0.79231 0.60571 -0.07324
vn 0.60703 0.79129 -0.07331
vn 0.60835 0.79028 -0.0733
vn 0.25803 0.96401 -0.06404
vn 0.25802 0.96401 -0.06404
vn 0.02618 0.99966 -0
vn 0.02618 0.99966 -0
vn 0.02618 0.00949 -0.99961
vn 0.02213 0.02918 -0.99933
vn 0.02874 0.06959 -0.99716
vn 0.02014 0.18334 -0.98284
vn 0.02736 0.78787 -0.61524
vn 0.02532 0.65116 -0.75852
vn 0.01773 0.61483 -0.78846
vn 0.03322 0.50487 -0.86256
vn 0.01731 0.40611 -0.91366
vn 0.02437 0.36266 -0.9316
vn 0.02887 0.21479 -0.97623
vn 0.00955 0.94128 -0.33749
vn 0.02761 0.87243 -0.48797
vn 0.02197 0.77624 -0.63005
vn 0.03747 0.9125 -0.40735
vn 0.01915 0.98254 -0.18504
vn 0.02859 0.98825 -0.15013
vn 0.02448 0.99926 -0.02974
vn 0.02617 0.99935 -0.02473
vn 0.02618 -0 -0.99966
vn 0.02618 -0.99961 -0.00978
vn 0.02211 -0.99933 -0.02929
vn 0.02876 -0.9971 -0.0705
vn 0.02006 -0.98279 -0.18363
vn 0.02742 -0.61489 -0.78814
vn 0.0253 -0.75863 -0.65103
vn 0.01778 -0.7884 -0.61491
vn 0.03324 -0.86218 -0.50551
vn 0.0173 -0.91355 -0.40635
vn 0.0243 -0.93132 -0.3634
vn 0.02897 -0.97599 -0.2159
vn 0.01015 -0.33897 -0.94074
vn 0.02762 -0.48808 -0.87236
vn 0.02179 -0.63032 -0.77603
vn 0.03719 -0.407 -0.91267
vn 0.01931 -0.18491 -0.98257
vn 0.0286 -0.15066 -0.98817
vn 0.02447 -0.02973 -0.99926
vn 0.02617 -0.02471 -0.99935
vn 0.02618 -0.99966 0
vn 0.02618 -0.99966 0
vn 0.02618 -0.00945 0.99961
vn 0.02213 -0.02915 0.99933
vn 0.02874 -0.06956 0.99716
vn 0.02014 -0.18332 0.98285
vn 0.02736 -0.78789 0.61521
vn 0.02532 -0.65116 0.75852
vn 0.01773 -0.61485 0.78844
vn 0.03322 -0.50486 0.86256
vn 0.01731 -0.40612 0.91365
vn 0.02437 -0.36266 0.9316
vn 0.02887 -0.21475 0.97624
vn 0.00956 -0.94128 0.33749
vn 0.02761 -0.87243 0.48796
vn 0.02196 -0.77624 0.63005
vn 0.03746 -0.91251 0.40733
vn 0.01916 -0.98255 0.18503
vn 0.02858 -0.98825 0.15013
vn 0.02448 -0.99926 0.02974
vn 0.02617 -0.99935 0.02473
vn 0.02618 0 0.99966
vn 0.02618 0 0.99966
vn 0.02618 0.99961 0.00982
vn 0.02211 0.99933 0.02929
vn 0.02877 0.99709 0.0706
vn 0.02005 0.98279 0.18362
vn 0.02739 0.61492 0.78811
vn 0.02532 0.75852 0.65116
vn 0.01778 0.78842 0.61488
vn 0.03324 0.86211 0.50563
vn 0.0173 0.91356 0.40633
vn 0.02428 0.93126 0.36353
vn 0.02899 0.97596 0.21603
vn 0.0101 0.33881 0.9408
vn 0.02761 0.48793 0.87245
vn 0.02182 0.63019 0.77614
vn 0.03723 0.40701 0.91267
vn 0.0193 0.1849 0.98257
vn 0.02859 0.15059 0.98818
vn 0.02448 0.0297 0.99926
vn 0.02617 0.02468 0.99935
vn -0.5145 0.85749 -0
vn -0.5145 0.85749 0
vn -0.5145 0.85749 -0
vn -0.5145 0.85749 -0
vn 0.5145 0.85749 -0
vn 0.5145 0.85749 -0
vn 0.51449 0.85749 -0
vn 0.5145 0.85749 0
vn 0.5145 0.85749 -0
vn -1 -1E-05 -0
vn -0.01745 0 0.99985
vn -0.01745 -0 0.99985
vn -0.01745 -0.99985 0
vn -0.01745 -0.99985 0
vn -0.0198 0.44923 0.8932
vn -0.02 -0.88356 -0.46788
vn -0.01848 0.99977 0.01048
vn -0.02274 0.98599 0.16524
vn -0.01713 0.97737 0.21082
vn -0.01696 0.80093 0.59852
vn -0.01696 0.80093 0.59852
vn -0.01709 0.46791 0.88361
vn -0.01744 0.9992 -0.0359
vn -0.01696 0.95229 -0.30471
vn -0.01696 0.95229 -0.30471
vn -0.01696 0.70701 -0.707
vn -0.01696 0.707 -0.70701
vn -0.01696 0.30471 -0.95229
vn -0.01696 0.30471 -0.95229
vn -0.01744 0.03588 -0.9992
vn -0.02168 -0.16525 -0.98601
vn -0.01701 -0.89324 -0.44926
vn -0.01696 -0.59852 -0.80093
vn -0.01696 -0.59852 -0.80093
vn -0.0171 -0.20055 -0.97953
vn -1 0 0
vn -1 -0 -0
vn -1 0 -0
vn -1 0 -0
vn -1 -1E-05 0
vn -1 -0 0
vn -1 2E-05 -0
vn -1 0 -1E-05
vn -1 0 -0
vn -1 0 -0
vn 0.01745 -0 -0.99985
vn 0.02802 0.96555 0.25872
vn 0.05826 0.30424 -0.95081
vn 0.01744 0.03588 -0.9992
vn 0.0169 0.96301 0.26894
vn 0.01686 0.70701 0.70701
vn 0.01686 0.70701 0.70701
vn 0.01686 0.25878 0.96579
vn 0.01686 0.25878 0.96579
vn 0.01686 -0.25878 0.96579
vn 0.01686 -0.25878 0.96579
vn 0.01686 -0.70701 0.70701
vn 0.01686 -0.70701 0.70701
vn 0.01686 -0.96579 0.25878
vn 0.01686 -0.96579 0.25878
vn 0.01686 -0.96579 -0.25878
vn 0.01686 -0.96579 -0.25878
vn 0.01686 -0.70701 -0.70701
vn 0.01686 -0.70701 -0.70701
vn 0.01686 -0.25878 -0.96579
vn 0.01686 -0.25878 -0.96579
vn 0.0168 0.27033 -0.96262
vn 0.0099 0.25881 -0.96588
vn 0.02322 0.70692 -0.70692
vn 0.01745 0.99979 0.01048
vn 0.01745 0.99979 0.01052
vn 0.01744 0.9992 -0.0359
vn 0.03413 0.96536 -0.25867
vn 0.01129 0.95237 -0.30473
vn 0.02322 0.70692 -0.70692
vn 0.01745 0.99985 -0
vn -0.51449 -0 -0.85749
vn -0.5145 -0 -0.85749
vn -0.5145 -0 -0.85749
vn -0.51449 0 -0.85749
vn -0.5145 -0 -0.85749
vn 0.51449 -0 -0.85749
vn 0.5145 0 -0.85749
vn 0.5145 -0 -0.85749
vn 0.51449 -0 -0.85749
vn 0.5145 -0 -0.85749
vn -0.01745 0.99985 -0
vn -0.01745 0.99985 0
vn -0.01745 0.99985 0
vn -0.01745 0 0.99985
vn -0.01745 0 0.99985
vn -0.01745 0 0.99985
vn -1 0 -2E-05
vn -1 0 0
vn -1 0 2E-05
vn -0.11933 0.98813 -0.09677
vn -0.01686 0.96579 -0.25878
vn -0.01737 0.99509 0.09745
vn -0.05605 0.96441 0.25841
vn -0.01891 0.93741 0.34771
vn -0.01907 -0.3923 0.91964
vn -0.11933 0.09677 0.98813
vn -0.01686 0.25878 0.96579
vn -0.01737 -0.09745 0.99509
vn -0.05605 -0.25841 0.96441
vn -0.01909 -0.34729 0.93756
vn -0.0173 -0.38006 0.9248
vn -0.01686 -0.70701 0.70701
vn -0.01686 -0.70701 0.70701
vn -0.01686 -0.96579 0.25878
vn -0.01686 -0.96579 0.25878
vn -0.01686 -0.96579 -0.25878
vn -0.01686 -0.96579 -0.25878
vn -0.01686 -0.70701 -0.70701
vn -0.01686 -0.70701 -0.70701
vn -0.01686 -0.25878 -0.96579
vn -0.01686 -0.25878 -0.96579
vn -0.01686 0.25878 -0.96579
vn -0.01686 0.25878 -0.96579
vn -0.01686 0.70701 -0.70701
vn -0.01686 0.70701 -0.70701
vn -0.01722 0.93596 -0.35168
vn -0.01944 0.91963 -0.3923
vn -0.01733 0.91967 0.39232
vn -0.01686 0.70701 0.70701
vn -0.01686 0.70701 0.70701
vn -0.01722 0.35168 0.93596
vn -0.01944 0.3923 0.91963
vn 0.01745 -0.99985 0
vn 0.01686 -0.96579 -0.25878
vn 0.01686 -0.25878 -0.96579
vn 0.01686 -0.25878 -0.96579
vn 0.01686 0.25878 -0.96579
vn 0.01686 0.25878 -0.96579
vn 0.01686 0.70701 -0.70701
vn 0.01686 0.70701 -0.70701
vn 0.01686 0.96579 -0.25878
vn 0.01686 0.96579 -0.25878
vn 0.01686 0.96579 0.25878
vn 0.01686 0.96579 0.25878
vn 0.01686 0.70701 0.70701
vn 0.01686 0.70701 0.70701
vn 0.01686 0.25878 0.96579
vn 0.01686 -0.25878 0.96579
vn 0.01686 -0.70701 0.70701
vn 0.01686 -0.70701 0.70701
vn 0.01686 -0.96579 0.25878
vn 0.01686 -0.96579 -0.25878
vn 0.01686 -0.70701 -0.70701
vn 0.01686 -0.70701 -0.70701
vn 0.01686 -0.25878 -0.96579
vn -0.5145 -0.85749 0
vn -0.5145 -0.85749 -0
vn -0.5145 -0.85749 0
vn -0.5145 -0.85749 0
vn 0.5145 -0.85749 0
vn 0.5145 -0.85749 0
vn 0.51449 -0.85749 0
vn 0.5145 -0.85749 -0
vn 0.5145 -0.85749 0
vn -0 0.99939 0.0349
vn -0 0.99939 0.0349
vn -0 0.99939 0.0349
vn 0 0.99939 0.0349
vn -0 0.99939 0.0349
vn 0 -0.99939 0.0349
vn 0 -0.99939 0.0349
vn 0 -0.99939 0.0349
vn -0 -0.99939 0.0349
vn 0 -0.99939 0.0349
vn -0.31623 -0.94868 0
vn -0.31623 0 0.94868
vn -0.31623 0.94868 -0
vn -0.31623 -0 -0.94868
vn -1 -0 0
vn -1 -0 0
vn -1 0 -0
vn -1 0 -1E-05
vn -1 0 -0
vn -1 -0 1E-05
vn 0.99863 0 -0.05234
vn 0.07017 0.99754 -0
vn 0.26963 0.96296 -0.0001
vn 0.23814 0.97123 -0.00017
vn 0.46287 0.88643 3E-05
vn 0.6168 0.78712 -5E-05
vn 0.64031 0.76811 -1E-05
vn 0.78666 0.61739 1E-05
vn 0.80501 0.59326 4E-05
vn 0.89605 0.44395 -3E-05
vn 0.96975 0.24411 -0
vn 0.99903 0.04394 0.00055
vn 0.97604 0.21761 0.00016
vn 0.46264 0.88632 -0.02001
vn 0.4796 0.01181 -0.87741
vn 0.64268 0.01655 -0.76596
vn 0.71848 0.01529 -0.69538
vn 0.07049 0.02911 -0.99709
vn 0.2095 0.78246 -0.58641
vn 0.20877 0.60137 -0.77121
vn -0.04925 0.59913 -0.79914
vn 0.4011 0.37207 -0.83707
vn -0.1441 0.35902 -0.92214
vn 0.47357 0.16151 -0.86582
vn 0.0194 0.14569 -0.98914
vn 0.32 0.02423 -0.94711
vn 0.23858 0.02053 -0.97091
vn 0.01243 0.98928 -0.14551
vn 0.48227 0.86089 -0.16213
vn -0.15128 0.92128 -0.35827
vn 0.40838 0.83353 -0.37209
vn -0.10268 0.78399 -0.61222
vn 0.33811 0.94088 -0.02045
vn 0.23794 0.97091 -0.02665
vn 0.07006 0.9971 -0.02968
vn 0.96967 0.24423 -0.00975
vn 0.96205 0.27259 -0.01216
vn 0.99242 0.12157 -0.0179
vn 0.96746 0.24669 -0.05636
vn 0.99268 0.11258 -0.04379
vn 0.96549 0.23602 -0.11007
vn 0.99029 0.11122 -0.08336
vn 0.98579 0.13286 -0.10278
vn 0.9829 0.11046 -0.14732
vn 0.9925 0.07598 -0.09573
vn 0.96234 0.12003 -0.24392
vn 0.99335 0.04179 -0.1073
vn 0.98411 0.05141 -0.16997
vn 0.98411 0.03513 -0.17405
vn 0.99236 0.018 -0.12209
vn 0.96776 0.01634 -0.25135
vn 0.97988 0.00959 -0.19936
vn 0.97049 -0.00182 -0.24112
vn 0.37355 0.02036 -0.92739
vn 0.56759 0.01807 -0.82311
vn 0.56657 0.12007 -0.81522
vn 0.56595 0.12019 -0.81563
vn 0.56483 0.29939 -0.76898
vn 0.56452 0.29949 -0.76917
vn 0.56409 0.49531 -0.66066
vn 0.564 0.49535 -0.66071
vn 0.56408 0.66075 -0.4952
vn 0.56418 0.66069 -0.49516
vn 0.56456 0.76927 -0.29916
vn 0.56491 0.76904 -0.2991
vn 0.56598 0.81565 -0.11997
vn 0.56658 0.81523 -0.11996
vn 0.56752 0.82324 -0.01435
vn 0.6401 0.76811 -0.01657
vn 0.81155 0.01284 -0.58414
vn 0.84936 0.00833 -0.52775
vn 0.84879 0.07708 -0.52309
vn 0.84845 0.0772 -0.52361
vn 0.84775 0.19244 -0.49425
vn 0.84757 0.19257 -0.49451
vn 0.8473 0.31859 -0.42494
vn 0.84722 0.31868 -0.42505
vn 0.84726 0.42505 -0.31856
vn 0.8473 0.425 -0.31853
vn 0.84753 0.49465 -0.19238
vn 0.84778 0.49427 -0.19227
vn 0.84844 0.52365 -0.07706
vn 0.84881 0.52306 -0.07702
vn 0.84945 0.52754 -0.01219
vn 0.80493 0.59332 -0.00772
vn 0.9705 0 -0.24112
vn 0.96974 1E-05 -0.24413
vn 0.80966 -1E-05 -0.5869
vn 0.81162 0 -0.58418
vn 0.64625 -0 -0.76312
vn 0.71856 0.00013 -0.69546
vn 0.64277 0 -0.76606
vn 0.4629 -0 -0.88641
vn 0.07052 -0 -0.99751
vn 0.0705 -0 -0.99751
vn 0.23863 0 -0.97111
vn 0.23811 0 -0.97124
vn 0.37362 0 -0.92758
vn 0.47963 2E-05 -0.87747
vn 0.64876 -0.76081 -0.01671
vn 0.07043 -0.02967 -0.99708
vn 0.23793 -0.02665 -0.97092
vn 0.96967 -0.00968 -0.24424
vn 0.96108 -0.01238 -0.276
vn 0.99237 -0.01801 -0.12201
vn 0.96737 -0.05649 -0.24701
vn 0.99268 -0.04381 -0.1125
vn 0.96566 -0.10991 -0.23541
vn 0.99029 -0.08335 -0.11122
vn 0.98572 -0.10305 -0.13316
vn 0.9831 -0.14649 -0.10981
vn 0.99248 -0.09589 -0.07605
vn 0.96229 -0.24412 -0.12
vn 0.99333 -0.10743 -0.04183
vn 0.98413 -0.16986 -0.05132
vn 0.98413 -0.17394 -0.03505
vn 0.99234 -0.12221 -0.01803
vn 0.96767 -0.2517 -0.0163
vn 0.97981 -0.1997 -0.00958
vn 0.97051 -0.24107 0.00184
vn 0.47955 -0.87744 -0.0118
vn 0.07037 -0.99709 -0.02922
vn 0.20828 -0.58654 -0.78268
vn 0.20929 -0.77106 -0.60139
vn -0.05112 -0.79912 -0.59899
vn 0.40292 -0.83624 -0.37196
vn -0.14515 -0.92203 -0.35888
vn 0.47397 -0.86556 -0.16172
vn 0.018 -0.98916 -0.14575
vn 0.32185 -0.94648 -0.0243
vn 0.2386 -0.9709 -0.02051
vn 0.4627 -0.0198 -0.8863
vn 0.34165 -0.02022 -0.93961
vn 0.01421 -0.14587 -0.9892
vn 0.47893 -0.16235 -0.86271
vn -0.151 -0.35864 -0.92118
vn 0.40302 -0.37274 -0.83585
vn -0.0973 -0.6122 -0.78469
vn 0.37313 -0.92755 -0.02035
vn 0.56753 -0.82316 -0.01806
vn 0.56649 -0.81526 -0.12013
vn 0.56593 -0.81564 -0.12023
vn 0.56481 -0.76902 -0.29933
vn 0.56448 -0.76922 -0.29943
vn 0.56406 -0.66073 -0.49525
vn 0.56395 -0.66078 -0.49531
vn 0.56392 -0.49524 -0.66085
vn 0.56406 -0.4952 -0.66077
vn 0.56451 -0.29946 -0.76919
vn 0.56486 -0.2994 -0.76895
vn 0.56596 -0.12028 -0.81561
vn 0.56659 -0.12026 -0.81518
vn 0.5675 -0.01416 -0.82325
vn 0.64605 -0.01658 -0.76311
vn 0.81149 -0.58422 -0.01283
vn 0.84929 -0.52787 -0.00832
vn 0.84871 -0.5232 -0.07712
vn 0.84838 -0.52373 -0.07725
vn 0.84768 -0.49437 -0.19244
vn 0.84749 -0.49464 -0.19257
vn 0.84723 -0.42507 -0.31862
vn 0.84716 -0.42515 -0.31869
vn 0.84715 -0.31866 -0.4252
vn 0.84722 -0.3186 -0.42511
vn 0.8475 -0.19259 -0.49463
vn 0.84772 -0.19249 -0.49429
vn 0.8484 -0.07726 -0.52369
vn 0.84877 -0.07722 -0.5231
vn 0.84938 -0.01146 -0.52766
vn 0.80959 -0.00764 -0.58695
vn 0.07042 -0.99752 0
vn 0.07017 -0.99754 0
vn 0.23867 -0.9711 -0
vn 0.23814 -0.97123 0
vn 0.37322 -0.92774 0
vn 0.46287 -0.88643 -2E-05
vn 0.47959 -0.87749 0
vn 0.64029 -0.76814 -0
vn 0.64885 -0.76091 1E-05
vn 0.81156 -0.58426 -1E-05
vn 0.80502 -0.59325 1E-05
vn 0.96975 -0.24411 -1E-05
vn 0.97051 -0.24107 0
vn 0.64872 -0.0167 0.76085
vn 0.07006 -0.9971 0.02968
vn 0.23794 -0.97091 0.02665
vn 0.96967 -0.24423 0.00974
vn 0.96199 -0.27281 0.01217
vn 0.99239 -0.12178 0.01793
vn 0.96739 -0.24692 0.05641
vn 0.99265 -0.11277 0.04386
vn 0.96543 -0.23624 0.11017
vn 0.99026 -0.11139 0.08348
vn 0.98574 -0.13311 0.10297
vn 0.98288 -0.11055 0.14743
vn 0.99248 -0.07611 0.09588
vn 0.96233 -0.12003 0.24394
vn 0.99332 -0.04186 0.10749
vn 0.98406 -0.05149 0.17024
vn 0.98406 -0.03517 0.17434
vn 0.99232 -0.01805 0.12239
vn 0.96756 -0.01638 0.2521
vn 0.97984 -0.00957 0.19956
vn 0.9705 0.00181 0.2411
vn 0.46568 -0.01139 0.88488
vn 0.07028 -0.02908 0.9971
vn 0.20952 -0.78248 0.58637
vn 0.20869 -0.60141 0.7712
vn -0.04929 -0.59916 0.79911
vn 0.401 -0.3721 0.8371
vn -0.14426 -0.35904 0.92211
vn 0.4734 -0.16151 0.86592
vn 0.01958 -0.14572 0.98913
vn 0.32 -0.0242 0.94711
vn 0.46264 -0.88632 0.02001
vn 0.33807 -0.9409 0.02045
vn 0.01229 -0.98928 0.1455
vn 0.48228 -0.86089 0.16212
vn -0.15142 -0.92127 0.35824
vn 0.4084 -0.83353 0.37207
vn -0.1028 -0.78401 0.61218
vn 0.23859 -0.0205 0.9709
vn 0.56744 -0.01927 0.82319
vn 0.56639 -0.12012 0.81534
vn 0.56583 -0.12022 0.81571
vn 0.5647 -0.29945 0.76905
vn 0.56441 -0.29954 0.76923
vn 0.56398 -0.49538 0.6607
vn 0.56384 -0.49545 0.66077
vn 0.56391 -0.66087 0.49524
vn 0.564 -0.66081 0.49521
vn 0.56438 -0.76939 0.29918
vn 0.56476 -0.76914 0.29912
vn 0.56583 -0.81575 0.11998
vn 0.56641 -0.81534 0.11997
vn 0.56736 -0.82335 0.01436
vn 0.64007 -0.76814 0.01658
vn 0.81144 -0.01282 0.5843
vn 0.84921 -0.00832 0.52799
vn 0.84864 -0.07713 0.52332
vn 0.8483 -0.07725 0.52385
vn 0.8476 -0.19255 0.49447
vn 0.84741 -0.19268 0.49474
vn 0.84714 -0.31877 0.42514
vn 0.84706 -0.31886 0.42523
vn 0.8471 -0.42527 0.3187
vn 0.84715 -0.4252 0.31865
vn 0.84739 -0.49487 0.19245
vn 0.84763 -0.4945 0.19234
vn 0.84829 -0.52389 0.07709
vn 0.84865 -0.52331 0.07705
vn 0.84929 -0.52779 0.01218
vn 0.80494 -0.5933 0.00774
vn 0.07033 0 0.99752
vn 0.07039 0 0.99752
vn 0.23865 -0 0.97111
vn 0.23814 -0 0.97123
vn 0.46287 -0 0.88643
vn 0.46571 0 0.88494
vn 0.64029 -0 0.76814
vn 0.64881 1E-05 0.76095
vn 0.81151 -1E-05 0.58434
vn 0.80495 1E-05 0.59334
vn 0.96974 -1E-05 0.24415
vn 0.9705 0 0.2411
vn 0.07032 0.02964 0.99708
vn 0.23797 0.02661 0.97091
vn 0.9831 0.1465 0.10981
vn 0.98571 0.1031 0.1332
vn 0.9903 0.08333 0.11118
vn 0.96568 0.10991 0.23533
vn 0.99269 0.0438 0.11247
vn 0.96731 0.05654 0.24721
vn 0.99235 0.01803 0.12215
vn 0.96086 0.01243 0.27676
vn 0.96966 0.00967 0.24425
vn 0.98412 0.17399 0.03505
vn 0.98412 0.1699 0.05133
vn 0.99333 0.10747 0.04184
vn 0.96231 0.24408 0.11996
vn 0.99247 0.09597 0.0761
vn 0.99234 0.12223 0.01802
vn 0.93373 0.35768 0.01458
vn 0.99985 0.01753 0.00113
vn 0.99903 0.04394 -0.00034
vn 0.78664 0.61739 0.00574
vn 0.89599 0.44396 0.00978
vn 0.97602 0.21763 0.00479
vn 0.20836 0.58655 0.78265
vn 0.20924 0.77109 0.60137
vn -0.05107 0.79914 0.59897
vn 0.40287 0.83627 0.37195
vn -0.14513 0.92204 0.35887
vn 0.47393 0.86558 0.16172
vn 0.01803 0.98916 0.14575
vn 0.46267 0.01977 0.88631
vn 0.34163 0.02019 0.93962
vn 0.01437 0.14587 0.9892
vn 0.47899 0.16233 0.86268
vn -0.15089 0.35867 0.92119
vn 0.40305 0.37274 0.83583
vn -0.09732 0.61223 0.78467
vn 0.56645 0.8153 0.12013
vn 0.5659 0.81566 0.12023
vn 0.56478 0.76905 0.29932
vn 0.56446 0.76924 0.29942
vn 0.56404 0.66075 0.49525
vn 0.56394 0.6608 0.49529
vn 0.56391 0.49527 0.66084
vn 0.56403 0.49523 0.66077
vn 0.56448 0.29949 0.7692
vn 0.56482 0.29943 0.76897
vn 0.56591 0.12028 0.81565
vn 0.56653 0.12027 0.81522
vn 0.56745 0.01414 0.82329
vn 0.64009 0.01637 0.76812
vn 0.80488 0.00757 0.59338
vn 0.84937 0.01204 0.52765
vn 0.84875 0.07723 0.52313
vn 0.84837 0.07726 0.52373
vn 0.84769 0.19251 0.49433
vn 0.84749 0.19261 0.49464
vn 0.8472 0.31862 0.42512
vn 0.84713 0.31869 0.42522
vn 0.84714 0.42518 0.3187
vn 0.84722 0.42509 0.31862
vn 0.84748 0.49466 0.19257
vn 0.84767 0.49439 0.19244
vn 0.84837 0.52374 0.07724
vn 0.84868 0.52325 0.07713
vn 0.84932 0.52775 0.0116
vn 0.56748 0.82319 0.0181
vn 0.61674 0.78706 0.01289
vn 0.32363 0.94589 0.02354
vn 0.26964 0.96255 0.02821
vn -0.01745 0 0.99985
vn -0.01745 -0 0.99985
vn -0.01745 0 0.99985
vn -0.01745 -0 -0.99985
vn -0.01745 -0.99985 0
vn -0.01745 -0.99985 -0
vn -0.01745 -0.99985 0
vn 0.00089 0.04886 -0.99881
vn 9E-05 0.03794 -0.99928
vn 0.00353 0.00063 -0.99999
vn 0.00016 0.04471 -0.999
vn 0.00016 0.18863 -0.98205
vn 0.00079 0.17437 -0.98468
vn -0.00036 0.36252 -0.93198
vn 0.00027 0.34671 -0.93797
vn 0.00026 0.5368 -0.84371
vn 0.00036 0.53453 -0.84515
vn 0.0002 0.70837 -0.70584
vn 0.0003 0.7065 -0.70772
vn 0.00027 0.8426 -0.53855
vn 0.00042 0.84035 -0.54205
vn 0.00013 0.93177 -0.36304
vn 0.00025 0.93049 -0.36632
vn 0.00073 0.99804 -0.06252
vn 2E-05 0.99998 -0.00594
vn 0.00022 0.98121 -0.19292
vn 0.00441 0.99617 -0.08737
vn -0.00799 0.98196 -0.18894
vn 0.00111 0.99922 -0.03958
vn -0.01745 0.99985 -0
vn 1 -0 0
vn 1 -0 -0
vn 1 -0 -0
vn -0.01745 0 0.99985
vn -0.01745 0 0.99985
vn -0.01745 0 0.99985
vn 0.00077 -0.99835 -0.05738
vn 9E-05 -0.9993 -0.03738
vn 0.00522 -0.99997 -0.00531
vn 0.00065 -0.99901 -0.04452
vn 0.00016 -0.99861 -0.05266
vn 0.00017 -0.98229 -0.18738
vn 0.00084 -0.98508 -0.17209
vn -0.00041 -0.93239 -0.36146
vn 0.00027 -0.9388 -0.34447
vn 0.00027 -0.84427 -0.53592
vn 0.00037 -0.84581 -0.53348
vn 0.00018 -0.70563 -0.70858
vn 0.0003 -0.70789 -0.70632
vn 0.00028 -0.53884 -0.84241
vn 0.00037 -0.54114 -0.84093
vn 0.00015 -0.36338 -0.93164
vn 0.00024 -0.36607 -0.93059
vn 0.00022 -0.18161 -0.98337
vn 3E-05 0.00206 -1
vn 0.00064 -0.03966 -0.99921
vn -0.0218 -0.18919 -0.9817
vn 0.00173 -0.09754 -0.99523
vn 0.00523 -0.07129 -0.99744
vn 0.00071 -0.04585 -0.99895
vn -0.01745 -0 -0.99985
vn -0.01745 0 -0.99985
vn -0 0.88235 0.47059
vn -0.99939 -0 -0.0349
vn 0 -0.88235 0.47059
vn 0.99939 0 -0.0349
vn 3E-05 -0.02602 -0.99966
vn 7E-05 -0.02672 -0.99964
vn 9E-05 -0.16679 -0.98599
vn 9E-05 -0.16688 -0.98598
vn 0.00012 -0.36587 -0.93067
vn 0.00012 -0.36586 -0.93067
vn 0.00015 -0.54093 -0.84107
vn 0.00015 -0.54093 -0.84106
vn 0.00017 -0.70772 -0.70649
vn 0.00017 -0.70772 -0.70649
vn 0.00018 -0.84581 -0.53349
vn 0.00018 -0.8458 -0.53349
vn 0.00018 -0.93862 -0.34494
vn 0.00018 -0.93863 -0.34494
vn 0.00018 -0.98501 -0.1725
vn 0.00018 -0.98501 -0.1725
vn 0.00017 -0.99935 -0.03618
vn 9E-05 -0.99939 -0.03483
vn 2E-05 0.99965 -0.02629
vn 5E-05 0.99964 -0.02682
vn 7E-05 0.98595 -0.16703
vn 8E-05 0.98594 -0.16713
vn 0.00011 0.93057 -0.3661
vn 0.00011 0.93057 -0.3661
vn 0.00014 0.84048 -0.54184
vn 0.00014 0.84048 -0.54184
vn 0.00017 0.70659 -0.70762
vn 0.00017 0.70659 -0.70762
vn 0.00019 0.53435 -0.84527
vn 0.00019 0.53434 -0.84527
vn 0.0002 0.34685 -0.93792
vn 0.0002 0.34685 -0.93792
vn 0.0002 0.17443 -0.98467
vn 0.0002 0.17444 -0.98467
vn 0.00019 0.03676 -0.99932
vn 0.0001 0.03529 -0.99938
vn 0 -0.03761 0.99929
vn 0 -0.28539 0.95841
vn 0 0.07478 0.9972
vn -0 0.66209 -0.74943
vn 0.01686 -0.25878 0.96579
vn 0.01686 -0.96579 0.25878
vn 0.01686 -0.96579 0.25878
vn 0.01686 -0.96579 -0.25878
vn 0.01686 -0.96579 -0.25878
vn 0.01686 -0.70701 -0.70701
vn 0.01686 -0.25878 -0.96579
vn 0.01686 -0.25878 -0.96579
vn 0.01686 0.25878 -0.96579
vn 0.01686 0.70701 -0.70701
vn 0.01686 0.96579 -0.25878
vn 0.01686 0.96579 -0.25878
vn 0.01686 0.96579 0.25878
vn 0.01686 0.96579 0.25878
vn 0.01686 0.70701 0.70701
vn 0.01686 0.25878 0.96579
vn 0.01686 0.25878 0.96579
vn 0.01686 -0.25878 0.96579
vn 0.01686 -0.25878 0.96579
vn 0.01686 -0.70701 0.70701
vn 0.01686 -0.96579 0.25878
vn 0.01745 0 0.99985
vn 0.01745 -0 0.99985
vn -1 -3E-05 -0
vn -1 -0 -0
vn -1 1E-05 0
vn -0.01927 0.3923 -0.91963
vn -0.11933 -0.09677 -0.98813
vn -0.01686 -0.25878 -0.96579
vn -0.01737 0.09745 -0.99509
vn -0.05605 0.25841 -0.96441
vn -0.01931 0.34675 -0.93776
vn -0.01931 0.93776 -0.34675
vn -0.01927 0.91963 0.3923
vn -0.11933 0.98813 -0.09677
vn -0.05605 0.96441 0.25841
vn -0.01931 0.93776 0.34675
vn -0.01726 0.36443 -0.93107
vn -0.01686 0.70701 -0.70701
vn -0.01726 0.93107 -0.36443
vn -0.01927 0.91963 -0.3923
vn -0.01726 0.93107 0.36443
vn -0.01686 0.70701 0.70701
vn -0.01686 0.25878 0.96579
vn -0.01686 0.25878 0.96579
vn -0.01686 -0.25878 0.96579
vn -0.01686 -0.25878 0.96579
vn -0.01686 -0.70701 0.70701
vn -0.01686 -0.96579 0.25878
vn -0.01686 -0.70701 -0.70701
vn -0.01722 -0.35168 -0.93596
vn -0.01944 -0.3923 -0.91963
vn -0.01745 -0 -0.99985
vn -0.01745 -0 -0.99985
vn -0.01745 0 -0.99985
vn -0.01745 -0 -0.99985
vn -0.01745 0.99985 -0
vn -0.01745 0.99985 0
vn -0.01745 0.99985 0
vn -0.01745 0.99985 -0
vn -0.01745 -0.99985 -0
vn -0.01745 -0.99985 0
vn -0.01745 -0.99985 0
vn -0.01745 -0.99985 -0
vn -0.01745 0 -0.99985
vn -0.01745 0 -0.99985
vn -0.01745 -0 -0.99985
vn -0.01745 -0 -0.99985
vn -1 0 -0
vn -1 2E-05 0
vn -0.01909 -0.93756 0.34729
vn -0.01907 -0.91964 -0.3923
vn -0.11933 -0.98813 0.09677
vn -0.01686 -0.96579 0.25878
vn -0.01737 -0.99509 -0.09745
vn -0.05605 -0.96441 -0.25841
vn -0.01909 -0.93756 -0.34729
vn -0.01931 -0.34688 -0.93771
vn -0.11925 -0.09689 -0.98812
vn -0.01686 -0.25878 -0.96579
vn -0.01737 0.09733 -0.9951
vn -0.05603 0.25841 -0.96441
vn -0.01891 0.34759 -0.93746
vn -0.01733 0.39221 -0.91971
vn -0.01686 0.70701 -0.70701
vn -0.01686 0.70701 -0.70701
vn -0.0173 -0.9248 -0.38006
vn -0.01686 -0.70701 -0.70701
vn -0.01726 -0.36455 -0.93103
vn -0.01927 -0.39241 -0.91959
vn -0.0169 0.96302 -0.2689
vn -0.01763 0.96578 -0.25878
vn -0.01745 0.99979 -0.01049
vn -0.01686 0.96579 0.25878
vn -0.01686 0.96579 0.25878
vn -0.01686 0.70701 0.70701
vn -0.01686 0.70701 0.70701
vn -0.01686 0.25878 0.96579
vn -0.01686 -0.25878 0.96579
vn -0.01686 -0.25878 0.96579
vn -0.01686 -0.70701 0.70701
vn -0.01686 -0.70701 0.70701
vn -0.0173 -0.9248 0.38007
vn -0.01907 -0.91964 0.3923
vn 0.02841 0.96276 -0.26886
vn 0.01686 0.25878 0.96579
vn 0.01686 0.96579 -0.25878
vn 0.01686 0.70701 -0.70701
vn 0.01686 0.25878 -0.96579
vn 0.01686 0.25878 -0.96579
vn 0.01686 -0.25878 -0.96579
vn 0.01686 -0.25878 -0.96579
vn 0.01686 -0.70701 -0.70701
vn 0.01686 -0.96579 -0.25878
vn 0.01686 -0.96579 -0.25878
vn 0.01686 -0.96579 0.25878
vn 0.01686 -0.70701 0.70701
vn 0.01686 -0.25878 0.96579
vn 0.01686 0.25878 0.96579
vn 0.01686 0.25878 0.96579
vn 0.01686 0.70701 0.70701
vn 0.01686 0.96579 0.25878
vn 0.01686 0.96579 0.25878
vn 0.01745 0.99979 -0.01053
vn 0.01745 0.99979 -0.01049
vn 0.5145 0 0.85749
vn 0.5145 0 0.85749
vn 0.51449 0 0.85749
vn 0.5145 -0 0.85749
vn 0.5145 0 0.85749
vn -0.5145 0 0.85749
vn -0.5145 -0 0.85749
vn -0.5145 0 0.85749
vn -0.5145 0 0.85749
vn 0.96099 -0.2575 -0.101
vn 0.96099 -0.2575 -0.101
vn 0.70349 -0.70349 -0.101
vn 0.70349 -0.70349 -0.101
vn 0.2575 -0.96099 -0.101
vn 0.2575 -0.96099 -0.101
vn -0.2575 -0.96099 -0.101
vn -0.2575 -0.96099 -0.101
vn -0.70349 -0.70349 -0.101
vn -0.70349 -0.70349 -0.101
vn -0.96099 -0.2575 -0.101
vn -0.96099 -0.2575 -0.101
vn 0.2575 0.96099 -0.101
vn 0.2575 0.96099 -0.101
vn 0.70349 0.70349 -0.101
vn 0.70349 0.70349 -0.101
vn 0.96099 0.2575 -0.101
vn 0.96099 0.2575 -0.101
vn -0.96099 0.2575 -0.101
vn -0.96099 0.2575 -0.101
vn -0.70349 0.70349 -0.101
vn -0.70349 0.70349 -0.101
vn -0.2575 0.96099 -0.101
vn -0.2575 0.96099 -0.101
vn 1 0.00013 8E-05
vn 1 8E-05 -0.00013
vn 1 -0.00013 -8E-05
vn 1 5E-05 1E-05
vn 1 0.0001 8E-05
vn 1 0.00013 -0.00017
vn 1 0.00023 0.00016
vn 1 0.00022 -0.00017
vn 1 -0.00016 -0.00021
vn 1 -0.00022 0.00017
vn 1 4E-05 -7E-05
vn 1 -8E-05 0.00013
vn 1 0.00016 0.00021
vn 1 1E-05 1E-05
vn 1 1E-05 0
vn 1 1E-05 1E-05
vn 1 1E-05 -0.00014
vn 1 -0 1E-05
vn 1 1E-05 -1E-05
vn 1 1E-05 -1E-05
vn 1 3E-05 1E-05
vn 1 3E-05 -0
vn 1 -0 -0
vn 1 0.00016 -0.00022
vn 1 -0.00016 -0.00013
vn 1 8E-05 -0.0001
vn 1 3E-05 -6E-05
vn 1 -8E-05 -5E-05
vn 1 -0.00022 -0.00016
vn 1 -0.00013 0.00017
vn 1 -0.0001 -8E-05
vn 1 -5E-05 -1E-05
vn 1 -4E-05 7E-05
vn 1 -0.00016 0.00022
vn 1 0.00016 0.00013
vn 1 -8E-05 0.0001
vn 1 -3E-05 6E-05
vn 1 8E-05 5E-05
vn 1 1E-05 -1E-05
vn 1 0 -1E-05
vn 1 1E-05 -1E-05
vn 1 -1E-05 -1E-05
vn 1 -1E-05 -0
vn 1 -1E-05 -1E-05
vn 1 -1E-05 1E-05
vn 1 -0 1E-05
vn 1 -1E-05 1E-05
vn 1 -0.00013 -1E-05
vn 1 1E-05 0
vn 1 -1E-05 -1E-05
vn 1 -1E-05 -1E-05
vn 1 1E-05 -3E-05
vn 1 -0 -3E-05
vn 1 -0 0
vn 1 -1E-05 0.00014
vn 1 0 -1E-05
vn 1 -1E-05 1E-05
vn 1 -1E-05 1E-05
vn 1 -3E-05 -1E-05
vn 1 -3E-05 0
vn 1 0 0
vn 1 0.00013 1E-05
vn 1 -1E-05 -0
vn 1 1E-05 1E-05
vn 1 1E-05 1E-05
vn 1 -1E-05 3E-05
vn 1 0 3E-05
vn 1 0 -0
vn 3E-05 1 -4E-05
vn 0.0017 1 -4E-05
vn 0.0001 1 -0.00012
vn -0 1 -0.00013
vn 0.0026 1 -0
vn 0.00061 1 -0
vn 2E-05 1 3E-05
vn -0 1 0
vn 1E-05 1 1E-05
vn 0.00257 0.99999 0.00332
vn 0.0001 1 0.00031
vn -0.00277 1 0.00058
vn 0.00025 1 -0.0003
vn -1E-05 1 -0
vn 2E-05 1 -7E-05
vn -0 1 -7E-05
vn -0.00064 1 -0.00013
vn -0.00277 0.0996 -0.99502
vn 0.18365 0.03729 -0.98228
vn -0.00067 0.99922 -0.03958
vn -0 0.9992 -0.03994
vn -0 0.98199 -0.18895
vn 0.09506 0.95963 -0.26472
vn 0.10709 0.77578 -0.62185
vn -0 0.8426 -0.53855
vn -0 0.93177 -0.36304
vn -0 0.18863 -0.98205
vn -0 0.36252 -0.93198
vn 0.09414 0.45606 -0.88495
vn -0 0.5368 -0.84371
vn -0 0.70837 -0.70584
vn 0.00183 -4E-05 -1
vn 0.00259 -0 -1
vn -0 -0.00015 -1
vn 0.0001 -0.00014 -1
vn 2E-05 -3E-05 -1
vn 0.00088 -0 -1
vn 3E-05 5E-05 -1
vn -0 0 -1
vn 1E-05 1E-05 -1
vn 0.0009 -0.00068 -1
vn -6E-05 -0 -1
vn 3E-05 -0.00014 -1
vn -0 -0.00016 -1
vn -0.00093 -0.00028 -1
vn 0.00024 0.00091 -1
vn -0.00276 0.00083 -1
vn 9E-05 0.00045 -1
vn -0.00247 -0.99502 -0.09961
vn 0.18561 -0.98194 -0.03673
vn -0.00095 -0.03966 -0.99921
vn -0 -0.04016 -0.99919
vn -0 -0.18924 -0.98193
vn 0.09519 -0.26562 -0.95937
vn -0 -0.36338 -0.93164
vn 0 -0.98229 -0.18738
vn 0 -0.93239 -0.36146
vn 0.094 -0.88494 -0.45613
vn 0 -0.84427 -0.53592
vn 0 -0.62587 -0.77993
vn 0.20822 -0.69017 -0.69305
vn -0 -0.53884 -0.84241
vn 2E-05 -1 3E-05
vn 0.00168 -1 3E-05
vn 9E-05 -1 0.00011
vn 0 -1 0.00012
vn 0.00231 -1 0
vn 0.0009 -1 0
vn 3E-05 -1 -4E-05
vn 0 -1 -0
vn 1E-05 -1 -1E-05
vn 0.00233 -0.99999 -0.00302
vn 8E-05 -1 -0.00028
vn -0.00247 -1 -0.00051
vn -0 -1 0
vn -0.00096 -1 0.0002
vn 0 -1 0.00011
vn 0 -1 0
vn 0 -1 0
vn -0 -1 -0
vn 3E-05 -1 0.0001
vn 0.00107 -1 0.00118
vn 0.11046 -0.09398 0.98943
vn -1E-05 -0.03438 0.99941
vn -0.00693 -0.034 0.9994
vn -0.00096 -0.99929 0.03776
vn 0 -0.99927 0.03829
vn 0 -0.9826 0.18576
vn 0.09513 -0.96127 0.25869
vn 0.11224 -0.77675 0.61973
vn 0 -0.84501 0.53476
vn 0 -0.93302 0.35982
vn 0 -0.18489 0.98276
vn 0 -0.36023 0.93287
vn 0.09429 -0.453 0.88651
vn 0 -0.53537 0.84462
vn 0 -0.7081 0.70611
vn -0.00273 0.99503 0.09951
vn 0.184 0.98222 0.03718
vn 0.00105 0.03571 0.99936
vn 0 0.03515 0.99938
vn 0 0.18604 0.98254
vn 0.09517 0.26271 0.96017
vn 0 0.36117 0.9325
vn -0 0.98214 0.18814
vn -0 0.93243 0.36135
vn 0.09418 0.88551 0.45497
vn -0 0.84461 0.53538
vn -0 0.62601 0.77982
vn 0.21069 0.69041 0.69206
vn -0 0.53796 0.84297
vn 0.98013 -0.19837 -0
vn 0.87448 -0.48507 0
vn 0.87459 -0.48486 -0
vn 0.74005 -0.67255 0
vn 0.74017 -0.67241 0
vn 0.48778 -0.87297 0
vn 0.48763 -0.87305 0
vn 0.48765 5E-05 -0.87304
vn 0.48767 -0.87278 -0.02062
vn 0.98012 -0.19837 -0.00242
vn 0.99356 -0.11326 -0.00414
vn 0.97705 -0.21063 -0.03179
vn 0.99366 -0.11052 -0.02047
vn 0.97781 -0.19461 -0.07751
vn 0.99039 -0.12759 -0.05342
vn 0.9543 -0.23834 -0.18028
vn 0.98718 -0.1295 -0.0933
vn 0.99207 -0.10948 -0.06171
vn 0.90322 -0.2583 -0.34275
vn 0.991 -0.08879 -0.10021
vn 0.98983 -0.10387 -0.09724
vn 0.95145 -0.1146 -0.28567
vn 0.99055 -0.06383 -0.12141
vn 0.99048 -0.07708 -0.11404
vn 0.98012 -0.00242 -0.19838
vn 0.99499 -0.00441 -0.09984
vn 0.96617 -0.03835 -0.25505
vn 0.98527 -0.02865 -0.16861
vn 0.99391 -0.03608 -0.10408
vn 0.44871 -0.89337 -0.02341
vn 0.44816 -0.88622 -0.1173
vn 0.64922 -0.75206 -0.11362
vn 0.03063 -0.93924 -0.3419
vn 0.56843 -0.76428 -0.30456
vn 0.28789 -0.76894 -0.57084
vn 0.45448 -0.71042 -0.53735
vn 0.43539 -0.54231 -0.71856
vn 0.44561 -0.53886 -0.71489
vn 0.44899 -0.41999 -0.78868
vn 0.66067 -0.2795 -0.69671
vn -0.08332 -0.32584 -0.94175
vn 0.68459 -0.10852 -0.7208
vn 0.44802 -0.11126 -0.88707
vn 0.44837 -0.02057 -0.89361
vn 0.50018 -0.02366 -0.8656
vn 0.48768 -0.0007 -0.87302
vn 0.73992 -0.02003 -0.6724
vn 0.70963 -0.01846 -0.70434
vn 0.70861 -0.10505 -0.69774
vn 0.70783 -0.10511 -0.69852
vn 0.70713 -0.26327 -0.65625
vn 0.70708 -0.26328 -0.65629
vn 0.7065 -0.42599 -0.56515
vn 0.70607 -0.42622 -0.56551
vn 0.70687 -0.56414 -0.42671
vn 0.70686 -0.56415 -0.42671
vn 0.70655 -0.65739 -0.26196
vn 0.70721 -0.65679 -0.26167
vn 0.7079 -0.69839 -0.10551
vn 0.7086 -0.6977 -0.10535
vn 0.70966 -0.70425 -0.02022
vn 0.73993 -0.67245 -0.0176
vn 0.87445 -0.01271 -0.48494
vn 0.90211 -0.01342 -0.4313
vn 0.90159 -0.06437 -0.42777
vn 0.90122 -0.06444 -0.42855
vn 0.90088 -0.16161 -0.40286
vn 0.90086 -0.16163 -0.40291
vn 0.90058 -0.26164 -0.34714
vn 0.90037 -0.26187 -0.34749
vn 0.90076 -0.34639 -0.26201
vn 0.90075 -0.3464 -0.26202
vn 0.9006 -0.40378 -0.16087
vn 0.90092 -0.40317 -0.16059
vn 0.90125 -0.42845 -0.0647
vn 0.90159 -0.42776 -0.06455
vn 0.90207 -0.43143 -0.01129
vn 0.87437 -0.485 -0.01601
vn 0.98012 -0 -0.19838
vn 0.98013 0 -0.19838
vn 0.87454 0 -0.48495
vn 0.87452 -0 -0.48498
vn 0.74015 0 -0.67244
vn 0.74007 -0 -0.67253
vn 0.48778 -0 -0.87297
vn 0.48765 -0 -0.87304
vn 0.12932 -0.991 -0.03461
vn 0.25864 -0.96526 -0.03702
vn 0.96538 -0.25867 -0.03371
vn 0.96538 -0.25867 -0.03371
vn 0.7067 -0.7067 -0.03371
vn 0.70671 -0.7067 -0.03371
vn 0.3814 -0.92376 -0.0346
vn 0.3491 -0.93648 -0.03353
vn -0.3491 -0.93648 -0.03353
vn -0.25867 -0.96538 -0.03371
vn -0.1293 -0.99084 -0.03886
vn -0.3814 -0.92376 -0.0346
vn -0.7067 -0.70671 -0.03371
vn -0.7067 -0.7067 -0.03371
vn -0.96538 -0.25867 -0.03371
vn -0.96538 -0.25867 -0.03371
vn -0 0.83205 -0.5547
vn 0 -0.99939 -0.0349
vn 0 -0.99939 -0.0349
vn 0 -0.99939 -0.0349
vn -0 -0.99939 -0.0349
vn 0 -0.99939 -0.0349
vn 0 -0.99939 -0.0349
vn 0 -0.99939 -0.0349
vn 0 -0.99939 -0.0349
vn -0 -0.99939 -0.0349
vn 0.3491 0.93648 -0.03353
vn 0.25867 0.96538 -0.03371
vn 0.1293 0.99084 -0.03886
vn 0.3814 0.92376 -0.0346
vn 0.7067 0.7067 -0.03371
vn 0.70671 0.7067 -0.03371
vn 0.96538 0.25867 -0.03371
vn 0.96538 0.25867 -0.03371
vn -0.12932 0.991 -0.03461
vn -0.25864 0.96526 -0.03702
vn -0.96538 0.25867 -0.03371
vn -0.96538 0.25867 -0.03371
vn -0.7067 0.70671 -0.03371
vn -0.7067 0.7067 -0.03371
vn -0.3814 0.92376 -0.0346
vn -0.3491 0.93648 -0.03353
vn 0 -0.83205 -0.5547
vn 0 0.99939 -0.0349
vn -0 0.99939 -0.0349
vn -0 0.99939 -0.0349
vn -0 0.99939 -0.0349
vn -0 0.99939 -0.0349
vn -0 0.99939 -0.0349
vn 0 0.99939 -0.0349
vn -0 0.99939 -0.0349
vn -0 0.99939 -0.0349
vn -1 0.00022 -0
vn -1 0.00022 2E-05
vn -1E-05 -0.03419 0.99942
vn 0 -0.0334 0.99944
vn 0.00017 -0.03376 0.99943
vn 0 -0.03417 0.99942
vn 5E-05 -0.03385 0.99943
vn 6E-05 -0.17263 0.98499
vn 8E-05 -0.17214 0.98507
vn 5E-05 -0.34552 0.93841
vn 7E-05 -0.34495 0.93862
vn 8E-05 -0.53393 0.84553
vn 8E-05 -0.53387 0.84557
vn 8E-05 -0.70691 0.70731
vn 8E-05 -0.70686 0.70736
vn 8E-05 -0.84083 0.54131
vn 7E-05 -0.84102 0.541
vn 9E-05 -0.9307 0.36578
vn 8E-05 -0.93083 0.36546
vn 7E-05 -0.98594 0.16711
vn 5E-05 -0.98601 0.16671
vn 8E-05 -0.99964 0.02683
vn 3E-05 -0.99966 0.02603
vn 1 -0 1E-05
vn 1 -1E-05 -0
vn 1 -1E-05 -2E-05
vn 1 -3E-05 3E-05
vn 1 6E-05 3E-05
vn 0.00076 -0.04661 0.99891
vn -0.00027 0.00636 0.99998
vn 0.00254 -0.02093 0.99978
vn 0 -0.03438 0.99941
vn 0.00019 -0.034 0.99942
vn 0.00066 -0.03364 0.99943
vn -0 -0.04201 0.99912
vn 1E-05 -0.18489 0.98276
vn 0.00052 -0.17302 0.98492
vn -0.00052 -0.36023 0.93286
vn 5E-05 -0.34584 0.93829
vn 5E-05 -0.53537 0.84462
vn 9E-05 -0.53449 0.84518
vn 0.00012 -0.7081 0.70611
vn 0.00017 -0.70707 0.70714
vn 0.00017 -0.84501 0.53476
vn 0.00045 -0.84086 0.54125
vn 0 -0.93302 0.35982
vn 0.00022 -0.93072 0.36572
vn 0.00021 -0.98126 0.19268
vn 3E-05 -0.99999 0.00331
vn 0.00154 -0.99929 0.03776
vn -0.01567 -0.98247 0.18573
vn 0.00168 -0.99397 0.10967
vn 0.00447 -0.9963 0.08588
vn 0.00075 -0.99805 0.06248
vn 0.00079 0.99832 0.05795
vn 0.0001 0.99928 0.03783
vn 0.0053 0.99997 0.00564
vn 0.00068 0.999 0.04481
vn 0.00017 0.99859 0.05312
vn 0.00015 0.98214 0.18814
vn 0.00079 0.98481 0.17361
vn -0.00039 0.93243 0.36135
vn 0.00023 0.93833 0.34573
vn 0.0002 0.84461 0.53538
vn 0.00025 0.84533 0.53425
vn 9E-05 0.70627 0.70795
vn 0.00014 0.70725 0.70696
vn 0.0001 0.53796 0.84297
vn 0.00019 0.54019 0.84155
vn -9E-05 0.36117 0.9325
vn 0.00159 0.09447 0.99553
vn 0.00058 0.04343 0.99906
vn 0.00504 0.0686 0.99763
vn 0 0.1797 0.98372
vn 4E-05 0.36468 0.93113
vn 0.02869 -0.01248 0.99951
vn 0.0001 0.09431 0.99554
vn -0.07743 0.18549 0.97959
vn -0.00029 0.03571 0.99936
vn -0.01745 0.99985 -0
vn 0 0.02514 0.99968
vn -0.00025 0.02447 0.9997
vn 1E-05 0.0241 0.99971
vn 0 0.02412 0.99971
vn 0 0.02514 0.99968
vn -5E-05 0.02455 0.9997
vn -7E-05 0.1644 0.98639
vn -4E-05 0.16488 0.98631
vn 0 0.36414 0.93135
vn 1E-05 0.36444 0.93123
vn 3E-05 0.53966 0.84188
vn 4E-05 0.53995 0.8417
vn 8E-05 0.70704 0.70717
vn 8E-05 0.70697 0.70724
vn 0.00013 0.84518 0.53449
vn 0.00012 0.84512 0.53458
vn 0.00015 0.93819 0.34611
vn 0.00013 0.93798 0.34669
vn 0.00019 0.98474 0.17401
vn 0.00018 0.98466 0.17451
vn 0.00019 0.99932 0.0368
vn 0.0001 0.99937 0.0354
vn 0.99452 0 -0.10453
vn 0 -0.99452 -0.10453
vn -0.99452 -0 -0.10453
vn -0 0.99452 -0.10453
vn 0.98012 0.00241 -0.19838
vn 0.99364 0.00414 -0.11256
vn 0.97678 0.03197 -0.21183
vn 0.99369 0.02048 -0.11028
vn 0.9776 0.0779 -0.19554
vn 0.99057 0.053 -0.12633
vn 0.95444 0.17999 -0.238
vn 0.98687 0.09449 -0.13096
vn 0.99209 0.06166 -0.1093
vn 0.90218 0.34448 -0.25961
vn 0.99096 0.10053 -0.08882
vn 0.98987 0.09712 -0.10359
vn 0.9494 0.29149 -0.11695
vn 0.99057 0.12128 -0.06373
vn 0.99051 0.11393 -0.07692
vn 0.98012 0.19837 -0.00242
vn 0.99504 0.09934 -0.00441
vn 0.96593 0.25593 -0.03848
vn 0.98546 0.16747 -0.02855
vn 0.99389 0.10428 -0.03609
vn 0.48753 0.87286 -0.0209
vn 0.48372 0.87498 -0.02065
vn 0.39694 0.91212 -0.10232
vn 0.71533 0.691 -0.10403
vn 0.44574 0.71482 -0.53883
vn 0.44903 0.7929 -0.41192
vn 0.72134 0.64277 -0.25791
vn 0.44804 0.8394 -0.30769
vn 0.44936 0.87226 -0.19296
vn 0.48767 0.02061 -0.87278
vn 0.48534 0.02078 -0.87408
vn 0.35085 0.1399 -0.92592
vn -0.03282 0.16559 -0.98565
vn 0.69542 0.26604 -0.66754
vn 0.04589 0.41503 -0.90865
vn 0.68177 0.44127 -0.58351
vn 0.12968 0.63022 -0.76551
vn 0.70262 0.57703 -0.41637
vn 0.74003 0.67228 -0.02003
vn 0.70979 0.70417 -0.01846
vn 0.70877 0.69757 -0.10502
vn 0.70799 0.69836 -0.10508
vn 0.70728 0.65609 -0.26325
vn 0.70724 0.65613 -0.26326
vn 0.70666 0.56501 -0.4259
vn 0.70622 0.56538 -0.42614
vn 0.70703 0.42656 -0.56406
vn 0.70699 0.42658 -0.56408
vn 0.70674 0.26192 -0.65721
vn 0.70737 0.26165 -0.65664
vn 0.70807 0.1055 -0.69822
vn 0.70877 0.10534 -0.69753
vn 0.70983 0.02021 -0.70409
vn 0.74004 0.01759 -0.67233
vn 0.87452 0.48483 -0.01271
vn 0.90227 0.43096 -0.01342
vn 0.90176 0.42743 -0.06431
vn 0.90138 0.42821 -0.06439
vn 0.90104 0.40254 -0.16151
vn 0.90102 0.40258 -0.16153
vn 0.90075 0.34685 -0.26143
vn 0.90054 0.34722 -0.26168
vn 0.90092 0.26176 -0.34614
vn 0.9009 0.26179 -0.34618
vn 0.90078 0.16075 -0.40343
vn 0.90108 0.16049 -0.40286
vn 0.90142 0.06465 -0.4281
vn 0.90176 0.06451 -0.42741
vn 0.90224 0.01127 -0.43108
vn 0.87443 0.01601 -0.48488
vn 0.98013 0.19838 -0
vn 0.98013 0.19837 -0
vn 0.87447 0.48508 -0
vn 0.87459 0.48486 0
vn 0.74004 0.67257 -0
vn 0.74017 0.67241 -0
vn 0.48778 0.87297 -0
vn 0.48763 0.87305 -0
vn 0.48767 0.87278 0.02062
vn 0.98012 0.19838 0.00242
vn 0.99355 0.1133 0.00414
vn 0.97704 0.21069 0.03179
vn 0.99366 0.11057 0.02048
vn 0.97781 0.1946 0.07751
vn 0.99037 0.12772 0.05347
vn 0.95429 0.23836 0.18029
vn 0.98716 0.12961 0.09339
vn 0.99207 0.10952 0.06174
vn 0.90284 0.25878 0.34338
vn 0.991 0.08877 0.1002
vn 0.98982 0.10393 0.09728
vn 0.95118 0.11491 0.28645
vn 0.99054 0.06384 0.12146
vn 0.99048 0.07709 0.11408
vn 0.98013 0.00242 0.19834
vn 0.99499 0.00441 0.09986
vn 0.9661 0.03838 0.25528
vn 0.9853 0.02863 0.1684
vn 0.99389 0.03614 0.10426
vn 0.48747 0.02288 0.87284
vn 0.44861 0.02056 0.89349
vn 0.44762 0.1331 0.88426
vn 0.44684 0.1332 0.88464
vn 0.44611 0.33322 0.83063
vn 0.44604 0.33323 0.83066
vn 0.44546 0.53891 0.71494
vn 0.44504 0.53905 0.7151
vn 0.44866 0.8934 0.02341
vn 0.44761 0.88419 0.13361
vn 0.4469 0.88455 0.13363
vn 0.44755 0.84205 0.30107
vn 0.74444 0.62026 0.24716
vn 0.44861 0.79388 0.41048
vn 0.44581 0.71391 0.53998
vn 0.70035 0.57806 0.41876
vn 0.44881 0.65062 0.61258
vn 0.73989 0.02003 0.67243
vn 0.70961 0.01845 0.70435
vn 0.7086 0.10503 0.69775
vn 0.70782 0.10508 0.69854
vn 0.70711 0.26327 0.65627
vn 0.70706 0.26328 0.65631
vn 0.70648 0.426 0.56516
vn 0.70605 0.42624 0.56553
vn 0.70685 0.56417 0.42672
vn 0.70684 0.56417 0.42672
vn 0.70653 0.65741 0.26196
vn 0.7072 0.65681 0.26167
vn 0.70788 0.6984 0.10551
vn 0.70859 0.69771 0.10535
vn 0.70965 0.70427 0.02022
vn 0.73992 0.67246 0.0176
vn 0.87444 0.0127 0.48497
vn 0.9021 0.01342 0.43132
vn 0.90158 0.06435 0.42779
vn 0.90122 0.06443 0.42855
vn 0.90088 0.16161 0.40287
vn 0.90083 0.16164 0.40296
vn 0.90056 0.26167 0.34717
vn 0.90036 0.26189 0.3475
vn 0.90075 0.34641 0.26201
vn 0.90074 0.34643 0.26203
vn 0.90059 0.40381 0.16088
vn 0.90091 0.4032 0.16059
vn 0.90124 0.42847 0.0647
vn 0.90157 0.42778 0.06455
vn 0.90206 0.43146 0.01129
vn 0.87436 0.48501 0.01601
vn 0.4876 0 0.87307
vn 0.48774 0 0.87299
vn 0.74004 0 0.67256
vn 0.74015 -0 0.67244
vn 0.87451 0 0.48501
vn 0.87453 0 0.48498
vn 0.98013 0 0.19834
vn 0.48753 -0.87286 0.02066
vn -0.30266 -0.95118 0.0605
vn 0.71589 -0.69043 0.10394
vn 0.44936 -0.87231 0.19272
vn 0.44804 -0.83939 0.30769
vn 0.7213 -0.64281 0.25792
vn 0.44903 -0.7929 0.41193
vn 0.44574 -0.71483 0.53883
vn 0.70261 -0.57704 0.41637
vn 0.12961 -0.63023 0.76551
vn 0.68177 -0.44126 0.5835
vn 0.04587 -0.41504 0.90865
vn 0.69546 -0.26603 0.66751
vn -0.03278 -0.1656 0.98565
vn 0.35098 -0.13989 0.92587
vn 0.48554 -0.02061 0.87397
vn 0.48764 -0.02075 0.8728
vn 0.98013 -0.00241 0.19834
vn 0.99364 -0.00414 0.11256
vn 0.97678 -0.03197 0.21184
vn 0.99369 -0.02048 0.11029
vn 0.97759 -0.07791 0.19556
vn 0.99057 -0.053 0.12634
vn 0.95444 -0.17999 0.23801
vn 0.98687 -0.09449 0.13096
vn 0.99209 -0.06166 0.10931
vn 0.90217 -0.3445 0.25963
vn 0.99096 -0.10053 0.08882
vn 0.98987 -0.09712 0.10359
vn 0.9494 -0.29149 0.11695
vn 0.99057 -0.12128 0.06372
vn 0.99051 -0.11393 0.07692
vn 0.98012 -0.19837 0.00242
vn 0.99504 -0.09933 0.00441
vn 0.96593 -0.25592 0.03848
vn 0.98547 -0.16746 0.02855
vn 0.99389 -0.10429 0.03609
vn 0.74003 -0.67228 0.02003
vn 0.70979 -0.70417 0.01845
vn 0.70878 -0.69757 0.10502
vn 0.70799 -0.69836 0.10508
vn 0.70729 -0.65609 0.26325
vn 0.70722 -0.65614 0.26327
vn 0.70665 -0.56502 0.42591
vn 0.70622 -0.56538 0.42614
vn 0.70703 -0.42656 0.56406
vn 0.70696 -0.4266 0.56411
vn 0.70671 -0.26194 0.65723
vn 0.70735 -0.26165 0.65665
vn 0.70805 -0.1055 0.69823
vn 0.70872 -0.10535 0.69758
vn 0.70978 -0.02021 0.70413
vn 0.74004 -0.01759 0.67233
vn 0.87452 -0.48483 0.01271
vn 0.90227 -0.43096 0.01342
vn 0.90176 -0.42743 0.06431
vn 0.90138 -0.42822 0.06439
vn 0.90104 -0.40254 0.16151
vn 0.90102 -0.40258 0.16153
vn 0.90075 -0.34685 0.26143
vn 0.90054 -0.34722 0.26168
vn 0.90092 -0.26177 0.34614
vn 0.90091 -0.26179 0.34617
vn 0.90078 -0.16075 0.40342
vn 0.90109 -0.16048 0.40284
vn 0.90142 -0.06465 0.42808
vn 0.90177 -0.0645 0.42737
vn 0.90226 -0.01127 0.43105
vn 0.87442 -0.01602 0.48491
vn -1 0 -0
vn -1 0 0
vn -1 0 0
vn -1 0 -0
vn -1 -0 0
vn -1 0 0
vn -1 -0 0
vn -1 0 0
vn -1 -0 -0
vn 0.30478 -0.95242 0
vn 0.30477 -0.95242 0
vn 0.30468 -0.95213 -0.02495
vn 0.30474 -0.93508 -0.18099
vn 0.31074 -0.94228 -0.12472
vn 0.29582 -0.95192 -0.07959
vn 0.3114 -0.95022 -0.01088
vn 0.30478 -0.00031 -0.95242
vn 0.30477 -0.00018 -0.95242
vn 0.30477 -0.00075 -0.95242
vn 0.30383 -0.0395 -0.95191
vn 0.29526 -0.02611 -0.95506
vn 0.30999 -0.11374 -0.94391
vn 0.31102 -0.11828 -0.94301
vn 0.3201 -0.30976 -0.89531
vn 0.30456 -0.22901 -0.92455
vn 0.30464 -0.15689 -0.93946
vn 0.2994 -0.65638 -0.69247
vn 0.31859 -0.58345 -0.74705
vn 0.32239 -0.57024 -0.75557
vn 0.29921 -0.5061 -0.80891
vn 0.30491 -0.44765 -0.84061
vn 0.30449 -0.40279 -0.86316
vn 0.31749 -0.31655 -0.89387
vn 0.31114 -0.74715 -0.58733
vn 0.32053 -0.76057 -0.56462
vn 0.30823 -0.8008 -0.51353
vn 0.30452 -0.92019 -0.246
vn 0.3175 -0.89758 -0.30584
vn 0.32324 -0.88924 -0.32369
vn 0.30404 -0.86938 -0.38954
vn 0.30479 -0.82744 -0.47164
vn 0.30478 -0 -0.95242
vn 0.30478 -0 -0.95242
vn -0 0.2532 -0.96742
vn 0.04204 0.17178 -0.98424
vn -0 0.41575 -0.90948
vn -0 0.59716 -0.80212
vn 0.03257 0.69429 -0.71896
vn -0 0.97851 -0.2062
vn 0.02856 0.9576 -0.28669
vn -0 0.89441 -0.44724
vn -0 0.78079 -0.62479
vn -0 0.17193 -0.98511
vn -0.02856 0.25309 -0.96702
vn -0.03257 0.69429 -0.71896
vn -0.02856 0.9576 -0.28669
vn -0 0.2532 -0.96742
vn -0 0.69466 -0.71934
vn -0 0.95799 -0.2868
vn 0.14814 0.09483 -0.98441
vn 0.17185 0.03069 -0.98465
vn 0.17185 0.03069 -0.98465
vn 0.41461 0.07404 -0.90698
vn 0.52315 0.10329 -0.84596
vn 0.5938 0.10604 -0.7976
vn 0.77331 0.1381 -0.6188
vn 0.81892 0.1555 -0.55245
vn 0.88321 0.15772 -0.44165
vn 0.82492 0.52807 -0.20161
vn 0.52807 0.82492 -0.2016
vn 0.17213 0.9639 -0.20313
vn 0.17213 0.9639 -0.20313
vn 0.15772 0.88322 -0.44165
vn 0.1555 0.81892 -0.55244
vn 0.03069 0.17185 -0.98465
vn 0.07404 0.41461 -0.90698
vn 0.10329 0.52315 -0.84596
vn 0.10604 0.59379 -0.7976
vn 0.1381 0.77331 -0.6188
vn 0.52807 0.82492 -0.20161
vn 0.45072 0.7041 -0.54872
vn 0.45072 0.7041 -0.54872
vn 0.28974 0.45261 -0.84332
vn 0.28974 0.45261 -0.84332
vn 0.09483 0.14814 -0.98441
vn 0.03069 0.17185 -0.98465
vn 0.9639 0.17213 -0.20313
vn 0.9639 0.17213 -0.20312
vn 0.82492 0.52807 -0.20161
vn 0.7041 0.45072 -0.54872
vn 0.7041 0.45072 -0.54872
vn 0.45261 0.28974 -0.84332
vn 0.45261 0.28974 -0.84332
vn 0.14814 0.09483 -0.98441
vn 0.09483 0.14814 -0.98441
vn 0.97851 0 -0.2062
vn 0.89441 0 -0.44725
vn 0.78079 0 -0.62479
vn 0.59716 -0 -0.80212
vn 0.41575 -0 -0.90948
vn 0.17193 -0 -0.98511
vn 0.5938 -0.10604 -0.7976
vn 0.88321 -0.15772 -0.44165
vn 0.1381 -0.77331 -0.6188
vn 0.07404 -0.41461 -0.90698
vn 0.17185 -0.03069 -0.98465
vn 0.17185 -0.03069 -0.98465
vn 0.14814 -0.09483 -0.98441
vn 0.14814 -0.09483 -0.98441
vn 0.09483 -0.14814 -0.98441
vn 0.09483 -0.14814 -0.98441
vn 0.03069 -0.17185 -0.98465
vn 0.03069 -0.17185 -0.98465
vn 0.17213 -0.9639 -0.20313
vn 0.17213 -0.9639 -0.20313
vn 0.52807 -0.82492 -0.2016
vn 0.52807 -0.82492 -0.20161
vn 0.82492 -0.52807 -0.20161
vn 0.82492 -0.52807 -0.20161
vn 0.9639 -0.17213 -0.20312
vn 0.9639 -0.17213 -0.20313
vn 0.15772 -0.88322 -0.44165
vn 0.1555 -0.81892 -0.55244
vn 0.45072 -0.7041 -0.54872
vn 0.45072 -0.7041 -0.54872
vn 0.7041 -0.45072 -0.54872
vn 0.7041 -0.45072 -0.54872
vn 0.81892 -0.1555 -0.55245
vn 0.77331 -0.1381 -0.6188
vn 0.10604 -0.59379 -0.7976
vn 0.10329 -0.52315 -0.84596
vn 0.28974 -0.45261 -0.84332
vn 0.28974 -0.45261 -0.84332
vn 0.45261 -0.28974 -0.84332
vn 0.45261 -0.28974 -0.84332
vn 0.52315 -0.10329 -0.84596
vn 0.41461 -0.07404 -0.90698
vn -0 -0.17193 -0.98511
vn 0.02856 -0.25309 -0.96702
vn -0 -0.41575 -0.90948
vn 0 -0.59716 -0.80212
vn 0.03257 -0.69429 -0.71896
vn 0 -0.78079 -0.62479
vn 0 -0.89441 -0.44724
vn 0.02856 -0.9576 -0.28669
vn 0 -0.97851 -0.2062
vn -0.02856 -0.25309 -0.96702
vn -0.03257 -0.69429 -0.71896
vn -0.02856 -0.9576 -0.28669
vn -0 -0.2532 -0.96742
vn 0 -0.69466 -0.71934
vn 0 -0.95799 -0.2868
vn -0.14814 -0.09483 -0.98441
vn -0.17185 -0.03069 -0.98465
vn -0.17185 -0.03069 -0.98465
vn -0.41461 -0.07404 -0.90698
vn -0.52315 -0.10329 -0.84596
vn -0.59379 -0.10604 -0.7976
vn -0.77331 -0.1381 -0.6188
vn -0.81892 -0.1555 -0.55245
vn -0.88322 -0.15772 -0.44164
vn -0.82492 -0.52807 -0.20161
vn -0.52807 -0.82492 -0.20161
vn -0.17213 -0.9639 -0.20313
vn -0.17213 -0.9639 -0.20313
vn -0.15772 -0.88322 -0.44165
vn -0.1555 -0.81892 -0.55244
vn -0.03069 -0.17185 -0.98465
vn -0.07404 -0.41461 -0.90698
vn -0.10329 -0.52315 -0.84596
vn -0.10604 -0.59379 -0.7976
vn -0.1381 -0.77331 -0.6188
vn -0.52807 -0.82492 -0.20161
vn -0.45072 -0.7041 -0.54872
vn -0.45072 -0.7041 -0.54872
vn -0.28974 -0.45261 -0.84332
vn -0.28974 -0.45261 -0.84332
vn -0.09483 -0.14814 -0.98441
vn -0.03069 -0.17185 -0.98465
vn -0.9639 -0.17213 -0.20313
vn -0.9639 -0.17213 -0.20312
vn -0.82492 -0.52807 -0.20161
vn -0.7041 -0.45072 -0.54872
vn -0.7041 -0.45072 -0.54872
vn -0.45261 -0.28974 -0.84332
vn -0.45261 -0.28974 -0.84332
vn -0.14814 -0.09483 -0.98441
vn -0.09483 -0.14814 -0.98441
vn -0.97851 -0 -0.20621
vn -0.89442 -0 -0.44724
vn -0.78079 -0 -0.62479
vn -0.59716 -0 -0.80212
vn -0.41575 -0 -0.90948
vn -0.17193 -0 -0.98511
vn -0.59379 0.10604 -0.7976
vn -0.88322 0.15772 -0.44164
vn -0.1381 0.77331 -0.6188
vn -0.07404 0.41461 -0.90698
vn -0.17185 0.03069 -0.98465
vn -0.17185 0.03069 -0.98465
vn -0.14814 0.09483 -0.98441
vn -0.14814 0.09483 -0.98441
vn -0.09483 0.14814 -0.98441
vn -0.09483 0.14814 -0.98441
vn -0.03069 0.17185 -0.98465
vn -0.03069 0.17185 -0.98465
vn -0.17213 0.9639 -0.20313
vn -0.17213 0.9639 -0.20313
vn -0.52807 0.82492 -0.20161
vn -0.52807 0.82492 -0.20161
vn -0.82492 0.52807 -0.20161
vn -0.82492 0.52807 -0.20161
vn -0.9639 0.17213 -0.20312
vn -0.9639 0.17213 -0.20313
vn -0.15772 0.88322 -0.44165
vn -0.1555 0.81892 -0.55244
vn -0.45072 0.7041 -0.54872
vn -0.45072 0.7041 -0.54872
vn -0.7041 0.45072 -0.54872
vn -0.7041 0.45072 -0.54872
vn -0.81892 0.1555 -0.55245
vn -0.77331 0.1381 -0.6188
vn -0.10604 0.59379 -0.7976
vn -0.10329 0.52315 -0.84596
vn -0.28974 0.45261 -0.84332
vn -0.28974 0.45261 -0.84332
vn -0.45261 0.28974 -0.84332
vn -0.45261 0.28974 -0.84332
vn -0.52315 0.10329 -0.84596
vn -0.41461 0.07404 -0.90698
vn 1E-05 1E-05 1
vn -0 0 1
vn 0 -0 1
vn 0 0 1
vn -0.00693 -0.00104 0.99998
vn 0.00019 -9E-05 1
vn -1E-05 1E-05 1
vn -0 0 1
vn -0.00027 -0.00053 1
vn 0 -0 1
vn 0 0 1
vn -0.00298 -0.00082 1
vn 0 -0.0001 1
vn 9E-05 0 1
vn -0.00029 -6E-05 1
vn 0 -0.00018 1
vn -0.00012 -0.00016 1
vn 0.00017 0 1
vn 0 5E-05 1
vn 0 0.00015 1
vn -0.00025 0 1
vn 0 -0 1
vn 0 0 1
vn 0 -0 1
vn -0 -0 1
vn 0 -0.00016 1
vn 0.00106 0 1
vn 0.30476 0.0091 -0.95238
vn 0.30774 0.02262 -0.9512
vn 0.30455 0.95174 -0.03799
vn 0.2948 0.95529 -0.02288
vn 0.31099 0.94389 -0.11113
vn 0.30966 0.94492 -0.10601
vn 0.29903 0.93506 -0.19039
vn 0.30262 0.93061 -0.20587
vn 0.30682 0.89912 -0.31216
vn 0.3117 0.89213 -0.32702
vn 0.30389 0.86515 -0.39895
vn 0.30548 0.84497 -0.43898
vn 0.29696 0.8066 -0.51108
vn 0.31554 0.7695 -0.55525
vn 0.31937 0.6023 -0.7316
vn 0.30426 0.65172 -0.69476
vn 0.30464 0.7216 -0.62168
vn 0.29723 0.06779 -0.9524
vn 0.33893 0.21418 -0.91611
vn 0.29725 0.15819 -0.9416
vn 0.30668 0.38043 -0.87248
vn 0.31367 0.3945 -0.8637
vn 0.30284 0.50497 -0.80827
vn 0.30898 0.57296 -0.75911
vn 0.30477 0.95242 -0
vn 0.30478 0.95242 -0
vn 0.30463 0.84607 0.43746
vn 0.30635 0.09079 0.94758
vn 0.30468 0.95213 0.02495
vn 0.3114 0.95022 0.01089
vn 0.27994 0.94924 0.14344
vn 0.30189 0.03726 0.95261
vn 0.31482 0.00376 0.94915
vn 0.3049 0.02496 0.95206
vn 0.30478 0.00032 0.95242
vn 0.30998 0.1137 0.94392
vn 0.31618 0.14125 0.93813
vn 0.30953 0.16434 0.93658
vn 0.32002 0.35274 0.8793
vn 0.30853 0.31752 0.89666
vn 0.3035 0.23729 0.92281
vn 0.32225 0.56984 0.75594
vn 0.29922 0.50612 0.80889
vn 0.30832 0.40224 0.86206
vn 0.30307 0.84166 0.44694
vn 0.30628 0.80132 0.51388
vn 0.31488 0.76864 0.55682
vn 0.30444 0.74884 0.58869
vn 0.30474 0.69344 0.6529
vn 0.29934 0.65637 0.69252
vn 0.31835 0.58351 0.74711
vn 0.32751 0.94156 0.07875
vn 0.29933 0.92751 0.22389
vn 0.31114 0.89488 0.31996
vn 0.31493 0.89838 0.30615
vn 0.30456 0.88014 0.36413
vn 0.30478 0 0.95242
vn 0.30478 0 0.95242
vn 0.30476 -0.0091 0.95238
vn 0.30774 -0.02262 0.9512
vn 0.30455 -0.95174 0.03799
vn 0.31869 -0.94595 0.06016
vn 0.30901 -0.94454 0.1112
vn 0.31554 -0.7695 0.55524
vn 0.29696 -0.80661 0.51108
vn 0.30548 -0.84497 0.43898
vn 0.30389 -0.86516 0.39894
vn 0.3117 -0.89213 0.32703
vn 0.30682 -0.89912 0.31216
vn 0.30261 -0.93067 0.20562
vn 0.3045 -0.92819 0.21386
vn 0.30472 -0.94097 0.14741
vn 0.31937 -0.60231 0.73159
vn 0.30426 -0.65172 0.69476
vn 0.30464 -0.72161 0.62167
vn 0.29723 -0.06779 0.9524
vn 0.33893 -0.21418 0.91611
vn 0.29725 -0.1582 0.9416
vn 0.30668 -0.38043 0.87248
vn 0.31367 -0.3945 0.8637
vn 0.30284 -0.50497 0.80827
vn 0.30898 -0.57296 0.75911
vn -0.10444 -0.04026 0.99372
vn -0.10214 -0.03908 0.994
vn -0.10688 -0.19003 0.97594
vn -0.10219 -0.1869 0.97705
vn -0.10527 -0.32512 0.93979
vn -0.10284 -0.32917 0.93865
vn -0.10743 -0.46621 0.87813
vn -0.10167 -0.47066 0.87644
vn -0.10575 -0.61548 0.78102
vn -0.10176 -0.61154 0.78464
vn -0.10787 -0.73892 0.66511
vn -0.10123 -0.74318 0.66139
vn -0.10582 -0.84111 0.53041
vn -0.10203 -0.84454 0.52569
vn -0.10815 -0.91687 0.38426
vn -0.10448 -0.99413 0.02821
vn -0.10419 -0.99415 0.0284
vn -0.1047 -0.98395 0.14452
vn -0.10396 -0.98395 0.14505
vn -0.10455 -0.95996 0.2599
vn -0.10546 -0.96044 0.25774
vn -0.10096 -0.91986 0.37904
vn -0.10454 -0 0.99452
vn -0.10453 0 0.99452
vn -0.10444 0.99371 0.04043
vn -0.09331 0.99503 0.03475
vn -0.11928 0.9751 0.18697
vn -0.11421 0.97504 0.19042
vn -0.10044 0.93871 0.32975
vn -0.14224 0.90329 0.40476
vn -0.07764 0.87808 0.47217
vn -0.13479 0.78091 0.60993
vn -0.13014 0.77852 0.61398
vn -0.08035 0.66235 0.74487
vn -0.13891 0.60946 0.78055
vn -0.09464 0.5261 0.84514
vn -0.13006 0.40439 0.90529
vn -0.09659 0.3793 0.92022
vn -0.10721 0.25752 0.96031
vn -0.14034 0.18485 0.97269
vn -0.09113 0.14561 0.98514
vn -0.11344 0.0341 0.99296
vn -0.10449 0.02838 0.99412
vn -0.10453 0.99452 0
vn -0.10453 0.99452 -0
vn -0.10453 -0.00088 -0.99452
vn -0.11991 0.0296 -0.99234
vn -0.10134 0.04438 -0.99386
vn -0.11049 0.18445 -0.97661
vn -0.11529 0.18139 -0.97663
vn -0.10021 0.32828 -0.93925
vn -0.14254 0.40415 -0.90352
vn -0.07772 0.47194 -0.8782
vn -0.13487 0.61074 -0.78026
vn -0.12999 0.61496 -0.77777
vn -0.08067 0.74615 -0.66088
vn -0.13898 0.78146 -0.60829
vn -0.0944 0.84628 -0.5243
vn -0.13043 0.90584 -0.40304
vn -0.09649 0.92094 -0.37756
vn -0.10724 0.96041 -0.25711
vn -0.1402 0.9728 -0.1844
vn -0.09123 0.98515 -0.14544
vn -0.11338 0.99296 -0.03415
vn -0.10448 0.99412 -0.02847
vn -0.10453 0 -0.99452
vn -0.10453 0 -0.99452
vn -0.10444 -0.99367 -0.04147
vn -0.10194 -0.99398 -0.04022
vn -0.10702 -0.97519 -0.19379
vn -0.10205 -0.97637 -0.19047
vn -0.10533 -0.93868 -0.3283
vn -0.1028 -0.93747 -0.33255
vn -0.10758 -0.87681 -0.46865
vn -0.10152 -0.87502 -0.47332
vn -0.10583 -0.77998 -0.61679
vn -0.10173 -0.78374 -0.6127
vn -0.10798 -0.66464 -0.73932
vn -0.10112 -0.6608 -0.74372
vn -0.10586 -0.53005 -0.84133
vn -0.10204 -0.52523 -0.84482
vn -0.10822 -0.38352 -0.91717
vn -0.10449 -0.02285 -0.99426
vn -0.10417 -0.02305 -0.99429
vn -0.10472 -0.14034 -0.98455
vn -0.10392 -0.14092 -0.98455
vn -0.10456 -0.25674 -0.96081
vn -0.1055 -0.25458 -0.96128
vn -0.1009 -0.37819 -0.92021
vn -0.10453 -0.99452 0
vn 0.15431 -0.98802 0
vn 0.15409 -0.98806 0
vn 0.23293 -0.11639 -0.9655
vn -0.97089 -0.23949 -0.00322
vn -0.67764 -0.72028 -0.14834
vn -0.45844 -0.87235 -0.16979
vn 0.82061 -0.56951 -0.0475
vn 0.23467 -0.81834 -0.52465
vn -0.36492 -0.80893 -0.46094
vn -0.91077 -0.37639 -0.1698
vn -0.66704 -0.67048 -0.32482
vn 0.23367 -0.92033 -0.31368
vn 0.23366 -0.93935 -0.25105
vn 0.23437 -0.76429 -0.60078
vn -0.87482 -0.35695 -0.32754
vn 0.23484 -0.66867 -0.7055
vn -0.77504 -0.32122 -0.54417
vn -0.21208 -0.51849 -0.82837
vn 0.23565 -0.5982 -0.76591
vn 0.23275 -0.16023 -0.95925
vn -0.70615 -0.17055 -0.68722
vn -0.84552 -0.13755 -0.51592
vn 0.23385 -0.3246 -0.91649
vn 0.23405 -0.41116 -0.881
vn 0.23154 -0.00024 -0.97282
vn 0.22672 -0.04038 -0.97312
vn 0.07955 -0.11297 -0.99041
vn -0.21511 -0.04816 -0.9754
vn 0.56084 -0.04057 -0.82693
vn 0.07868 -0.03722 -0.9962
vn 0.07963 -0.19322 -0.97792
vn 0.87619 -0.12348 -0.46588
vn 0.57263 -0.24514 -0.7823
vn 0.08254 -0.61394 -0.78502
vn 0.46924 -0.46151 -0.75288
vn 0.76589 -0.32665 -0.55381
vn 0.08184 -0.41304 -0.90703
vn 0.08186 -0.36177 -0.92867
vn 0.08229 -0.68937 -0.71972
vn 0.88711 -0.34005 -0.3121
vn 0.08183 -0.78638 -0.6123
vn 0.08283 -0.94406 -0.3192
vn 0.5153 -0.79118 -0.32939
vn 0.89993 -0.39249 -0.18991
vn 0.63663 -0.67746 -0.36843
vn 0.082 -0.83665 -0.54157
vn 0.08234 -0.96994 -0.22897
vn 0.41884 -0.88638 -0.19726
vn -0.1879 -0.97936 -0.07448
vn 0.47901 -0.87671 -0.04389
vn 0.15408 -0.98802 -0.00905
vn 0.15412 -0 -0.98805
vn 0.15421 -0 -0.98804
vn 0.23154 0.0003 -0.97282
vn 0.0787 -0 -0.9969
vn -0 0.99939 -0.0349
vn -0 0.99939 -0.0349
vn -0 0.99939 -0.0349
vn -0 0.99939 -0.0349
vn 0 0.99939 -0.0349
vn 0 0.99939 -0.0349
vn 0 0.99939 -0.0349
vn -0 0.99939 -0.0349
vn -0 0.99939 -0.0349
vn 0 0.99939 -0.0349
vn -0 0.99939 -0.0349
vn -0 0.99939 -0.0349
vn 0 0.99939 -0.0349
vn -0 0.99939 -0.0349
vn -0 0.99939 -0.0349
vn 0.98021 0.19498 -0.03423
vn 0.98389 0.1757 -0.03311
vn 0.83095 0.55522 -0.0353
vn 0.84173 0.53883 -0.03409
vn 0.55524 0.83098 -0.03423
vn 0.5388 0.84169 -0.03534
vn 0.19498 0.98024 -0.03335
vn 0.17569 0.98385 -0.03436
vn 0.99939 0 -0.0349
vn 0.19498 -0.98021 -0.03423
vn 0.1757 -0.98389 -0.03311
vn 0.55522 -0.83095 -0.0353
vn 0.53883 -0.84173 -0.03409
vn 0.83098 -0.55525 -0.03423
vn 0.84169 -0.5388 -0.03534
vn 0.98024 -0.19498 -0.03335
vn 0.98385 -0.17569 -0.03436
vn -0 -0.99939 -0.0349
vn -0 -0.99939 -0.0349
vn 0 -0.99939 -0.0349
vn 0 -0.99939 -0.0349
vn 0 -0.99939 -0.0349
vn 0 -0.99939 -0.0349
vn -0 -0.99939 -0.0349
vn -0 -0.99939 -0.0349
vn 0 -0.99939 -0.0349
vn -0 -0.99939 -0.0349
vn 0 -0.99939 -0.0349
vn 0 -0.99939 -0.0349
vn -0 -0.99939 -0.0349
vn 0 -0.99939 -0.0349
vn -0.98021 -0.19498 -0.03423
vn -0.98389 -0.1757 -0.03311
vn -0.83095 -0.55522 -0.0353
vn -0.84173 -0.53882 -0.03409
vn -0.55524 -0.83098 -0.03423
vn -0.5388 -0.84169 -0.03534
vn -0.19498 -0.98024 -0.03335
vn -0.17569 -0.98385 -0.03436
vn -0.99939 -0 -0.0349
vn -0.19498 0.98021 -0.03423
vn -0.1757 0.98389 -0.03311
vn -0.55522 0.83095 -0.0353
vn -0.53882 0.84173 -0.03409
vn -0.83098 0.55524 -0.03423
vn -0.84169 0.5388 -0.03534
vn -0.98024 0.19498 -0.03335
vn -0.98385 0.17569 -0.03436
vn 0.96985 -0.22136 -0.10194
vn 0.96985 -0.22137 -0.10193
vn 0.77776 -0.62024 -0.10193
vn 0.77776 -0.62024 -0.10194
vn 0.43162 -0.89628 -0.10194
vn 0.43162 -0.89628 -0.10194
vn 0 -0.99479 -0.10193
vn -0.43162 -0.89628 -0.10194
vn -0.43162 -0.89628 -0.10194
vn -0.77776 -0.62024 -0.10194
vn -0.77776 -0.62024 -0.10194
vn -0.96985 -0.22136 -0.10194
vn -0.96985 -0.22136 -0.10194
vn -0.96099 0.25749 -0.101
vn -0.70349 0.70349 -0.101
vn -0.70349 0.70349 -0.101
vn -0.2575 0.96099 -0.101
vn -0.2575 0.96099 -0.101
vn 0.2575 0.96099 -0.101
vn 0.2575 0.96099 -0.101
vn 0.70349 0.70349 -0.101
vn 0.70349 0.70349 -0.101
vn 0.96099 0.25749 -0.101
vn 0.96985 -0.22136 -0.10194
vn 0.96985 -0.22137 -0.10193
vn 0.77776 -0.62024 -0.10193
vn 0.77776 -0.62024 -0.10194
vn 0.43162 -0.89628 -0.10194
vn 0.43162 -0.89628 -0.10194
vn 0 -0.99479 -0.10194
vn -0.43162 -0.89628 -0.10194
vn -0.43162 -0.89628 -0.10194
vn -0.77776 -0.62024 -0.10194
vn -0.77776 -0.62024 -0.10194
vn -0.96985 -0.22136 -0.10194
vn -0.96985 -0.22136 -0.10194
vn -0.96099 0.2575 -0.101
vn -0.70349 0.70349 -0.101
vn -0.70349 0.70349 -0.101
vn -0.25749 0.96099 -0.101
vn -0.2575 0.96099 -0.101
vn 0.25749 0.96099 -0.101
vn 0.2575 0.96099 -0.101
vn 0.70349 0.70349 -0.101
vn 0.70349 0.70349 -0.101
vn 0.96099 0.25749 -0.101
vn 0.96099 0.2575 -0.101
vn 0.99452 0 -0.10453
vn 0.96985 -0.22137 -0.10193
vn 0.77776 -0.62024 -0.10193
vn 0.77776 -0.62024 -0.10194
vn 0.43162 -0.89628 -0.10194
vn 0.43162 -0.89628 -0.10194
vn -0.43163 -0.89627 -0.10193
vn -0.77775 -0.62025 -0.10194
vn -0.77776 -0.62024 -0.10193
vn -0.96985 -0.22135 -0.10193
vn -0.96985 -0.22137 -0.10194
vn -0.99452 -0 -0.10453
vn -0.96099 0.25749 -0.101
vn -0.96098 0.2575 -0.101
vn -0.70349 0.7035 -0.101
vn -0.70349 0.70349 -0.101
vn -0.2575 0.96099 -0.101
vn -0.25749 0.96099 -0.101
vn 0.2575 0.96099 -0.101
vn 0.70349 0.70349 -0.101
vn 0.70349 0.70349 -0.101
vn 0.96098 0.2575 -0.101
vn 0.96099 0.25749 -0.101
vn 0.96985 -0.22137 -0.10193
vn 0.77776 -0.62024 -0.10193
vn 0.77776 -0.62024 -0.10194
vn 0.43162 -0.89628 -0.10194
vn 0.43162 -0.89628 -0.10194
vn -0.43163 -0.89627 -0.10193
vn -0.77775 -0.62025 -0.10194
vn -0.77776 -0.62024 -0.10193
vn -0.96985 -0.22135 -0.10193
vn -0.96985 -0.22137 -0.10194
vn -0.96098 0.2575 -0.101
vn -0.70349 0.70349 -0.101
vn -0.70349 0.70349 -0.101
vn -0.25749 0.96099 -0.101
vn -0.2575 0.96099 -0.101
vn 0.2575 0.96099 -0.101
vn 0.70349 0.70349 -0.101
vn 0.70349 0.70349 -0.101
vn 0.96098 0.2575 -0.101
vn 0.96099 0.25749 -0.101
vn 0.96985 -0.22135 -0.10194
vn 0.77776 -0.62024 -0.10194
vn 0.77776 -0.62024 -0.10194
vn 0.96985 -0.22135 -0.10194
vn 0.77776 -0.62024 -0.10194
vn 0.77776 -0.62024 -0.10194
vn 0.99452 0 -0.10453
vn 0.96099 -0.25749 -0.101
vn 0.96099 -0.2575 -0.101
vn 0.70349 -0.70349 -0.101
vn 0.70349 -0.70349 -0.101
vn 0.25749 -0.96099 -0.101
vn 0.2575 -0.96099 -0.101
vn -0.25749 -0.96099 -0.101
vn -0.2575 -0.96099 -0.101
vn -0.70349 -0.70349 -0.101
vn -0.70349 -0.70349 -0.101
vn -0.96099 -0.25749 -0.101
vn -0.96099 -0.2575 -0.101
vn -0.99452 -0 -0.10453
vn -0.96099 0.25749 -0.101
vn -0.96099 0.2575 -0.101
vn -0.70349 0.70349 -0.101
vn -0.70349 0.70349 -0.101
vn -0.2575 0.96099 -0.101
vn -0.2575 0.96099 -0.101
vn 0.2575 0.96099 -0.101
vn 0.70349 0.70349 -0.101
vn 0.96099 0.25749 -0.101
vn 0.96099 0.2575 -0.101
vn 0.96985 -0.22136 -0.10194
vn 0.96985 -0.22136 -0.10194
vn 0.77776 -0.62024 -0.10194
vn 0.77776 -0.62024 -0.10194
vn 0.43162 -0.89628 -0.10194
vn 0.43162 -0.89628 -0.10194
vn -0.43162 -0.89628 -0.10194
vn -0.43162 -0.89628 -0.10194
vn -0.77776 -0.62024 -0.10194
vn -0.77776 -0.62024 -0.10194
vn -0.96985 -0.22136 -0.10194
vn -0.96985 -0.22136 -0.10194
vn -0.96099 0.2575 -0.101
vn -0.70349 0.70349 -0.101
vn -0.25749 0.96099 -0.101
vn -0.2575 0.96099 -0.101
vn 0.2575 0.96099 -0.101
vn 0.70349 0.70349 -0.101
vn 0.70349 0.70349 -0.101
vn 0.96099 0.25749 -0.101
vn 0.96099 0.2575 -0.101
vn 0.11298 0.39724 -0.91073
vn 0.2875 0.21807 -0.93263
vn -0.39499 0.18486 -0.89989
vn 0.68658 0.05134 -0.72524
vn -0.97824 0.00195 -0.20744
vn 0.23535 0.51488 -0.82432
vn -0.72015 0.47575 -0.50502
vn 0.23538 0.58542 -0.77581
vn -0.72621 0.59319 -0.34749
vn 0.19868 0.82788 -0.52455
vn 0.24274 0.73497 -0.63316
vn 0.23578 0.96513 -0.1137
vn 0.23514 0.95241 -0.19397
vn -0.84514 0.51664 -0.13717
vn 0.23645 0.91789 -0.31871
vn 0.23676 0.88226 -0.40689
vn 0.08017 0.99039 -0.11269
vn -0.32475 0.94504 -0.03798
vn 0.5198 0.85302 -0.04661
vn 0.15425 0.98734 -0.03689
vn 0.08023 0.97794 -0.19286
vn 0.8739 0.46994 -0.12434
vn 0.51885 0.81499 -0.25806
vn 0.0736 0.78603 -0.6138
vn 0.45754 0.7582 -0.46453
vn 0.76904 0.55056 -0.32474
vn 0.08172 0.9072 -0.41268
vn 0.08174 0.9277 -0.36428
vn -0.83684 0.36988 -0.40359
vn 0.89321 0.30537 -0.33003
vn 0.10146 0.71896 -0.68761
vn 0.04028 0.32116 -0.94617
vn 0.64021 0.36602 -0.6754
vn 0.08163 0.54267 -0.83597
vn 0.08147 0.61291 -0.78594
vn -0.79705 0.27002 -0.54018
vn 0.79389 0.26196 -0.54873
vn 0.96379 0.1022 -0.2463
vn -0.99835 0.02195 -0.05307
vn 0.99867 0.02501 -0.04514
vn 0.12271 0.22859 -0.96576
vn 0.4803 0.19403 -0.85537
vn -0.21496 0.07436 -0.97379
vn 0.46877 0.0426 -0.88229
vn 0.15411 0.00913 -0.98801
vn 0.15432 0.98802 -0
vn 0.1541 0.98806 -0
vn -0.59809 0.78462 0.16328
vn 0.8205 0.56967 0.04753
vn -0.97089 0.23952 0.00322
vn -0.94284 0.29421 0.15651
vn -0.76846 0.57585 0.27905
vn -0.33742 0.86953 0.36065
vn 0.23367 0.92032 0.31371
vn 0.23341 0.94523 0.22816
vn 0.23574 0.5982 0.76588
vn 0.23492 0.66863 0.70551
vn -0.87485 0.35689 0.32751
vn 0.23429 0.76428 0.60082
vn 0.23459 0.81834 0.52467
vn -0.21103 0.51863 0.82855
vn -0.7754 0.32097 0.54381
vn 0.23408 0.41114 0.88101
vn 0.23387 0.32458 0.91649
vn -0.84546 0.13754 0.51603
vn -0.79316 0.15198 0.58974
vn 0.23143 0.00032 0.97285
vn 0.22892 0.00384 0.97344
vn -0.05044 0.03901 0.99796
vn 0.08153 0.09519 0.99211
vn 0.23302 0.11635 0.96549
vn 0.23276 0.16812 0.95789
vn 0.07944 0.11293 0.99042
vn -0.49667 0.04289 0.86688
vn 0.56027 0.04057 0.82731
vn 0.07883 0.03722 0.99619
vn 0.07952 0.19319 0.97793
vn 0.87616 0.12347 0.46593
vn 0.57426 0.24468 0.78126
vn 0.08253 0.61394 0.78503
vn 0.46868 0.46166 0.75313
vn 0.76615 0.32647 0.55356
vn 0.082 0.41302 0.90702
vn 0.08202 0.36159 0.92872
vn 0.08228 0.68934 0.71975
vn 0.88712 0.34002 0.3121
vn 0.08187 0.78636 0.61232
vn 0.08284 0.94405 0.31924
vn 0.51459 0.79159 0.32953
vn 0.89992 0.39251 0.18995
vn 0.63716 0.67709 0.36819
vn 0.08205 0.83663 0.54159
vn 0.08235 0.96994 0.22901
vn 0.41871 0.88643 0.19731
vn -0.18773 0.97939 0.0745
vn 0.4792 0.87661 0.0439
vn 0.1541 0.98801 0.00905
vn 0.07885 0 0.99689
vn 0.15419 -7E-05 0.98804
vn 0.23143 0 0.97285
vn 0.23578 -0.96513 0.1137
vn 0.11301 -0.39724 0.91073
vn 0.28749 -0.21807 0.93263
vn -0.39512 -0.18485 0.89984
vn 0.68645 -0.05134 0.72537
vn -0.97824 -0.00195 0.20745
vn 0.23548 -0.51487 0.82429
vn -0.7202 -0.47572 0.50498
vn 0.23551 -0.5854 0.77578
vn -0.72624 -0.59316 0.34747
vn 0.19872 -0.82787 0.52454
vn 0.24275 -0.73498 0.63315
vn 0.23568 -0.96011 0.15046
vn -0.49271 -0.84789 0.19574
vn -0.84514 -0.51664 0.13717
vn 0.23647 -0.91788 0.31871
vn 0.23679 -0.88226 0.40688
vn 0.08017 -0.99039 0.11268
vn -0.32472 -0.94505 0.03798
vn 0.5198 -0.85302 0.04661
vn 0.1542 -0.98735 0.03689
vn 0.08023 -0.97794 0.19286
vn 0.8739 -0.46994 0.12434
vn 0.52054 -0.81403 0.25766
vn 0.07362 -0.78603 0.61379
vn 0.45759 -0.75819 0.46451
vn 0.76904 -0.55056 0.32473
vn 0.08172 -0.90721 0.41267
vn 0.08174 -0.92774 0.36417
vn -0.83686 -0.36986 0.40357
vn 0.89321 -0.30538 0.33004
vn 0.10145 -0.71896 0.68761
vn 0.04039 -0.32116 0.94616
vn 0.64008 -0.36609 0.67549
vn 0.08158 -0.54267 0.83597
vn 0.08142 -0.61292 0.78594
vn -0.79703 -0.27003 0.54021
vn 0.79395 -0.26193 0.54867
vn 0.96379 -0.10221 0.24631
vn -0.99832 -0.02213 0.05351
vn 0.99864 -0.02531 0.04569
vn 0.12281 -0.22859 0.96575
vn 0.48033 -0.19403 0.85536
vn -0.21497 -0.07437 0.97379
vn 0.46881 -0.0426 0.88227
vn 0.15419 -0.00914 0.988
vn -1 0 0
vn -1 0 0
vn -1 0 -0
vn -1 0 -1E-05
vn -1 -0 -1E-05
vn -1 -0 0
vn -1 -0 1E-05
vn -1 0 1E-05
vn 0.00049 -0.87863 -0.47751
vn -0.00473 -0.99994 -0.00942
vn 0.00089 -0.92325 -0.38421
vn -0.00065 -0.94728 -0.3204
vn -0.00175 -0.95733 -0.289
vn 0.00068 -0.97323 -0.22984
vn 6E-05 -0.99711 -0.07595
vn -0.00161 -0.83947 -0.54341
vn -0.00189 -0.83583 -0.54899
vn 0.00085 -0.78902 -0.61437
vn 0.00102 -0.69171 -0.72217
vn -0.00038 -0.666 -0.74595
vn 0.00054 -0.61605 -0.78771
vn 0.00149 -0.52272 -0.8525
vn -0.00166 -0.45794 -0.88898
vn -0.00022 -0.41443 -0.91008
vn -0.00026 -0.11326 -0.99357
vn -0.00233 -0.19391 -0.98102
vn -0.00183 -0.18632 -0.98249
vn 0.00072 -0.29941 -0.95412
vn 0.00061 -0.36298 -0.9318
vn -0 -0.02654 -0.99965
vn -0 -0.02654 -0.99965
vn 0.00073 -0.03129 -0.99951
vn -0 -0.03735 -0.9993
vn -0 -0.03735 -0.9993
vn -0 -0.02709 -0.99963
vn -0 -0.99833 -0.05771
vn -5E-05 -0.9983 -0.05823
vn -0.00156 -0.95733 -0.289
vn -0.00058 -0.96088 -0.27697
vn -0.00173 -0.83583 -0.54899
vn -0.00086 -0.84184 -0.53973
vn -0.00123 -0.666 -0.74595
vn -0.00114 -0.66728 -0.74481
vn -0.00133 -0.45794 -0.88898
vn -0.00108 -0.46103 -0.88738
vn -0.0006 -0.18633 -0.98249
vn -0.00073 -0.18482 -0.98277
vn -3E-05 -0.02696 -0.99964
vn -0 -0.02709 -0.99963
vn -0 0 -1
vn -0.00473 0.0095 -0.99994
vn -0 0.05775 -0.99833
vn -0 0.05775 -0.99833
vn -0 0.05817 -0.99831
vn -0 0.05817 -0.99831
vn -0 0.05817 -0.99831
vn 0.00098 0.38549 -0.92271
vn -0.00061 0.32147 -0.94692
vn -0.00175 0.28943 -0.9572
vn 0.00069 0.23045 -0.97308
vn 7E-05 0.07628 -0.99709
vn -0.00181 0.55209 -0.83378
vn -0.00144 0.54449 -0.83877
vn 0.00065 0.47852 -0.87808
vn -0.00024 0.74363 -0.66859
vn 0.00099 0.72269 -0.69117
vn 0.00082 0.61497 -0.78855
vn 0.0006 0.93081 -0.36549
vn -8E-05 0.91024 -0.41407
vn -0.00158 0.88693 -0.46191
vn 0.00145 0.85263 -0.52252
vn 0.00065 0.78816 -0.61547
vn 0.00071 0.95325 -0.30218
vn -0.002 0.98158 -0.19102
vn -0.00216 0.98109 -0.19356
vn -0 0.99962 -0.02742
vn 0.00061 0.9993 -0.03734
vn -0.00021 0.9936 -0.11297
vn -0 0.05775 -0.99833
vn -4E-05 0.05767 -0.99834
vn -0.00157 0.28943 -0.9572
vn -0.00074 0.27937 -0.96018
vn -0.0017 0.55209 -0.83378
vn -0.00086 0.54291 -0.83979
vn -0.00127 0.74363 -0.66859
vn -0.00104 0.74068 -0.67185
vn -0.00124 0.88693 -0.46191
vn -0.00108 0.88586 -0.46394
vn -0.00062 0.98159 -0.19102
vn -0.00083 0.98205 -0.18859
vn -0.0001 0.99958 -0.02906
vn -0.0047 0.99994 0.00943
vn 0.00092 0.92326 0.38417
vn -0.00062 0.94727 0.32044
vn -0.00172 0.95738 0.28882
vn 0.0007 0.97322 0.22988
vn 9E-05 0.99711 0.07596
vn -0.00185 0.83592 0.54885
vn -0.00159 0.83945 0.54343
vn 0.00052 0.87865 0.47747
vn -0.00036 0.66593 0.74601
vn 0.00105 0.69169 0.7222
vn 0.00088 0.789 0.61439
vn 0.00062 0.36281 0.93186
vn -0.00021 0.41443 0.91008
vn -0.00165 0.45761 0.88915
vn 0.00151 0.52272 0.8525
vn 0.00056 0.61605 0.78771
vn 0.00073 0.29927 0.95417
vn -0.00181 0.18597 0.98255
vn -0.00233 0.19387 0.98102
vn -0 0.02634 0.99965
vn 0.00067 0.03734 0.9993
vn -0.00025 0.11322 0.99357
vn -0 0.99835 0.05745
vn -3E-05 0.99833 0.05774
vn -0.00154 0.95738 0.28882
vn -0.00055 0.96095 0.27672
vn -0.00171 0.83592 0.54885
vn -0.00085 0.84191 0.53961
vn -0.00122 0.66593 0.74601
vn -0.00113 0.66717 0.74491
vn -0.00132 0.45761 0.88915
vn -0.00108 0.46066 0.88758
vn -0.0006 0.18598 0.98255
vn -0.00073 0.18446 0.98284
vn -3E-05 0.02682 0.99964
vn -0.00471 -0.00951 0.99994
vn 0.00101 -0.38548 0.92272
vn -0.00057 -0.32147 0.94692
vn -0.00172 -0.28927 0.95725
vn 0.00071 -0.23045 0.97308
vn 0.0001 -0.07628 0.99709
vn -0.00178 -0.55201 0.83384
vn -0.00142 -0.54449 0.83877
vn 0.00067 -0.47851 0.87808
vn -0.00023 -0.74367 0.66854
vn 0.001 -0.72269 0.69117
vn 0.00084 -0.61497 0.78855
vn 0.0006 -0.93086 0.36538
vn -8E-05 -0.91025 0.41407
vn -0.00158 -0.88703 0.4617
vn 0.00145 -0.85263 0.52251
vn 0.00065 -0.78817 0.61546
vn 0.0007 -0.95328 0.30207
vn -0.002 -0.98161 0.19087
vn -0.00217 -0.98109 0.19355
vn 0 -0.99962 0.02748
vn 0.00061 -0.9993 0.03734
vn -0.00021 -0.9936 0.11297
vn -0 -0.0575 0.99835
vn -2E-05 -0.05767 0.99834
vn -0.00155 -0.28927 0.95725
vn -0.00071 -0.27912 0.96026
vn -0.00168 -0.55201 0.83384
vn -0.00084 -0.54283 0.83984
vn -0.00126 -0.74367 0.66854
vn -0.00103 -0.74077 0.67176
vn -0.00124 -0.88703 0.46171
vn -0.00108 -0.88599 0.46371
vn -0.00063 -0.98161 0.19088
vn -0.00083 -0.98207 0.18849
vn -0.00011 -0.99957 0.02922
vn 0.10453 0.99452 -0
vn 0.10448 0.99413 0.02816
vn 0.10419 0.99416 0.02796
vn 0.10471 0.98433 0.14185
vn 0.10394 0.98433 0.14244
vn 0.10455 0.95846 0.26536
vn 0.10586 0.95899 0.26293
vn 0.10076 0.91319 0.39489
vn 0.10827 0.90982 0.40064
vn 0.10198 0.83617 0.5389
vn 0.10602 0.83223 0.54421
vn 0.10057 0.72763 0.67855
vn 0.10841 0.73155 0.67311
vn 0.10183 0.60352 0.79082
vn 0.10597 0.59818 0.79432
vn 0.10399 0.53222 0.8402
vn 0.12256 0.45156 0.88378
vn 0.10754 0.43847 0.89229
vn 0.10237 0.30914 0.94549
vn 0.10565 0.3141 0.94349
vn 0.10147 0.16677 0.98076
vn 0.1077 0.16241 0.98083
vn 0.10238 0.02706 0.99438
vn 0.10449 0.02569 0.99419
vn 0.10453 0 0.99452
vn 0.10453 0 0.99452
vn 0.10449 -0.02261 0.99427
vn 0.10417 -0.02239 0.99431
vn 0.10473 -0.137 0.98502
vn 0.10391 -0.13763 0.98502
vn 0.10456 -0.26292 0.95914
vn 0.10595 -0.26045 0.95966
vn 0.10067 -0.39571 0.91284
vn 0.10834 -0.40162 0.90937
vn 0.10194 -0.54038 0.83522
vn 0.10611 -0.54589 0.83111
vn 0.10038 -0.68039 0.72594
vn 0.1086 -0.6747 0.73006
vn 0.10181 -0.7911 0.60316
vn 0.10606 -0.79479 0.59755
vn 0.10392 -0.84049 0.53178
vn 0.12349 -0.88327 0.4523
vn 0.10766 -0.89231 0.43839
vn 0.1023 -0.94451 0.31214
vn 0.10573 -0.9424 0.31733
vn 0.10127 -0.97998 0.1714
vn 0.10787 -0.98007 0.16678
vn 0.1023 -0.99422 0.03253
vn 0.10448 -0.99404 0.03112
vn 0.10453 -0.99452 0
vn 0.10448 -0.99413 -0.02809
vn 0.10419 -0.99417 -0.02789
vn 0.10471 -0.98437 -0.14163
vn 0.10393 -0.98436 -0.14223
vn 0.10455 -0.95831 -0.26593
vn 0.10589 -0.95884 -0.26348
vn 0.10072 -0.91251 -0.39647
vn 0.1083 -0.90908 -0.40229
vn 0.10196 -0.83502 -0.54069
vn 0.10606 -0.83099 -0.54608
vn 0.10047 -0.72596 -0.68036
vn 0.10851 -0.72999 -0.67479
vn 0.10181 -0.60225 -0.79179
vn 0.10603 -0.59676 -0.79539
vn 0.10399 -0.53173 -0.84051
vn 0.12229 -0.45091 -0.88415
vn 0.10764 -0.43825 -0.89239
vn 0.10234 -0.30968 -0.94532
vn 0.10569 -0.31475 -0.94327
vn 0.10137 -0.1687 -0.98044
vn 0.10778 -0.16422 -0.98052
vn 0.10241 -0.03166 -0.99424
vn 0.10447 -0.0303 -0.99407
vn 0.10452 -0 -0.99452
vn 0.10448 0.02809 -0.99413
vn 0.10419 0.0279 -0.99417
vn 0.10472 0.14167 -0.98436
vn 0.10392 0.14228 -0.98436
vn 0.10456 0.26592 -0.95831
vn 0.1059 0.26348 -0.95884
vn 0.10073 0.39652 -0.91248
vn 0.10829 0.40231 -0.90908
vn 0.10196 0.54068 -0.83502
vn 0.10606 0.54606 -0.83101
vn 0.10049 0.68046 -0.72586
vn 0.10849 0.67492 -0.72987
vn 0.10182 0.79179 -0.60224
vn 0.10601 0.79536 -0.59679
vn 0.10399 0.84067 -0.53148
vn 0.12234 0.88431 -0.45059
vn 0.10761 0.89259 -0.43784
vn 0.10236 0.94529 -0.30975
vn 0.10567 0.94327 -0.31476
vn 0.10141 0.98047 -0.16853
vn 0.10774 0.98054 -0.16411
vn 0.10244 0.99423 -0.0317
vn 0.10448 0.99406 -0.03036
vn 0 -0.08752 0.99616
vn -0.00751 -0.08799 0.99609
vn 0.00325 -0.3448 0.93867
vn -0.01306 -0.34621 0.93807
vn 0.0116 -0.59682 0.80229
vn -0.01462 -0.59891 0.80068
vn 0.01604 -0.80888 0.58775
vn -0.01181 -0.81046 0.58568
vn 0.01357 -0.94816 0.31749
vn -0.00267 -0.94871 0.31615
vn 0.0056 -0.9971 0.07585
vn 0 -0.99715 0.07546
vn 0 -0.08704 0.99621
vn -0.00753 -0.08751 0.99613
vn 0.00319 -0.34334 0.93921
vn -0.01319 -0.34477 0.9386
vn 0.01138 -0.5947 0.80387
vn -0.01489 -0.59679 0.80226
vn 0.01576 -0.80736 0.58984
vn -0.012 -0.80893 0.58778
vn 0.01347 -0.94771 0.31885
vn -0.00274 -0.94825 0.31752
vn 0.00557 -0.99707 0.07624
vn 0 -0.99712 0.07585
vn -0 0.99616 0.08752
vn -0.00752 0.99609 0.08799
vn 0.00325 0.93867 0.34479
vn -0.01306 0.93807 0.34621
vn 0.01162 0.80229 0.59682
vn -0.01465 0.80068 0.59891
vn 0.01601 0.58773 0.8089
vn -0.01174 0.58567 0.81046
vn 0.01363 0.31749 0.94816
vn -0.00263 0.31614 0.94871
vn 0.00564 0.07585 0.9971
vn 0 0.07545 0.99715
vn -0 0.99621 0.08704
vn -0.00754 0.99613 0.08751
vn 0.0032 0.93921 0.34333
vn -0.0132 0.9386 0.34476
vn 0.01138 0.80387 0.5947
vn -0.01488 0.80226 0.5968
vn 0.01579 0.58983 0.80737
vn -0.012 0.58777 0.80894
vn 0.01346 0.31885 0.94771
vn -0.00273 0.31752 0.94825
vn 0.00557 0.07624 0.99707
vn 0 0.07585 0.99712
vn -0 0.08752 -0.99616
vn -0.00752 0.08799 -0.99609
vn 0.00325 0.34479 -0.93867
vn -0.01308 0.34621 -0.93807
vn 0.01159 0.59682 -0.80229
vn -0.01464 0.59891 -0.80068
vn 0.01602 0.80889 -0.58774
vn -0.01179 0.81046 -0.58567
vn 0.01358 0.94816 -0.31749
vn -0.00269 0.94871 -0.31615
vn 0.00558 0.9971 -0.07585
vn -0 0.99715 -0.07545
vn -0 0.08703 -0.99621
vn -0.00754 0.08751 -0.99613
vn 0.00319 0.34333 -0.93921
vn -0.0132 0.34476 -0.9386
vn 0.01138 0.5947 -0.80387
vn -0.0149 0.59679 -0.80226
vn 0.01576 0.80737 -0.58983
vn -0.012 0.80894 -0.58777
vn 0.01346 0.94771 -0.31885
vn -0.00273 0.94825 -0.31752
vn 0.00558 0.99707 -0.07624
vn -0 0.99712 -0.07585
vn 0 -0.99616 -0.08752
vn -0.00752 -0.99609 -0.08799
vn 0.00326 -0.93867 -0.34479
vn -0.01306 -0.93807 -0.34621
vn 0.01162 -0.80229 -0.59682
vn -0.01464 -0.80068 -0.59891
vn 0.01603 -0.58774 -0.80889
vn -0.01178 -0.58567 -0.81047
vn 0.01358 -0.31749 -0.94817
vn -0.00267 -0.31614 -0.94871
vn 0.00559 -0.07585 -0.9971
vn -0 -0.07545 -0.99715
vn 0 -0.99621 -0.08704
vn -0.00754 -0.99613 -0.08751
vn 0.00319 -0.93921 -0.34333
vn -0.0132 -0.9386 -0.34476
vn 0.01138 -0.80387 -0.5947
vn -0.0149 -0.80225 -0.5968
vn 0.01576 -0.58983 -0.80737
vn -0.012 -0.58777 -0.80894
vn 0.01346 -0.31885 -0.94771
vn -0.00272 -0.31751 -0.94825
vn 0.00558 -0.07624 -0.99707
vn -0 -0.07585 -0.99712
vn -0 -0.05258 -0.99862
vn -0 -0.32366 -0.94617
vn 0 -0.64305 -0.76583
vn 0 -0.88181 -0.4716
vn 0 -0.99472 -0.10266
vn 0.37139 -0 -0.92848
vn -0 0.99855 -0.05391
vn -0 0.94933 -0.31429
vn -0 0.76943 -0.63873
vn -0 0.46977 -0.88279
vn -0 0.09767 -0.99522
vn 0.37139 0.92848 -0
vn 0 0.08672 0.99623
vn 0 0.39243 0.91978
vn -0 0.67023 0.74216
vn -0 0.88114 0.47286
vn -0 0.9947 0.10277
vn 0.37139 0 0.92848
vn 0 -0.99836 0.05716
vn 0 -0.94548 0.32568
vn 0 -0.7661 0.64272
vn 0 -0.47282 0.88116
vn 0 -0.10275 0.99471
vn 0.37139 -0.92848 0
vn 1 0 -0
vn 1 0 -0
vn 1 -0 0
vn 1 0 0
vn 1 0 -0
vn 1 0 -0
vn 1 0 -0
vn 1 0 0
vn 1 0 0
vn 1 -0 0
vn 1 0 0
vn 1 0 -0
vn 1 -0 -0
vn 1 -0 -0
vn 1 0 -0
vn 1 0 -0
vn 0 0.00186 1
vn 0.00117 0 1
vn 0.00117 0 1
vn -0 -0.00186 1
vn -0.01563 -0.12181 0.99243
vn 0 -0.99934 0.03624
vn 0.19017 -0.97943 0.06753
vn 0.07796 -0.96358 0.25582
vn 3E-05 -0.97779 0.20956
vn 2E-05 -0.9914 0.13087
vn 0.30026 -0.89329 0.33448
vn 0.17096 -0.93032 0.32445
vn 0 -0.89261 0.45083
vn -0 -0.66282 0.74877
vn -1E-05 -0.73658 0.67635
vn 0.3139 -0.74546 0.58801
vn 0.10686 -0.8204 0.56171
vn 0 -0.86386 0.50374
vn 0.00196 -0.58393 0.8118
vn 0.30255 -0.50054 0.81112
vn -1E-05 -0.44026 0.89787
vn 0.23454 -0.22003 0.94688
vn 0.15103 -0.23955 0.95907
vn -1E-05 -0.35035 0.93662
vn -0 -0.0386 0.99925
vn 0.05554 -0.02961 0.99802
vn 0.0059 -0.07591 0.9971
vn 0 -1 0.00182
vn 0.00115 -1 0
vn 0.00115 -1 0
vn 0 -1 -0.00182
vn 0 -0.69523 -0.71878
vn -0 -0.03632 -0.99934
vn 0.01361 -0.0386 -0.99916
vn -2E-05 -0.32596 -0.94538
vn 0.18157 -0.25299 -0.95028
vn 0.2803 -0.21726 -0.935
vn -0 -0.16209 -0.98678
vn -0 -0.09099 -0.99585
vn 0 -0.63092 -0.77585
vn 0.14722 -0.55934 -0.81576
vn 0.30772 -0.49967 -0.80971
vn 0.10897 -0.47684 -0.87221
vn -2E-05 -0.40151 -0.91585
vn 0.24548 -0.76131 -0.60012
vn 0.24377 -0.76145 -0.60064
vn 0 -0.85894 -0.51207
vn 6E-05 -0.98053 -0.19638
vn 0.12473 -0.93685 -0.32673
vn 0.2803 -0.91402 -0.29327
vn 0 -0.89976 -0.43638
vn 0 -0.99965 -0.02641
vn 0.19584 -0.97831 -0.06745
vn 0.08 -0.99218 -0.09586
vn 6E-05 -0.98743 -0.15809
vn -0 -0.00183 -1
vn 0.00115 -0 -1
vn 0.00115 -0 -1
vn -0 0.00183 -1
vn 0 0.99934 -0.03626
vn 0.19016 0.97943 -0.06753
vn 2E-05 0.99139 -0.13091
vn 2E-05 0.97779 -0.20961
vn -1E-05 0.86306 -0.5051
vn -1E-05 0.89258 -0.45088
vn 0.17071 0.93037 -0.32446
vn 0.30896 0.89013 -0.33498
vn 0.08066 0.96294 -0.25736
vn 0.11218 0.81898 -0.56275
vn 0.31396 0.74544 -0.588
vn -1E-05 0.73654 -0.67639
vn -3E-05 0.35031 -0.93663
vn -3E-05 0.44021 -0.89789
vn 0.30251 0.50055 -0.81113
vn 0.00221 0.58384 -0.81187
vn -1E-05 0.66241 -0.74914
vn 0.00812 0.12054 -0.99268
vn 0.17385 0.2229 -0.95921
vn 0.33158 0.18773 -0.92456
vn 0.07934 0.29377 -0.95258
vn -0.01652 0.05508 -0.99835
vn 0.05367 0.03855 -0.99781
vn -0 0.01113 -0.99994
vn 0 1 -0.00182
vn 0.00115 1 -0
vn 0.00115 1 -0
vn -0 1 0.00182
vn 1E-05 0.69477 0.71923
vn 0 0.03628 0.99934
vn 0.01378 0.0386 0.99916
vn -3E-05 0.32596 0.94538
vn 0.18176 0.25291 0.95026
vn 0.28033 0.21726 0.93499
vn 0 0.16203 0.98679
vn 0 0.09094 0.99586
vn 0 0.63086 0.77589
vn 0.14748 0.55927 0.81576
vn 0.30775 0.49967 0.80971
vn 0.1087 0.47679 0.87227
vn -3E-05 0.40145 0.91588
vn 0.24012 0.76126 0.60235
vn 0.24802 0.76061 0.59997
vn 1E-05 0.85834 0.51308
vn 6E-05 0.98038 0.19711
vn 0.12936 0.93629 0.32654
vn 0.27086 0.91595 0.2961
vn 1E-05 0.89917 0.4376
vn -0 0.99964 0.02682
vn 0.1963 0.97822 0.06745
vn 0.07913 0.99218 0.09654
vn 6E-05 0.98743 0.15808
vn 0.05232 -0.02779 0.99824
vn 0.0523 -0.99808 0.03304
vn 0.05225 -0.02803 0.99824
vn 0.0521 -0.18066 0.98217
vn 0.05196 -0.18002 0.98229
vn 0.05091 -0.50924 0.85911
vn 0.05068 -0.50853 0.85955
vn 0.05071 -0.86009 0.50761
vn 0.05095 -0.86052 0.50687
vn 0.05197 -0.98185 0.18239
vn 0.05211 -0.98196 0.18176
vn 0.05226 -0.99809 0.03287
vn 0.05234 -0.99863 0
vn 0.05234 -0.99863 0
vn 0.05234 -0.99863 0
vn 0.05233 -0.99863 0
vn 0.05234 -0.99863 0
vn 0.05234 -0.99863 0
vn 0.05234 -0.99863 0
vn 0.05234 -0.99863 -0
vn 0.05234 -0.99863 0
vn 0.05231 -0.9981 -0.03241
vn 0.05199 -0.11782 -0.99167
vn 0.05116 -0.116 -0.99193
vn 0.05097 -0.52905 -0.84706
vn 0.05078 -0.52961 -0.84672
vn 0.05075 -0.86653 -0.49653
vn 0.05101 -0.86607 -0.49731
vn 0.05199 -0.98266 -0.17796
vn 0.05211 -0.98255 -0.17856
vn 0.05226 -0.9981 -0.03259
vn 0.05234 -0 -0.99863
vn 0.05234 -0 -0.99863
vn 0.05234 -0 -0.99863
vn 0.05234 0 -0.99863
vn 0.05234 -0 -0.99863
vn 0.05234 -0 -0.99863
vn 0.05233 -0 -0.99863
vn 0.05234 -0 -0.99863
vn 0.05234 0 -0.99863
vn 0.05231 0.03338 -0.99807
vn 0.0523 0.99809 -0.03301
vn 0.05226 0.99809 -0.03284
vn 0.05211 0.98196 -0.18177
vn 0.05197 0.98185 -0.18241
vn 0.05094 0.86008 -0.50762
vn 0.05071 0.85967 -0.50833
vn 0.05069 0.50885 -0.85936
vn 0.05094 0.5096 -0.8589
vn 0.05197 0.18376 -0.9816
vn 0.0521 0.18438 -0.98147
vn 0.05225 0.03357 -0.99807
vn 0.05234 0.99863 -0
vn 0.05234 0.99863 -0
vn 0.05234 0.99863 -0
vn 0.05233 0.99863 -0
vn 0.05234 0.99863 -0
vn 0.05234 0.99863 -0
vn 0.05234 0.99863 -0
vn 0.05234 0.99863 0
vn 0.05234 0.99863 -0
vn 0.05231 0.99821 0.02895
vn 0.05117 0.99813 0.03358
vn 0.05388 0.98694 0.15179
vn 0.04842 0.98168 0.18427
vn 0.05232 0.96085 0.27208
vn 0.03422 0.86006 0.50905
vn 0.03437 0.86052 0.50826
vn 0.05206 0.91752 0.39427
vn 0.03345 0.46866 0.88275
vn 0.04959 0.63036 0.77472
vn 0.05231 0.68226 0.72923
vn 0.05199 0.78316 0.61965
vn 0.04563 0.50859 0.8598
vn 0.05531 0.17905 0.98228
vn 0.04914 0.20539 0.97744
vn 0.05232 0.02759 0.99825
vn 0.04926 0.01626 0.99865
vn 0.05285 0.0723 0.99598
vn 0.05234 0 0.99863
vn 0.05234 -0 0.99863
vn 0.05234 0 0.99863
vn 0.05234 0 0.99863
vn 0.05234 0 0.99863
vn 0.05234 -0 0.99863
vn 0.05234 0 0.99863
vn -0.17205 -0 0.98509
vn -0.1719 -0 0.98511
vn -0.17194 -0.98511 0.00189
vn -0.17242 -0.98502 0.0022
vn -0.17234 -0.00197 0.98504
vn -0.17205 -0.00217 0.98509
vn -0.30907 -0.22427 0.92422
vn 0.35143 -0.92534 0.14226
vn -0.49328 -0.86921 0.03384
vn -0.17217 -0.98484 0.02102
vn -0.25509 -0.7764 0.57631
vn -0.25576 -0.83035 0.49507
vn 0.18129 -0.91568 0.35869
vn -0.1714 -0.93581 0.30803
vn -0.24446 -0.92783 0.28172
vn -0.25724 -0.92845 0.26796
vn -0.26253 -0.94966 0.17092
vn -0.25583 -0.67989 0.68724
vn 0.35458 -0.20177 0.91299
vn -0.56691 -0.29226 0.77019
vn 0.35489 -0.40248 0.84384
vn -0.56756 -0.42299 0.70637
vn 0.07729 -0.58626 0.80643
vn 0.04585 -0.59029 0.80589
vn -0.25631 -0.60198 0.75625
vn 0.60415 -0.03685 0.79601
vn -0.28389 -0.12076 0.95122
vn -0.42487 -0.18073 0.88703
vn -0.1723 -0.02921 0.98461
vn -0.46066 -0.05072 0.88613
vn -0.34475 -0.07127 0.93598
vn -0.07671 -0.12141 0.98963
vn -0.09996 -0.65945 0.74507
vn 0.06399 -0.58275 0.81013
vn 0.15974 -0.58046 0.79847
vn -0.29662 -0.42061 0.85738
vn -0.48096 -0.37594 0.79205
vn -0.05695 -0.3498 0.93509
vn -0.17126 -0.23896 0.95581
vn 0.69957 -0.54215 0.46549
vn -0.72627 -0.52154 0.4478
vn -0.26727 -0.70964 0.6519
vn -0.46553 -0.79006 0.39885
vn -0.08753 -0.86053 0.50182
vn -0.08751 -0.82193 0.56283
vn 0.11081 -0.88839 0.44552
vn 0.67022 -0.67829 0.30121
vn -0.77009 -0.58313 0.25868
vn -0.08663 -0.93308 0.34908
vn 0.15093 -0.9879 0.03582
vn -0.43675 -0.89185 0.11768
vn -0.68944 -0.71592 0.11015
vn -0.26065 -0.94396 0.20248
vn -0.08686 -0.96288 0.25557
vn -0.17209 -0.98508 -0
vn -0.17194 -0.98511 -0
vn -0.17232 -0.98504 -0.00194
vn -0.17209 -0.98508 -0.0021
vn -0.17172 -0.02122 -0.98492
vn -0.38512 -0.02985 -0.92238
vn -0.08535 -0.10679 -0.99061
vn 0.55968 -0.12654 -0.81899
vn 0.05455 -0.18697 -0.98085
vn 0.67753 -0.29976 -0.67164
vn -0.25659 -0.32708 -0.90949
vn -0.25704 -0.24589 -0.9346
vn 0.07371 -0.60952 -0.78933
vn -0.25732 -0.5295 -0.80834
vn -0.25674 -0.45222 -0.85415
vn -0.42514 -0.70438 -0.56842
vn 0.04154 -0.79494 -0.60527
vn -0.4739 -0.77595 -0.41631
vn -0.24122 -0.86275 -0.44439
vn -0.26691 -0.90952 -0.31864
vn 0.03232 -0.99841 -0.04612
vn -0.25661 -0.9588 -0.12189
vn -0.25617 -0.94714 -0.19315
vn -0.08661 -0.98372 -0.15745
vn -0.08653 -0.99164 -0.09571
vn -0.50465 -0.86165 -0.05376
vn -0.17229 -0.9847 -0.02604
vn 0.64029 -0.74167 -0.19986
vn -0.71605 -0.67403 -0.18154
vn -0.31364 -0.93104 -0.18654
vn -0.10439 -0.69149 -0.71481
vn -0.045 -0.78453 -0.61846
vn -0.33458 -0.74952 -0.57121
vn 0.00064 -0.85894 -0.51207
vn -0.35697 -0.83042 -0.42775
vn -0.12255 -0.89296 -0.43313
vn -0.01404 -0.95208 -0.30551
vn -0.13912 -0.67882 -0.721
vn 0.49927 -0.54884 -0.67045
vn -0.66494 -0.47463 -0.5767
vn -0.62394 -0.49337 -0.60604
vn -0.08662 -0.32463 -0.94187
vn -0.74574 -0.26779 -0.61005
vn -0.76736 -0.26015 -0.58607
vn -0.08935 -0.47776 -0.87393
vn -0.0895 -0.5633 -0.82139
vn 0.15069 -0.0359 -0.98793
vn -0.20798 -0.08904 -0.97407
vn -0.57575 -0.12495 -0.80803
vn -0.42093 -0.14707 -0.89509
vn -0.08669 -0.2562 -0.96273
vn -0.17162 -0.00187 -0.98516
vn -0.17195 -0.0021 -0.9851
vn -0.17179 0 -0.98513
vn -0.17162 0 -0.98516
vn -0.17194 0.0019 -0.98511
vn -0.17179 0.002 -0.98513
vn -0.17194 0.01097 -0.98505
vn -0.29184 0.90027 -0.32303
vn -0.21103 0.95942 -0.18705
vn 0.50454 0.85305 -0.13323
vn -0.6085 0.79264 -0.03808
vn -0.17172 0.98491 -0.02162
vn 0.46512 0.6716 -0.57673
vn -0.25518 0.80164 -0.54061
vn -0.2549 0.84541 -0.46937
vn -0.57272 0.51407 -0.63853
vn -0.03781 0.58857 -0.80757
vn -0.47479 0.41652 -0.7753
vn -0.24485 0.44462 -0.8616
vn -0.2637 0.31937 -0.9102
vn 0.04156 0.04611 -0.99807
vn -0.25655 0.12212 -0.95879
vn -0.25611 0.19377 -0.94703
vn -0.35843 0.05141 -0.93214
vn -0.40535 0.05372 -0.91258
vn -0.08615 0.12011 -0.98901
vn 0.64013 0.20043 -0.74166
vn -0.7562 0.17063 -0.63171
vn -0.08604 0.19827 -0.97636
vn -0.09694 0.65924 -0.74566
vn 0.05291 0.58303 -0.81072
vn 0.17463 0.57993 -0.79573
vn -0.30815 0.41896 -0.85412
vn 0.05371 0.45788 -0.88739
vn -0.14547 0.34662 -0.92666
vn -0.53233 0.24947 -0.80894
vn 0.48169 0.6643 -0.57157
vn -0.71266 0.53176 -0.45754
vn -0.25395 0.71226 -0.65437
vn -0.48883 0.77875 -0.39318
vn -0.08736 0.85975 -0.50318
vn -0.08735 0.821 -0.56421
vn 0.57819 0.74076 -0.34202
vn 0.67198 0.67588 -0.3027
vn -0.77253 0.57961 -0.25932
vn -0.08641 0.93252 -0.35062
vn 0.14433 0.98888 -0.03588
vn -0.41761 0.90081 -0.11889
vn -0.69608 0.70935 -0.11088
vn -0.28164 0.93817 -0.20129
vn -0.08662 0.96248 -0.25715
vn -0.17161 0.98516 -0.00187
vn -0.17196 0.9851 -0.0021
vn -0.17174 0.98514 0
vn -0.17161 0.98516 0
vn -0.17196 0.9851 0.00189
vn -0.17174 0.98514 0.00204
vn -0.08466 0.02549 0.99608
vn -0.40741 0.63469 0.65665
vn -0.25479 0.60324 0.75577
vn -0.26012 0.00504 0.96556
vn 0.41661 0.13883 0.89842
vn -0.37555 0.06016 0.92485
vn -0.12911 0.02541 0.9913
vn -0.17505 0.02227 0.98431
vn -0.25412 0.00918 0.96713
vn -0.25625 0.50805 0.82233
vn -0.04955 0.41744 0.90735
vn 0.28576 0.38973 0.87547
vn -0.25668 0.28279 0.9242
vn -0.25561 0.17626 0.95058
vn 0.27094 0.96184 0.03819
vn -0.08653 0.98373 0.15745
vn -0.08645 0.99158 0.09639
vn -0.50489 0.86151 0.05375
vn -0.17193 0.98475 0.02645
vn -0.31766 0.92959 0.18698
vn -0.71911 0.67098 0.18072
vn 0.01402 0.95142 0.30759
vn -0.13685 0.89069 0.43352
vn -0.35714 0.83036 0.42773
vn 0.00788 0.85832 0.51306
vn 0.24175 0.76094 0.6021
vn -0.28607 0.77479 0.56379
vn -0.36175 0.75382 0.54853
vn -0.16084 0.87743 0.45194
vn -0.70283 0.64843 0.29251
vn 0.57842 0.78765 0.21224
vn -0.25547 0.9437 0.21015
vn -0.25617 0.96002 0.11287
vn -0.68126 0.57924 0.44761
vn 0.53348 0.55118 0.64156
vn -0.78808 0.40115 0.46692
vn -0.63059 0.48995 0.60192
vn -0.08666 0.32463 0.94186
vn -0.74554 0.26785 0.61027
vn -0.77122 0.25872 0.58162
vn -0.08727 0.47779 0.87413
vn -0.08736 0.56335 0.82159
vn 0.15029 0.03587 0.98799
vn -0.20785 0.089 0.9741
vn -0.57614 0.1249 0.80775
vn -0.42207 0.14694 0.89457
vn -0.08674 0.25614 0.96274
vn -0.26014 0.00336 0.96557
vn -0.25943 0.00257 0.96576
vn -0.25808 0.00191 0.96612
vn -0.1719 0.00192 0.98511
vn -0.08547 -0.05528 0.99481
vn -0.24401 -0.00335 0.96977
vn -0.10307 0.16662 -0.98062
vn -0.10761 0.22125 -0.96926
vn -0.10437 0.38058 -0.91884
vn -0.10265 0.59367 -0.79814
vn -0.10579 0.61998 -0.77746
vn -0.09856 0.87631 -0.47156
vn -0.10337 0.89614 -0.43156
vn -0.10035 0.99495 -0
vn -0.10253 0.87595 0.47137
vn -0.09674 0.89674 0.43185
vn -0.10563 0.59348 0.79789
vn -0.10193 0.62024 0.77776
vn -0.10437 0.38064 0.91882
vn -0.10761 0.22122 0.96927
vn -0.10307 0.1666 0.98062
vn -0.10453 -0.99452 0
vn -0.10453 0.99452 -0
vn -0.10307 -0.1666 0.98062
vn -0.10761 -0.22122 0.96927
vn -0.10437 -0.38064 0.91882
vn -0.10265 -0.59367 0.79814
vn -0.10579 -0.61999 0.77744
vn -0.09856 -0.87631 0.47156
vn -0.10337 -0.89614 0.43156
vn -0.10035 -0.99495 0
vn -0.10253 -0.87596 -0.47137
vn -0.09674 -0.89674 -0.43185
vn -0.10563 -0.59348 -0.79789
vn -0.10194 -0.62023 -0.77777
vn -0.10437 -0.38058 -0.91884
vn -0.10761 -0.22125 -0.96926
vn -0.10307 -0.16662 -0.98062
vn -0.33872 -0 0.94089
vn -0.33872 -0 0.94089
vn -0.33872 -0.00203 0.94089
vn -0.33945 -0.01446 0.94051
vn -0.33 -0.04348 0.94298
vn -0.35546 -0.11782 0.92724
vn -0.34616 -0.09503 0.93335
vn -0.33331 -0.18819 0.92384
vn -0.34344 -0.24033 0.90791
vn -0.33062 -0.3347 0.88242
vn -0.33212 -0.3397 0.87994
vn -0.34081 -0.41097 0.84555
vn -0.33217 -0.4847 0.80915
vn -0.33707 -0.4994 0.79811
vn -0.33885 -0.55584 0.75909
vn -0.34042 -0.60558 0.7193
vn -0.34753 -0.58396 0.73363
vn -0.3336 -0.66302 0.67016
vn -0.33467 -0.66805 0.66461
vn -0.33982 -0.69688 0.63158
vn -0.33509 -0.75655 0.56155
vn -0.34566 -0.77615 0.52736
vn -0.3386 -0.9003 0.27353
vn -0.33907 -0.89346 0.29455
vn -0.34154 -0.88136 0.32644
vn -0.33846 -0.87606 0.34346
vn -0.33844 -0.84416 0.41575
vn -0.3372 -0.84155 0.42201
vn -0.33944 -0.80792 0.48172
vn -0.33886 -0.90401 0.26065
vn -0.34065 -0.92244 0.18181
vn -0.33402 -0.92766 0.16696
vn -0.34136 -0.93922 0.03658
vn -0.34068 -0.93943 0.03766
vn -0.33872 -0.94089 0.00209
vn -0.33872 -0.94089 -0
vn -0.33872 -0.94089 -0
vn -0.33872 -0.94089 -0.00201
vn -0.33945 -0.94051 -0.01446
vn -0.32999 -0.94298 -0.0435
vn -0.35552 -0.92719 -0.11801
vn -0.34612 -0.93336 -0.09503
vn -0.33333 -0.92379 -0.18843
vn -0.34344 -0.9079 -0.24034
vn -0.33412 -0.88952 -0.31165
vn -0.33871 -0.87775 -0.33886
vn -0.33713 -0.8296 -0.4451
vn -0.3226 -0.85131 -0.41377
vn -0.34124 -0.79683 -0.49861
vn -0.33247 -0.73394 -0.59228
vn -0.3386 -0.7198 -0.606
vn -0.33862 -0.66358 -0.66709
vn -0.33769 -0.64517 -0.68536
vn -0.33976 -0.63159 -0.69689
vn -0.33641 -0.57543 -0.74546
vn -0.34705 -0.52707 -0.77573
vn -0.34599 -0.18142 -0.92053
vn -0.33955 -0.23929 -0.90964
vn -0.3356 -0.32719 -0.88336
vn -0.3382 -0.31856 -0.88552
vn -0.33831 -0.41578 -0.8442
vn -0.33306 -0.44118 -0.83333
vn -0.34403 -0.51448 -0.78547
vn -0.33872 -0.0021 -0.94089
vn -0.34031 -0.03041 -0.93982
vn -0.34452 -0.0376 -0.93802
vn -0.3369 -0.10119 -0.93609
vn -0.3439 -0.17539 -0.92248
vn -0.33872 0 -0.94089
vn -0.33872 0 -0.94089
vn -0.33872 0.002 -0.94089
vn -0.33945 0.01444 -0.94051
vn -0.33 0.04347 -0.94298
vn -0.35559 0.11821 -0.92714
vn -0.34606 0.09501 -0.93339
vn -0.33335 0.18902 -0.92366
vn -0.34352 0.24088 -0.90773
vn -0.33414 0.31207 -0.88936
vn -0.33869 0.33942 -0.87754
vn -0.33716 0.44556 -0.82934
vn -0.32237 0.41381 -0.85137
vn -0.3412 0.49862 -0.79684
vn -0.33273 0.59141 -0.73452
vn -0.33907 0.6059 -0.71966
vn -0.33854 0.66715 -0.66356
vn -0.33509 0.71498 -0.61361
vn -0.32719 0.70022 -0.63454
vn -0.34674 0.77768 -0.5244
vn -0.34587 0.77603 -0.52741
vn -0.33538 0.82367 -0.45726
vn -0.34261 0.85284 -0.39405
vn -0.33843 0.84412 -0.41584
vn -0.33797 0.88583 -0.31792
vn -0.3351 0.88352 -0.32726
vn -0.34112 0.92266 -0.17984
vn -0.34027 0.92257 -0.18186
vn -0.33589 0.94082 -0.04518
vn -0.34068 0.93943 -0.03767
vn -0.33872 0.94089 -0.0021
vn -0.33872 0.94089 0
vn -0.33872 0.94089 0
vn -0.33872 0.94089 0.00202
vn -0.34026 0.93986 0.02959
vn -0.33871 -0.0037 0.94088
vn -0.3387 -0.00497 0.94088
vn -0.33871 0.00174 0.94089
vn -0.33871 0.00157 0.94089
vn -0.33871 0.00259 0.94089
vn -0.33871 0.00237 0.94089
vn -0.33871 0.00364 0.94088
vn -0.33872 0.00442 0.94088
vn -0.33871 0.00491 0.94088
vn -0.33871 0.00893 0.94085
vn -0.33871 0.00897 0.94085
vn -0.3387 0.02129 0.94065
vn -0.3387 0.02132 0.94065
vn -0.33857 0.06108 0.93896
vn -0.3385 0.06084 0.939
vn -0.3387 0.10657 0.93484
vn -0.33344 0.17188 0.92697
vn -0.34281 0.19529 0.91888
vn -0.32804 0.58931 0.73831
vn -0.3468 0.54037 0.76664
vn -0.34092 0.49412 0.79976
vn -0.32662 0.37318 0.86837
vn -0.33871 0.39325 0.85477
vn -0.3384 0.27533 0.89982
vn -0.32397 0.7486 0.57849
vn -0.33847 0.71248 0.61467
vn -0.33835 0.6459 0.68435
vn -0.30344 0.89933 0.31483
vn -0.33432 0.84161 0.42417
vn -0.34204 0.79135 0.50673
vn -0.35583 0.85189 0.38429
vn -0.33025 0.92133 0.20517
vn -0.3459 0.92706 0.14463
vn -0.33979 0.93407 0.10982
vn -0.336 0.94112 0.03737
vn -0.10453 -0 -0.99452
vn -0.10453 0 -0.99452
vn -0.10454 -0 -0.99452
vn -0.10453 -0 -0.99452
vn -0.10453 -0 -0.99452
vn -0.10453 0 0.99452
vn -0.10453 0 0.99452
vn -0.10453 0 0.99452
vn -0.10453 -0 0.99452
vn -0.10452 0 0.99452
vn -0.45568 -0 0.89014
vn -0.55661 -0.00028 0.83077
vn -0.61965 -0.00011 0.78488
vn -0.78788 0.00012 0.61583
vn -0.84656 -0.00012 0.5323
vn -0.94852 0.00011 0.31672
vn -0.9702 0.00028 0.24229
vn -0.99179 -0 0.12787
vn -0.9485 -0.00664 0.31671
vn -0.47342 -0.38508 0.7922
vn -0.7289 -0.24627 0.6388
vn -0.73284 -0.24403 0.63513
vn -0.35784 -0.23892 0.9027
vn -0.61686 -0.10505 0.78003
vn -0.32037 -0.09597 0.94242
vn -0.53847 -0.01327 0.84254
vn -0.4732 -0.46739 0.74674
vn -0.75196 -0.39363 0.52879
vn -0.47912 -0.56539 0.6714
vn -0.72705 -0.55075 0.40998
vn -0.48545 -0.64773 0.58718
vn -0.47206 -0.62494 0.62178
vn -0.72192 -0.64594 0.2482
vn -0.47281 -0.79048 0.38936
vn -0.47368 -0.7284 0.49503
vn -0.55406 -0.8324 0.01175
vn -0.24391 -0.96902 0.03876
vn -0.65899 -0.74542 0.10039
vn -0.25209 -0.9494 0.18731
vn -0.66649 -0.69921 0.25864
vn -0.99145 -0.13044 0.00256
vn -0.98856 -0.15076 0.00423
vn -0.98724 -0.1578 0.02121
vn -0.97639 -0.20166 0.07748
vn -0.99119 -0.12539 0.04273
vn -0.98686 -0.16018 0.02137
vn -0.95692 -0.23291 0.17335
vn -0.98984 -0.11946 0.07713
vn -0.98988 -0.12662 0.06405
vn -0.97393 -0.13545 0.18199
vn -0.98947 -0.09882 0.10574
vn -0.98943 -0.10936 0.0952
vn -0.99178 -0.00405 0.12787
vn -0.99239 -0.00429 0.12303
vn -0.9784 -0.02754 0.20488
vn -0.99327 -0.02191 0.11372
vn -0.9758 -0.07842 0.20411
vn -0.98876 -0.05747 0.13805
vn -0.9908 -0.07656 0.11162
vn -0.55657 -0.01148 0.83072
vn -0.71607 -0.01851 0.69778
vn -0.71519 -0.09328 0.69268
vn -0.71441 -0.09331 0.69348
vn -0.71314 -0.25143 0.65438
vn -0.71313 -0.25143 0.65439
vn -0.71283 -0.41878 0.56257
vn -0.71253 -0.41894 0.56284
vn -0.71253 -0.56282 0.41897
vn -0.7128 -0.56262 0.41878
vn -0.71309 -0.65442 0.25146
vn -0.71314 -0.65438 0.25143
vn -0.71442 -0.69345 0.09339
vn -0.71519 -0.69269 0.0932
vn -0.71606 -0.69779 0.0185
vn -0.84429 -0.53583 0.0083
vn -0.84653 -0.00849 0.53228
vn -0.89985 -0.01236 0.43602
vn -0.89941 -0.05829 0.4332
vn -0.89903 -0.05833 0.43399
vn -0.8984 -0.15751 0.40996
vn -0.89836 -0.15754 0.41003
vn -0.89822 -0.26245 0.35259
vn -0.89808 -0.2626 0.35284
vn -0.89808 -0.35283 0.26263
vn -0.89823 -0.35259 0.26242
vn -0.89837 -0.41001 0.15754
vn -0.8984 -0.40997 0.15752
vn -0.89903 -0.43398 0.05839
vn -0.89941 -0.43322 0.05823
vn -0.89984 -0.43604 0.01232
vn -0.9477 -0.3191 0.00671
vn -0.55661 -0.83077 -0
vn -0.55409 -0.83246 -1E-05
vn -0.84431 -0.53585 1E-05
vn -0.99146 -0.13044 0
vn -0.99179 -0.12788 1E-05
vn -0.94772 -0.31911 -0
vn -0.94853 -0.31669 0
vn -0.84656 -0.53229 0
vn -0.94851 -0.31668 -0.00664
vn -0.47344 -0.79219 -0.38508
vn -0.72889 -0.6388 -0.24628
vn -0.73286 -0.63511 -0.24402
vn -0.35781 -0.90271 -0.23894
vn -0.61684 -0.78005 -0.10505
vn -0.32043 -0.9424 -0.09598
vn -0.53848 -0.84253 -0.01327
vn -0.47322 -0.74674 -0.46738
vn -0.75197 -0.52877 -0.39362
vn -0.47915 -0.67139 -0.56538
vn -0.72705 -0.40998 -0.55074
vn -0.48546 -0.58718 -0.64773
vn -0.47208 -0.62173 -0.62497
vn -0.72191 -0.2482 -0.64595
vn -0.4728 -0.38936 -0.79048
vn -0.47371 -0.49503 -0.72839
vn -0.55406 -0.01175 -0.83239
vn -0.2439 -0.03876 -0.96903
vn -0.65899 -0.10039 -0.74542
vn -0.25208 -0.18731 -0.9494
vn -0.6665 -0.25864 -0.6992
vn -0.99145 -0.00256 -0.13044
vn -0.98856 -0.00423 -0.15076
vn -0.98725 -0.02121 -0.15779
vn -0.97638 -0.07749 -0.20167
vn -0.99119 -0.04273 -0.12539
vn -0.98686 -0.02137 -0.16018
vn -0.95693 -0.17334 -0.23291
vn -0.98984 -0.07713 -0.11946
vn -0.98988 -0.06405 -0.12662
vn -0.97393 -0.18199 -0.13544
vn -0.98947 -0.10574 -0.09882
vn -0.98943 -0.0952 -0.10936
vn -0.99178 -0.12787 -0.00405
vn -0.99239 -0.12303 -0.00429
vn -0.9784 -0.20488 -0.02754
vn -0.99327 -0.11372 -0.02191
vn -0.9758 -0.20411 -0.07842
vn -0.98876 -0.13806 -0.05747
vn -0.9908 -0.11162 -0.07656
vn -0.55657 -0.83072 -0.01148
vn -0.71607 -0.69778 -0.01852
vn -0.71519 -0.69268 -0.09328
vn -0.71442 -0.69347 -0.09331
vn -0.71315 -0.65437 -0.25143
vn -0.71311 -0.65442 -0.25144
vn -0.71281 -0.56259 -0.4188
vn -0.71252 -0.56285 -0.41895
vn -0.71251 -0.41898 -0.56283
vn -0.71281 -0.41878 -0.56261
vn -0.7131 -0.25145 -0.65442
vn -0.71314 -0.25143 -0.65438
vn -0.71442 -0.09339 -0.69345
vn -0.71519 -0.0932 -0.69269
vn -0.71606 -0.0185 -0.69779
vn -0.84367 -0.00836 -0.53679
vn -0.84653 -0.53227 -0.0085
vn -0.89985 -0.43603 -0.01236
vn -0.89941 -0.43321 -0.05829
vn -0.89902 -0.434 -0.05833
vn -0.8984 -0.40997 -0.15752
vn -0.89837 -0.41002 -0.15753
vn -0.89823 -0.35258 -0.26244
vn -0.89808 -0.35284 -0.2626
vn -0.89808 -0.26262 -0.35282
vn -0.89823 -0.26241 -0.35258
vn -0.89838 -0.15754 -0.41
vn -0.89839 -0.15752 -0.40997
vn -0.89902 -0.05839 -0.43399
vn -0.89941 -0.05822 -0.43321
vn -0.89985 -0.01235 -0.43603
vn -0.94733 -0.00673 -0.3202
vn -0.55664 0 -0.83075
vn -0.55409 1E-05 -0.83246
vn -0.8437 -2E-05 -0.53682
vn -0.99146 0 -0.13044
vn -0.99179 -1E-05 -0.12789
vn -0.94735 0 -0.32021
vn -0.94815 -0 -0.31782
vn -0.84593 -0 -0.5333
vn -0.94813 0.00666 -0.31782
vn -0.47344 0.38509 -0.79219
vn -0.72762 0.24717 -0.6399
vn -0.73378 0.24367 -0.63418
vn -0.35604 0.23965 -0.90322
vn -0.61692 0.10504 -0.77999
vn -0.32032 0.09595 -0.94244
vn -0.53858 0.01326 -0.84247
vn -0.47322 0.46739 -0.74673
vn -0.75198 0.39361 -0.52876
vn -0.47913 0.5654 -0.67139
vn -0.727 0.55079 -0.41001
vn -0.48567 0.64766 -0.58708
vn -0.47209 0.62501 -0.62169
vn -0.7219 0.64596 -0.2482
vn -0.47243 0.79062 -0.38953
vn -0.47451 0.72797 -0.49487
vn -0.55406 0.8324 -0.01175
vn -0.24372 0.96907 -0.03877
vn -0.65903 0.74539 -0.10038
vn -0.25208 0.9494 -0.18734
vn -0.6665 0.6992 -0.25864
vn -0.99145 0.13044 -0.00256
vn -0.98857 0.15072 -0.00423
vn -0.98724 0.15782 -0.02121
vn -0.97637 0.20173 -0.07751
vn -0.99118 0.12544 -0.04274
vn -0.98687 0.16007 -0.02137
vn -0.95691 0.23294 -0.17337
vn -0.98984 0.11946 -0.07712
vn -0.98988 0.12661 -0.06405
vn -0.97395 0.13538 -0.1819
vn -0.98947 0.09881 -0.10574
vn -0.98943 0.10936 -0.09519
vn -0.99178 0.00405 -0.12789
vn -0.99239 0.00429 -0.12306
vn -0.9784 0.02754 -0.20488
vn -0.99327 0.0219 -0.11374
vn -0.97583 0.07838 -0.20399
vn -0.98876 0.05745 -0.13801
vn -0.99079 0.07658 -0.11163
vn -0.5566 0.01148 -0.8307
vn -0.71607 0.01851 -0.69778
vn -0.71519 0.09328 -0.69268
vn -0.71443 0.09331 -0.69346
vn -0.71315 0.25143 -0.65437
vn -0.7131 0.25144 -0.65442
vn -0.7128 0.4188 -0.5626
vn -0.71251 0.41896 -0.56286
vn -0.71251 0.56284 -0.41898
vn -0.71281 0.56261 -0.41877
vn -0.71311 0.65441 -0.25145
vn -0.71315 0.65437 -0.25143
vn -0.71443 0.69345 -0.09339
vn -0.7152 0.69268 -0.0932
vn -0.71607 0.69778 -0.0185
vn -0.84429 0.53583 -0.0083
vn -0.8459 0.00855 -0.53328
vn -0.89985 0.0124 -0.43602
vn -0.89941 0.05829 -0.4332
vn -0.89903 0.05833 -0.43399
vn -0.8984 0.15751 -0.40996
vn -0.89838 0.15753 -0.41
vn -0.89824 0.26243 -0.35257
vn -0.89809 0.26259 -0.35283
vn -0.89809 0.35281 -0.26261
vn -0.89824 0.35258 -0.26241
vn -0.89838 0.41 -0.15753
vn -0.8984 0.40995 -0.15751
vn -0.89903 0.43397 -0.05839
vn -0.89941 0.43321 -0.05822
vn -0.89985 0.43603 -0.01232
vn -0.9477 0.3191 -0.00671
vn -0.55661 0.83077 0
vn -0.55409 0.83246 1E-05
vn -0.84431 0.53585 -1E-05
vn -0.99146 0.13044 0
vn -0.99179 0.12788 -1E-05
vn -0.94772 0.31911 0
vn -0.94853 0.31669 -0
vn -0.84656 0.53229 -0
vn -0.94851 0.31668 0.00666
vn -0.98738 0.0211 0.15698
vn -0.61956 0.01707 0.78476
vn -0.36584 0.93022 0.02928
vn -0.61317 0.78289 0.10543
vn -0.4499 0.88241 0.13767
vn -0.49918 0.81783 0.2863
vn -0.69214 0.67375 0.25887
vn -0.47417 0.78622 0.39626
vn -0.47349 0.74176 0.47498
vn -0.752 0.52875 0.3936
vn -0.47337 0.66696 0.5754
vn -0.45567 -0.005 0.89013
vn -0.45668 0.00149 0.88963
vn -0.45707 0.00225 0.88943
vn -0.53247 0.01918 0.84623
vn -0.53012 0.01955 0.8477
vn -0.47064 0.00841 0.88229
vn -0.45944 0.00418 0.8882
vn -0.41429 0.05885 0.90824
vn -0.59639 0.09091 0.79753
vn -0.67142 0.09891 0.73444
vn -0.23703 0.20196 0.95028
vn -0.70459 0.25452 0.6624
vn -0.45928 0.35073 0.81612
vn -0.48957 0.52067 0.69944
vn -0.70578 0.40815 0.57905
vn -0.47421 0.6043 0.64027
vn -0.97652 0.07726 0.20108
vn -0.9913 0.04246 0.1246
vn -0.98699 0.02126 0.15937
vn -0.95692 0.17335 0.23292
vn -0.98996 0.07668 0.11875
vn -0.99 0.06367 0.12587
vn -0.97406 0.18155 0.13512
vn -0.98959 0.10514 0.09825
vn -0.98955 0.09466 0.10873
vn -0.99178 0.12787 0.00398
vn -0.99249 0.12221 0.00426
vn -0.97854 0.20421 0.02745
vn -0.99336 0.11293 0.02176
vn -0.97594 0.20354 0.0782
vn -0.98888 0.13729 0.05715
vn -0.99091 0.11094 0.07609
vn -0.55657 0.83072 0.01155
vn -0.71906 0.6947 0.01845
vn -0.71819 0.68963 0.09287
vn -0.71742 0.69042 0.09289
vn -0.71616 0.65151 0.25032
vn -0.71611 0.65155 0.25033
vn -0.71582 0.56013 0.41696
vn -0.71554 0.56037 0.41711
vn -0.71555 0.41713 0.56035
vn -0.71582 0.41694 0.56014
vn -0.71611 0.25035 0.65154
vn -0.71614 0.25034 0.65152
vn -0.71742 0.09298 0.69041
vn -0.7182 0.09279 0.68962
vn -0.71907 0.01803 0.69471
vn -0.78784 0.01044 0.61579
vn -0.84653 0.53227 0.00845
vn -0.90097 0.4337 0.01232
vn -0.90053 0.4309 0.05798
vn -0.90015 0.43169 0.05802
vn -0.89953 0.40779 0.15668
vn -0.89951 0.40783 0.15669
vn -0.89937 0.3507 0.26104
vn -0.89922 0.35097 0.26121
vn -0.89922 0.26123 0.35095
vn -0.89937 0.26103 0.35072
vn -0.89951 0.15671 0.40784
vn -0.89954 0.15668 0.40778
vn -0.90016 0.05808 0.43166
vn -0.90053 0.05792 0.43091
vn -0.90097 0.01258 0.4337
vn -0.98947 -0.00869 0.14451
vn -0.97019 0.00472 0.24228
vn -0.81528 0.097 -0.57089
vn -0.48638 0.14634 -0.86141
vn -0.266 0.36894 0.89058
vn -0.98608 0.02656 0.16413
vn -0.98662 0.02731 0.16071
vn -0.91531 0.06746 0.39706
vn -0.81778 0.058 0.5726
vn -0.4902 0.07732 0.86818
vn -0.10964 0.59322 0.79754
vn -0.25888 0.53212 0.80612
vn -0.25887 0.85058 0.45771
vn -0.25887 0.85058 0.45772
vn -0.25888 0.96591 -0
vn -0.25888 0.96591 -0
vn -0.25889 0.85057 -0.45772
vn -0.25886 0.85058 -0.45771
vn -0.26188 0.57599 -0.77437
vn -0.14728 0.5449 -0.82547
vn -0.26603 0.36888 -0.89059
vn -0.26292 0.1616 -0.95119
vn -0.26287 0.16163 -0.9512
vn -0.98604 0.02789 -0.16413
vn -0.98643 0.05299 0.15541
vn -0.98559 0.0932 0.14119
vn -0.98559 0.0932 0.14119
vn -0.98559 0.14898 0.08017
vn -0.98559 0.14898 0.08017
vn -0.98559 0.16918 0
vn -0.98559 0.14898 -0.08017
vn -0.98559 0.14898 -0.08017
vn -0.98559 0.0932 -0.14119
vn -0.98559 0.0932 -0.14119
vn -0.98604 0.02789 -0.16413
vn -0.65075 0.12719 -0.74857
vn -0.58601 0.10668 -0.80325
vn -0.58228 0.44787 -0.6785
vn -0.58229 0.44787 -0.67849
vn -0.58229 0.71591 -0.38525
vn -0.58228 0.71591 -0.38526
vn -0.58228 0.81299 -0
vn -0.58228 0.71592 0.38525
vn -0.58228 0.71592 0.38525
vn -0.58228 0.44787 0.6785
vn -0.58228 0.44787 0.6785
vn -0.58865 0.13541 0.79697
vn -0.26288 0.16162 0.95119
vn -0.26291 0.1616 0.95119
vn -0.65072 0.12719 0.74859
vn -0.85889 0.08579 0.50492
vn -0.85513 0.28559 0.43266
vn -0.85513 0.28559 0.43266
vn -0.85513 0.45651 0.24566
vn -0.85513 0.45651 0.24566
vn -0.85513 0.51842 -0
vn -0.85513 0.45651 -0.24566
vn -0.85513 0.45651 -0.24566
vn -0.85513 0.28559 -0.43266
vn -0.85513 0.28559 -0.43266
vn -0.85675 0.06168 -0.51202
vn -0.91532 0.06746 -0.39703
vn -0.98643 -0 -0.16419
vn -0.91741 -0 -0.39793
vn -0.81914 -0 -0.57359
vn -0.65608 -0 -0.75469
vn -0.49167 -0 -0.87078
vn -0.26637 -0 -0.96387
vn -0.8153 -0.09699 0.57086
vn -0.48637 -0.14636 0.8614
vn -0.10964 -0.59322 -0.79754
vn -0.26603 -0.36888 -0.89059
vn -0.26292 -0.16162 -0.95118
vn -0.25885 -0.53213 -0.80612
vn -0.25886 -0.85058 -0.45772
vn -0.25889 -0.85058 -0.45771
vn -0.25888 -0.96591 0
vn -0.25887 -0.85058 0.45772
vn -0.25887 -0.85058 0.45772
vn -0.2619 -0.57599 0.77437
vn -0.14729 -0.54489 0.82547
vn -0.266 -0.36894 0.89058
vn -0.26288 -0.16162 0.95119
vn -0.26291 -0.1616 0.95119
vn -0.98605 -0.02789 0.16412
vn -0.98605 -0.02789 0.16412
vn -0.98559 -0.0932 0.14119
vn -0.98559 -0.0932 0.14119
vn -0.98559 -0.14898 0.08017
vn -0.98559 -0.14898 0.08017
vn -0.98559 -0.16918 0
vn -0.98559 -0.14898 -0.08017
vn -0.98559 -0.14898 -0.08017
vn -0.98559 -0.0932 -0.14119
vn -0.98559 -0.0932 -0.14119
vn -0.98604 -0.02789 -0.16413
vn -0.98604 -0.02789 -0.16413
vn -0.91532 -0.06746 -0.39703
vn -0.81776 -0.05799 -0.57263
vn -0.4902 -0.07731 -0.86818
vn -0.91531 -0.06746 0.39706
vn -0.85675 -0.06168 0.51202
vn -0.85513 -0.28559 0.43266
vn -0.85513 -0.28559 0.43266
vn -0.85513 -0.45651 0.24566
vn -0.85513 -0.45651 0.24566
vn -0.85513 -0.51842 0
vn -0.85513 -0.45651 -0.24566
vn -0.85513 -0.45651 -0.24566
vn -0.85513 -0.28559 -0.43266
vn -0.85513 -0.28559 -0.43266
vn -0.85889 -0.08579 -0.50492
vn -0.65075 -0.12719 -0.74857
vn -0.65072 -0.12719 0.74859
vn -0.58602 -0.1067 0.80324
vn -0.58228 -0.44787 0.6785
vn -0.58228 -0.44787 0.6785
vn -0.58228 -0.71592 0.38525
vn -0.58228 -0.71592 0.38525
vn -0.58228 -0.81299 0
vn -0.58228 -0.71592 -0.38525
vn -0.58229 -0.71591 -0.38525
vn -0.58229 -0.44787 -0.67849
vn -0.58228 -0.44788 -0.6785
vn -0.58864 -0.1354 -0.79697
vn -0.26287 -0.1616 -0.9512
vn -0.98643 -0 0.16419
vn -0.9174 -0 0.39796
vn -0.81916 -0 0.57357
vn -0.65605 0 0.75472
vn -0.49167 0 0.87078
vn -0.26641 0 0.96386
vn -1 0 0
vn -1 -0 1E-05
vn -1 0 0
vn -1 -0 -0
vn -1 -0 -1E-05
vn -1 1E-05 -4E-05
vn -1 -0 1E-05
vn -1 -0 -0
vn -1 0 1E-05
vn -1 -0 -1E-05
vn -1 -0 0
vn -1 1E-05 1E-05
vn -1 -0 0
vn -1 -1E-05 -0
vn -1 -2E-05 3E-05
vn -1 3E-05 -1E-05
vn -1 -0 0
vn -1 0 -1E-05
vn -1 3E-05 -1E-05
vn -1 1E-05 1E-05
vn -1 -3E-05 4E-05
vn -1 0 -1E-05
vn -1 0 0
vn -1 -0 -0
vn -1 -0 -0
vn -1 1E-05 0
vn -1 -1E-05 -0
vn -1 -1E-05 -0
vn -1 0 0
vn -1 1E-05 0
vn -1 -1E-05 -1E-05
vn -1 1E-05 0
vn -1 -3E-05 0
vn -1 1E-05 -0
vn -1 0 -0
vn -1 0 1E-05
vn -1 -0 -1E-05
vn -1 0 -0
vn -1 0 1E-05
vn -1 -0.00016 -3E-05
vn -1 0.00012 2E-05
vn -1 4E-05 -0
vn -1 -1E-05 0
vn -1 0 -0
vn -1 -1E-05 0
vn -1 1E-05 -0
vn -1 -2E-05 0
f 1//1 2//1 3//1
f 3//2 2//2 4//2
f 4//3 2//3 5//3
f 4//4 5//4 6//4
f 7//5 8//5 5//5
f 5//6 8//6 9//6
f 5//7 9//7 6//7
f 10//8 11//8 12//8
f 12//9 11//9 13//9
f 12//10 13//10 14//10
f 14//11 13//11 15//11
f 14//12 15//12 16//12
f 16//13 15//13 17//13
f 16//8 17//8 18//8
f 1//14 17//14 2//14
f 2//15 17//15 15//15
f 2//16 15//16 5//16
f 5//17 15//17 13//17
f 5//18 13//18 7//18
f 7//19 13//19 11//19
f 19//20 6//20 20//20
f 20//21 6//21 9//21
f 20//22 9//22 21//22
f 21//22 9//22 8//22
f 21//23 8//23 22//23
f 22//23 8//23 7//23
f 22//24 7//24 23//24
f 23//24 7//24 11//24
f 23//25 11//25 24//25
f 11//25 10//25 24//25
f 24//26 10//26 12//26
f 24//27 12//27 25//27
f 25//28 12//28 14//28
f 25//29 14//29 26//29
f 26//30 14//30 16//30
f 26//31 16//31 27//31
f 27//31 16//31 18//31
f 27//32 18//32 28//32
f 28//32 18//32 17//32
f 28//33 17//33 29//33
f 29//33 17//33 1//33
f 29//34 1//34 30//34
f 30//34 1//34 3//34
f 30//35 3//35 19//35
f 19//36 3//36 4//36
f 19//37 4//37 6//37
f 21//38 31//38 20//38
f 20//39 31//39 32//39
f 20//40 32//40 19//40
f 19//41 32//41 33//41
f 19//42 33//42 30//42
f 30//43 33//43 34//43
f 30//44 34//44 29//44
f 29//45 34//45 35//45
f 29//46 35//46 28//46
f 28//47 35//47 36//47
f 28//48 36//48 27//48
f 27//49 36//49 37//49
f 27//50 37//50 26//50
f 26//51 37//51 38//51
f 26//52 38//52 25//52
f 25//53 38//53 39//53
f 25//54 39//54 24//54
f 24//55 39//55 40//55
f 24//56 40//56 23//56
f 23//57 40//57 41//57
f 23//58 41//58 22//58
f 22//59 41//59 42//59
f 22//60 42//60 21//60
f 21//61 42//61 31//61
f 38//8 43//8 39//8
f 39//8 43//8 44//8
f 39//62 44//62 40//62
f 32//8 45//8 33//8
f 33//8 45//8 46//8
f 33//8 46//8 34//8
f 34//8 46//8 47//8
f 34//8 47//8 35//8
f 44//8 48//8 40//8
f 40//8 48//8 49//8
f 40//8 49//8 41//8
f 41//8 49//8 50//8
f 41//8 50//8 42//8
f 42//8 50//8 51//8
f 42//8 51//8 31//8
f 31//8 51//8 52//8
f 31//62 52//62 32//62
f 32//62 52//62 53//62
f 32//8 53//8 45//8
f 47//8 54//8 35//8
f 35//8 54//8 55//8
f 35//8 55//8 36//8
f 36//8 55//8 56//8
f 36//62 56//62 37//62
f 37//8 56//8 57//8
f 37//8 57//8 38//8
f 38//8 57//8 58//8
f 38//8 58//8 43//8
f 59//63 43//63 60//63
f 60//64 43//64 58//64
f 60//65 58//65 61//65
f 61//66 58//66 57//66
f 61//67 57//67 62//67
f 62//68 57//68 56//68
f 62//69 56//69 63//69
f 63//70 56//70 55//70
f 63//71 55//71 64//71
f 64//72 55//72 54//72
f 64//73 54//73 65//73
f 65//74 54//74 47//74
f 65//75 47//75 66//75
f 66//76 47//76 46//76
f 66//77 46//77 67//77
f 67//78 46//78 45//78
f 67//79 45//79 68//79
f 68//80 45//80 53//80
f 68//81 53//81 69//81
f 69//82 53//82 52//82
f 69//83 52//83 70//83
f 70//84 52//84 51//84
f 70//85 51//85 71//85
f 71//86 51//86 50//86
f 71//87 50//87 72//87
f 72//88 50//88 49//88
f 72//89 49//89 73//89
f 73//90 49//90 48//90
f 73//91 48//91 74//91
f 74//92 48//92 44//92
f 74//93 44//93 59//93
f 59//94 44//94 43//94
f 75//95 64//95 76//95
f 76//96 64//96 65//96
f 76//96 65//96 77//96
f 77//97 65//97 66//97
f 77//97 66//97 78//97
f 78//98 66//98 67//98
f 78//98 67//98 79//98
f 79//99 67//99 68//99
f 79//99 68//99 80//99
f 80//100 68//100 69//100
f 80//100 69//100 81//100
f 81//101 69//101 70//101
f 81//101 70//101 82//101
f 82//102 70//102 71//102
f 82//102 71//102 83//102
f 83//103 71//103 72//103
f 83//103 72//103 84//103
f 84//104 72//104 73//104
f 84//104 73//104 85//104
f 85//105 73//105 74//105
f 85//105 74//105 86//105
f 86//106 74//106 59//106
f 86//106 59//106 87//106
f 87//107 59//107 60//107
f 87//107 60//107 88//107
f 88//108 60//108 61//108
f 88//108 61//108 89//108
f 89//109 61//109 62//109
f 89//109 62//109 90//109
f 90//110 62//110 63//110
f 90//110 63//110 75//110
f 75//95 63//95 64//95
f 91//111 92//111 93//111
f 93//112 92//112 94//112
f 93//113 94//113 95//113
f 96//114 97//114 98//114
f 98//115 97//115 99//115
f 98//116 99//116 100//116
f 101//117 102//117 103//117
f 103//118 102//118 104//118
f 103//119 104//119 105//119
f 105//120 104//120 106//120
f 105//121 106//121 107//121
f 108//122 109//122 100//122
f 100//123 109//123 110//123
f 100//124 110//124 98//124
f 111//125 112//125 108//125
f 108//126 112//126 113//126
f 108//127 113//127 109//127
f 91//128 114//128 115//128
f 115//129 114//129 116//129
f 115//130 116//130 117//130
f 117//131 116//131 118//131
f 117//132 118//132 119//132
f 119//133 118//133 120//133
f 119//134 120//134 111//134
f 111//135 120//135 121//135
f 111//136 121//136 112//136
f 122//137 123//137 124//137
f 124//138 123//138 125//138
f 124//139 125//139 126//139
f 126//140 125//140 127//140
f 126//141 127//141 128//141
f 128//142 127//142 129//142
f 128//143 129//143 130//143
f 130//144 129//144 131//144
f 102//145 132//145 104//145
f 104//146 132//146 133//146
f 104//147 133//147 106//147
f 106//148 133//148 134//148
f 106//149 134//149 107//149
f 107//150 134//150 135//150
f 107//151 135//151 136//151
f 136//152 135//152 137//152
f 136//153 137//153 138//153
f 138//154 137//154 139//154
f 138//155 139//155 140//155
f 140//156 139//156 141//156
f 140//157 141//157 122//157
f 122//158 141//158 142//158
f 122//159 142//159 123//159
f 96//160 105//160 97//160
f 97//161 105//161 107//161
f 97//162 107//162 99//162
f 99//163 107//163 136//163
f 99//164 136//164 100//164
f 100//165 136//165 138//165
f 100//166 138//166 108//166
f 108//167 138//167 140//167
f 108//168 140//168 111//168
f 111//169 140//169 122//169
f 111//170 122//170 119//170
f 119//171 122//171 124//171
f 119//172 124//172 117//172
f 117//173 124//173 126//173
f 117//174 126//174 115//174
f 115//175 126//175 128//175
f 115//176 128//176 91//176
f 91//177 128//177 130//177
f 91//178 130//178 92//178
f 92//179 130//179 131//179
f 92//180 131//180 94//180
f 83//181 143//181 82//181
f 82//182 143//182 144//182
f 82//183 144//183 81//183
f 81//184 144//184 145//184
f 81//185 145//185 80//185
f 80//186 145//186 146//186
f 80//187 146//187 79//187
f 79//188 146//188 147//188
f 79//189 147//189 78//189
f 78//190 147//190 148//190
f 78//191 148//191 77//191
f 77//192 148//192 149//192
f 77//193 149//193 76//193
f 76//194 149//194 150//194
f 76//195 150//195 75//195
f 75//196 150//196 151//196
f 75//197 151//197 90//197
f 90//198 151//198 152//198
f 90//199 152//199 89//199
f 89//200 152//200 153//200
f 89//201 153//201 88//201
f 88//202 153//202 154//202
f 88//203 154//203 87//203
f 87//204 154//204 155//204
f 87//205 155//205 86//205
f 86//206 155//206 156//206
f 86//207 156//207 85//207
f 85//208 156//208 157//208
f 85//209 157//209 84//209
f 84//210 157//210 158//210
f 84//211 158//211 83//211
f 83//212 158//212 143//212
f 159//213 110//213 109//213
f 160//214 96//214 98//214
f 159//215 161//215 110//215
f 110//216 161//216 162//216
f 110//217 162//217 98//217
f 98//218 162//218 163//218
f 98//219 163//219 160//219
f 164//220 103//220 105//220
f 160//221 165//221 96//221
f 96//222 165//222 166//222
f 96//223 166//223 105//223
f 105//224 166//224 167//224
f 105//225 167//225 164//225
f 94//226 131//226 168//226
f 131//227 129//227 168//227
f 168//228 129//228 127//228
f 168//229 127//229 169//229
f 127//230 125//230 169//230
f 169//231 125//231 123//231
f 169//232 123//232 142//232
f 142//233 141//233 169//233
f 169//234 141//234 139//234
f 169//235 139//235 137//235
f 137//236 135//236 169//236
f 169//237 135//237 134//237
f 169//238 134//238 170//238
f 170//239 134//239 133//239
f 170//240 133//240 132//240
f 164//241 171//241 103//241
f 103//242 171//242 172//242
f 103//243 172//243 101//243
f 101//244 172//244 170//244
f 101//245 170//245 102//245
f 102//246 170//246 132//246
f 94//247 168//247 95//247
f 95//248 168//248 173//248
f 95//249 173//249 93//249
f 174//250 114//250 91//250
f 173//251 175//251 93//251
f 93//252 175//252 176//252
f 93//253 176//253 91//253
f 91//254 176//254 177//254
f 91//255 177//255 174//255
f 178//256 118//256 116//256
f 174//257 179//257 114//257
f 114//258 179//258 180//258
f 114//259 180//259 116//259
f 116//260 180//260 181//260
f 116//261 181//261 178//261
f 178//262 182//262 118//262
f 118//263 182//263 183//263
f 118//264 183//264 120//264
f 120//265 183//265 184//265
f 120//266 184//266 121//266
f 121//267 184//267 185//267
f 121//268 185//268 112//268
f 112//269 185//269 186//269
f 112//270 186//270 113//270
f 113//271 186//271 187//271
f 113//272 187//272 109//272
f 109//273 187//273 188//273
f 109//274 188//274 159//274
f 154//113 189//113 155//113
f 155//113 189//113 190//113
f 155//113 190//113 156//113
f 156//117 190//117 191//117
f 156//113 191//113 157//113
f 157//113 191//113 192//113
f 157//117 192//117 158//117
f 158//117 192//117 193//117
f 158//113 193//113 143//113
f 143//117 193//117 194//117
f 143//113 194//113 144//113
f 144//113 194//113 145//113
f 145//117 194//117 195//117
f 145//113 195//113 146//113
f 195//117 196//117 146//117
f 146//113 196//113 197//113
f 146//113 197//113 147//113
f 147//113 197//113 198//113
f 147//113 198//113 148//113
f 148//113 198//113 199//113
f 148//113 199//113 149//113
f 149//113 199//113 200//113
f 149//113 200//113 150//113
f 150//113 200//113 201//113
f 150//113 201//113 151//113
f 151//117 201//117 202//117
f 151//113 202//113 152//113
f 152//113 202//113 203//113
f 152//117 203//117 153//117
f 153//113 203//113 204//113
f 153//113 204//113 154//113
f 154//117 204//117 205//117
f 154//113 205//113 189//113
f 206//275 182//275 207//275
f 207//276 182//276 178//276
f 207//277 178//277 208//277
f 208//278 178//278 181//278
f 208//279 181//279 209//279
f 209//280 181//280 180//280
f 209//281 180//281 210//281
f 210//282 180//282 179//282
f 210//283 179//283 211//283
f 211//284 179//284 174//284
f 211//285 174//285 212//285
f 213//286 188//286 214//286
f 214//287 188//287 187//287
f 214//288 187//288 215//288
f 215//289 187//289 186//289
f 215//290 186//290 216//290
f 216//290 186//290 185//290
f 216//291 185//291 217//291
f 217//292 185//292 184//292
f 217//293 184//293 206//293
f 206//294 184//294 183//294
f 206//295 183//295 182//295
f 212//296 174//296 218//296
f 218//297 174//297 177//297
f 218//298 177//298 219//298
f 219//299 177//299 176//299
f 219//300 176//300 220//300
f 220//301 176//301 175//301
f 220//302 175//302 221//302
f 221//303 175//303 173//303
f 221//304 173//304 222//304
f 222//305 173//305 168//305
f 222//306 168//306 223//306
f 223//307 168//307 169//307
f 223//308 169//308 224//308
f 224//309 169//309 170//309
f 224//310 170//310 225//310
f 225//311 170//311 172//311
f 225//312 172//312 226//312
f 226//313 172//313 171//313
f 226//314 171//314 227//314
f 227//315 171//315 164//315
f 227//316 164//316 228//316
f 228//317 164//317 167//317
f 228//318 167//318 229//318
f 229//319 167//319 166//319
f 229//320 166//320 230//320
f 230//321 166//321 165//321
f 230//322 165//322 231//322
f 231//323 165//323 160//323
f 231//324 160//324 232//324
f 232//325 160//325 163//325
f 232//326 163//326 233//326
f 233//327 163//327 162//327
f 233//328 162//328 234//328
f 234//329 162//329 161//329
f 234//330 161//330 213//330
f 213//331 161//331 159//331
f 213//332 159//332 188//332
f 189//333 205//333 235//333
f 235//334 205//334 236//334
f 235//333 237//333 189//333
f 189//335 237//335 238//335
f 189//335 238//335 190//335
f 190//336 238//336 239//336
f 190//336 239//336 191//336
f 191//337 239//337 240//337
f 191//337 240//337 192//337
f 192//338 240//338 241//338
f 192//338 241//338 193//338
f 193//339 241//339 242//339
f 193//339 242//339 194//339
f 194//340 242//340 243//340
f 194//340 243//340 195//340
f 195//341 243//341 244//341
f 195//341 244//341 196//341
f 196//342 244//342 197//342
f 197//342 244//342 245//342
f 197//343 245//343 198//343
f 205//334 204//334 236//334
f 236//344 204//344 203//344
f 236//344 203//344 246//344
f 246//345 203//345 202//345
f 246//345 202//345 247//345
f 247//346 202//346 201//346
f 247//346 201//346 248//346
f 248//347 201//347 200//347
f 248//347 200//347 249//347
f 249//348 200//348 199//348
f 249//348 199//348 250//348
f 250//349 199//349 198//349
f 250//349 198//349 251//349
f 251//343 198//343 245//343
f 252//350 253//350 215//350
f 215//351 216//351 252//351
f 252//352 216//352 217//352
f 252//353 217//353 254//353
f 254//354 217//354 206//354
f 254//355 206//355 255//355
f 206//356 207//356 255//356
f 255//357 207//357 208//357
f 255//358 208//358 256//358
f 208//359 209//359 256//359
f 256//360 209//360 210//360
f 256//361 210//361 257//361
f 210//362 211//362 257//362
f 257//363 211//363 212//363
f 257//364 212//364 258//364
f 212//365 218//365 258//365
f 258//366 218//366 219//366
f 258//367 219//367 259//367
f 223//368 260//368 222//368
f 222//369 260//369 261//369
f 222//370 261//370 221//370
f 221//371 261//371 259//371
f 221//372 259//372 220//372
f 220//373 259//373 219//373
f 262//374 260//374 223//374
f 223//375 224//375 262//375
f 262//376 224//376 225//376
f 262//377 225//377 263//377
f 263//378 225//378 226//378
f 263//379 226//379 264//379
f 226//380 227//380 264//380
f 264//381 227//381 228//381
f 264//382 228//382 265//382
f 228//383 229//383 265//383
f 265//384 229//384 230//384
f 265//385 230//385 266//385
f 230//386 231//386 266//386
f 266//387 231//387 232//387
f 266//388 232//388 267//388
f 215//389 253//389 214//389
f 214//390 253//390 268//390
f 214//391 268//391 213//391
f 213//392 268//392 269//392
f 213//393 269//393 234//393
f 234//394 269//394 267//394
f 234//395 267//395 233//395
f 233//396 267//396 232//396
f 240//8 270//8 241//8
f 241//8 270//8 271//8
f 241//8 271//8 242//8
f 242//8 271//8 272//8
f 242//8 272//8 243//8
f 273//8 274//8 238//8
f 238//8 274//8 275//8
f 238//62 275//62 239//62
f 239//8 275//8 276//8
f 239//8 276//8 240//8
f 240//8 276//8 277//8
f 240//8 277//8 270//8
f 278//8 279//8 248//8
f 248//62 279//62 280//62
f 248//8 280//8 247//8
f 247//62 280//62 281//62
f 247//8 281//8 246//8
f 246//8 281//8 282//8
f 246//62 282//62 236//62
f 236//62 282//62 283//62
f 236//8 283//8 235//8
f 235//8 283//8 273//8
f 235//8 273//8 237//8
f 237//8 273//8 238//8
f 278//8 248//8 284//8
f 284//8 248//8 249//8
f 284//8 249//8 285//8
f 285//8 249//8 250//8
f 285//8 250//8 286//8
f 286//62 250//62 251//62
f 286//8 251//8 287//8
f 251//8 245//8 287//8
f 287//8 245//8 244//8
f 287//8 244//8 288//8
f 288//8 244//8 243//8
f 288//8 243//8 289//8
f 289//8 243//8 272//8
f 290//113 252//113 291//113
f 291//113 252//113 254//113
f 291//113 254//113 292//113
f 292//117 254//117 255//117
f 292//113 255//113 293//113
f 293//113 255//113 256//113
f 293//113 256//113 294//113
f 294//117 256//117 257//117
f 294//113 257//113 295//113
f 295//113 257//113 258//113
f 295//113 258//113 296//113
f 296//113 258//113 297//113
f 297//113 258//113 259//113
f 297//113 259//113 298//113
f 298//113 259//113 261//113
f 298//113 261//113 299//113
f 299//113 261//113 260//113
f 299//113 260//113 300//113
f 300//113 260//113 262//113
f 300//113 262//113 301//113
f 301//113 262//113 263//113
f 301//113 263//113 302//113
f 302//117 263//117 264//117
f 302//113 264//113 303//113
f 303//113 264//113 265//113
f 303//113 265//113 304//113
f 304//113 265//113 266//113
f 304//113 266//113 305//113
f 305//117 266//117 267//117
f 305//113 267//113 306//113
f 306//117 267//117 269//117
f 306//113 269//113 307//113
f 307//117 269//117 268//117
f 307//117 268//117 290//117
f 290//113 268//113 253//113
f 290//113 253//113 252//113
f 270//397 308//397 309//397
f 270//398 309//398 271//398
f 271//399 309//399 310//399
f 271//400 310//400 272//400
f 272//401 310//401 311//401
f 272//402 311//402 289//402
f 311//403 312//403 289//403
f 289//404 312//404 313//404
f 289//405 313//405 288//405
f 313//406 314//406 288//406
f 288//407 314//407 315//407
f 288//408 315//408 287//408
f 315//409 316//409 287//409
f 287//410 316//410 317//410
f 287//411 317//411 286//411
f 317//412 318//412 286//412
f 286//413 318//413 319//413
f 286//414 319//414 285//414
f 319//415 320//415 285//415
f 285//416 320//416 321//416
f 285//417 321//417 284//417
f 322//418 279//418 323//418
f 323//419 279//419 278//419
f 323//420 278//420 324//420
f 324//421 278//421 284//421
f 324//422 284//422 325//422
f 325//423 284//423 321//423
f 279//424 322//424 280//424
f 280//425 322//425 326//425
f 280//426 326//426 281//426
f 326//427 327//427 281//427
f 281//428 327//428 328//428
f 281//429 328//429 282//429
f 328//430 329//430 282//430
f 282//431 329//431 330//431
f 282//432 330//432 283//432
f 330//433 331//433 283//433
f 283//434 331//434 332//434
f 283//435 332//435 273//435
f 332//436 333//436 273//436
f 273//437 333//437 334//437
f 273//438 334//438 274//438
f 334//439 335//439 274//439
f 274//440 335//440 336//440
f 274//441 336//441 275//441
f 275//442 336//442 337//442
f 337//443 338//443 275//443
f 275//444 338//444 339//444
f 275//445 339//445 276//445
f 339//446 340//446 276//446
f 276//447 340//447 341//447
f 276//448 341//448 277//448
f 277//449 341//449 308//449
f 277//450 308//450 270//450
f 342//451 290//451 343//451
f 343//452 290//452 291//452
f 343//453 291//453 344//453
f 292//454 345//454 346//454
f 292//455 346//455 291//455
f 291//456 346//456 347//456
f 291//457 347//457 344//457
f 293//458 348//458 349//458
f 293//459 349//459 292//459
f 292//460 349//460 350//460
f 292//461 350//461 345//461
f 294//462 351//462 293//462
f 293//463 351//463 352//463
f 293//464 352//464 348//464
f 353//465 354//465 294//465
f 294//466 354//466 355//466
f 294//467 355//467 351//467
f 294//468 295//468 353//468
f 353//469 295//469 296//469
f 353//470 296//470 356//470
f 356//471 296//471 297//471
f 356//472 297//472 357//472
f 357//473 297//473 298//473
f 357//474 298//474 358//474
f 358//475 298//475 359//475
f 359//476 298//476 299//476
f 359//477 299//477 360//477
f 299//478 300//478 360//478
f 360//479 300//479 301//479
f 360//480 301//480 361//480
f 361//481 301//481 302//481
f 361//482 302//482 362//482
f 362//483 302//483 303//483
f 363//484 364//484 304//484
f 304//485 364//485 365//485
f 304//486 365//486 303//486
f 303//487 365//487 366//487
f 303//488 366//488 362//488
f 363//489 304//489 367//489
f 367//490 304//490 305//490
f 367//491 305//491 368//491
f 369//492 370//492 306//492
f 306//493 370//493 371//493
f 306//494 371//494 305//494
f 305//495 371//495 372//495
f 305//496 372//496 368//496
f 369//497 306//497 373//497
f 373//498 306//498 307//498
f 373//499 307//499 374//499
f 342//500 375//500 290//500
f 290//501 375//501 376//501
f 290//502 376//502 307//502
f 307//503 376//503 377//503
f 307//504 377//504 374//504
f 378//505 379//505 333//505
f 333//506 379//506 380//506
f 333//507 380//507 334//507
f 333//508 332//508 378//508
f 378//509 332//509 331//509
f 378//510 331//510 381//510
f 381//511 331//511 382//511
f 331//512 330//512 382//512
f 382//513 330//513 329//513
f 382//514 329//514 383//514
f 383//515 329//515 384//515
f 329//516 328//516 384//516
f 384//517 328//517 327//517
f 384//518 327//518 385//518
f 385//519 327//519 386//519
f 327//520 326//520 386//520
f 386//521 326//521 322//521
f 386//522 322//522 387//522
f 322//523 323//523 387//523
f 387//524 323//524 324//524
f 387//525 324//525 388//525
f 388//526 324//526 389//526
f 317//527 390//527 318//527
f 318//528 390//528 391//528
f 318//529 391//529 319//529
f 319//530 391//530 392//530
f 319//531 392//531 320//531
f 320//532 392//532 393//532
f 320//533 393//533 321//533
f 321//534 393//534 389//534
f 321//535 389//535 325//535
f 325//536 389//536 324//536
f 316//537 315//537 394//537
f 394//538 395//538 316//538
f 316//539 395//539 396//539
f 316//540 396//540 317//540
f 317//541 396//541 397//541
f 317//542 397//542 390//542
f 314//543 313//543 398//543
f 398//544 399//544 314//544
f 314//545 399//545 400//545
f 314//546 400//546 315//546
f 315//547 400//547 401//547
f 315//548 401//548 394//548
f 312//549 311//549 402//549
f 402//550 403//550 312//550
f 312//551 403//551 404//551
f 312//552 404//552 313//552
f 313//553 404//553 405//553
f 313//554 405//554 398//554
f 309//555 406//555 407//555
f 309//556 407//556 310//556
f 407//557 408//557 310//557
f 310//558 408//558 409//558
f 310//559 409//559 311//559
f 311//560 409//560 410//560
f 311//561 410//561 402//561
f 308//562 411//562 309//562
f 309//563 411//563 412//563
f 309//564 412//564 406//564
f 341//565 413//565 308//565
f 308//566 413//566 414//566
f 308//567 414//567 411//567
f 415//568 416//568 341//568
f 341//569 416//569 417//569
f 341//570 417//570 413//570
f 415//571 341//571 418//571
f 418//572 341//572 340//572
f 418//573 340//573 419//573
f 419//574 340//574 339//574
f 419//575 339//575 420//575
f 337//576 421//576 338//576
f 338//577 421//577 422//577
f 338//578 422//578 339//578
f 339//579 422//579 423//579
f 339//580 423//580 420//580
f 380//581 424//581 334//581
f 334//582 424//582 425//582
f 334//583 425//583 335//583
f 335//584 425//584 426//584
f 335//585 426//585 336//585
f 336//586 426//586 427//586
f 336//587 427//587 337//587
f 337//588 427//588 428//588
f 337//589 428//589 421//589
f 429//590 356//590 430//590
f 430//591 356//591 357//591
f 430//592 357//592 431//592
f 431//593 357//593 358//593
f 431//594 358//594 432//594
f 432//595 358//595 359//595
f 432//596 359//596 433//596
f 351//597 355//597 434//597
f 434//598 355//598 354//598
f 434//599 354//599 429//599
f 429//600 354//600 353//600
f 429//601 353//601 356//601
f 351//602 434//602 352//602
f 352//603 434//603 435//603
f 352//604 435//604 348//604
f 346//605 345//605 436//605
f 436//606 345//606 350//606
f 436//607 350//607 435//607
f 435//608 350//608 349//608
f 435//609 349//609 348//609
f 346//610 436//610 347//610
f 347//611 436//611 437//611
f 347//612 437//612 344//612
f 438//613 342//613 437//613
f 437//614 342//614 343//614
f 437//615 343//615 344//615
f 374//616 377//616 439//616
f 439//617 377//617 376//617
f 439//618 376//618 438//618
f 438//619 376//619 375//619
f 438//620 375//620 342//620
f 374//621 439//621 373//621
f 373//622 439//622 440//622
f 373//623 440//623 369//623
f 368//624 372//624 441//624
f 441//625 372//625 371//625
f 441//626 371//626 440//626
f 440//627 371//627 370//627
f 440//628 370//628 369//628
f 368//629 441//629 367//629
f 367//630 441//630 442//630
f 367//631 442//631 363//631
f 359//632 360//632 433//632
f 433//633 360//633 361//633
f 433//634 361//634 443//634
f 443//635 361//635 362//635
f 443//636 362//636 444//636
f 444//637 362//637 366//637
f 444//638 366//638 445//638
f 445//639 366//639 365//639
f 445//640 365//640 442//640
f 442//641 365//641 364//641
f 442//642 364//642 363//642
f 446//643 447//643 448//643
f 446//643 448//643 449//643
f 449//644 448//644 450//644
f 449//644 450//644 451//644
f 451//645 450//645 452//645
f 451//645 452//645 453//645
f 454//646 455//646 456//646
f 454//646 456//646 457//646
f 457//647 456//647 458//647
f 457//647 458//647 459//647
f 459//648 458//648 460//648
f 459//648 460//648 461//648
f 462//649 425//649 424//649
f 462//650 424//650 463//650
f 464//651 428//651 427//651
f 464//652 427//652 462//652
f 462//653 427//653 426//653
f 462//654 426//654 425//654
f 420//655 423//655 465//655
f 465//656 423//656 422//656
f 465//657 422//657 464//657
f 464//658 422//658 421//658
f 464//659 421//659 428//659
f 416//660 415//660 466//660
f 466//661 415//661 418//661
f 466//662 418//662 465//662
f 465//663 418//663 419//663
f 465//664 419//664 420//664
f 467//665 414//665 413//665
f 467//666 413//666 466//666
f 466//667 413//667 417//667
f 466//668 417//668 416//668
f 407//669 406//669 468//669
f 468//670 406//670 412//670
f 468//671 412//671 467//671
f 467//672 412//672 411//672
f 467//673 411//673 414//673
f 402//674 410//674 469//674
f 469//675 410//675 409//675
f 469//676 409//676 468//676
f 468//677 409//677 408//677
f 468//678 408//678 407//678
f 398//679 405//679 470//679
f 470//680 405//680 404//680
f 470//681 404//681 469//681
f 469//682 404//682 403//682
f 469//683 403//683 402//683
f 394//684 401//684 471//684
f 471//685 401//685 400//685
f 471//686 400//686 470//686
f 470//687 400//687 399//687
f 470//688 399//688 398//688
f 397//689 396//689 472//689
f 472//690 396//690 471//690
f 471//691 396//691 395//691
f 471//692 395//692 394//692
f 473//693 391//693 472//693
f 472//694 391//694 390//694
f 472//695 390//695 397//695
f 474//696 393//696 473//696
f 473//697 393//697 392//697
f 473//698 392//698 391//698
f 475//699 388//699 474//699
f 474//700 388//700 389//700
f 474//701 389//701 393//701
f 476//702 385//702 477//702
f 477//703 385//703 386//703
f 477//704 386//704 475//704
f 475//705 386//705 387//705
f 475//706 387//706 388//706
f 478//707 479//707 381//707
f 381//708 382//708 478//708
f 478//709 382//709 383//709
f 478//710 383//710 476//710
f 476//711 383//711 384//711
f 476//712 384//712 385//712
f 424//713 380//713 463//713
f 463//714 380//714 379//714
f 463//715 379//715 479//715
f 479//716 379//716 378//716
f 479//717 378//717 381//717
f 434//113 480//113 435//113
f 435//117 480//117 481//117
f 435//113 481//113 436//113
f 436//117 481//117 482//117
f 436//113 482//113 437//113
f 437//113 482//113 483//113
f 437//113 483//113 438//113
f 438//113 483//113 484//113
f 438//117 484//117 439//117
f 439//113 484//113 485//113
f 439//113 485//113 440//113
f 440//113 485//113 486//113
f 440//117 486//117 441//117
f 441//113 486//113 487//113
f 441//117 487//117 442//117
f 487//113 488//113 442//113
f 442//113 488//113 489//113
f 442//113 489//113 445//113
f 445//113 489//113 490//113
f 445//113 490//113 444//113
f 444//113 490//113 491//113
f 444//113 491//113 443//113
f 443//113 491//113 492//113
f 443//113 492//113 433//113
f 433//113 492//113 493//113
f 433//113 493//113 432//113
f 432//117 493//117 494//117
f 432//113 494//113 431//113
f 431//113 494//113 495//113
f 431//113 495//113 430//113
f 430//113 495//113 496//113
f 430//117 496//117 429//117
f 429//117 496//117 497//117
f 429//113 497//113 434//113
f 434//113 497//113 498//113
f 434//113 498//113 480//113
f 454//718 457//718 499//718
f 454//719 500//719 501//719
f 502//720 503//720 501//720
f 501//721 503//721 454//721
f 499//722 500//722 454//722
f 504//723 459//723 461//723
f 505//724 506//724 507//724
f 507//725 506//725 508//725
f 507//726 508//726 509//726
f 509//727 508//727 510//727
f 461//728 511//728 504//728
f 504//729 511//729 512//729
f 504//730 512//730 510//730
f 510//731 512//731 513//731
f 510//732 513//732 509//732
f 457//733 459//733 499//733
f 499//734 459//734 504//734
f 499//735 504//735 500//735
f 500//736 504//736 510//736
f 500//737 510//737 501//737
f 501//738 510//738 508//738
f 501//739 508//739 502//739
f 502//740 508//740 506//740
f 514//741 448//741 447//741
f 447//742 515//742 516//742
f 516//743 515//743 517//743
f 450//744 448//744 518//744
f 518//745 448//745 514//745
f 518//746 514//746 519//746
f 520//747 521//747 522//747
f 522//748 521//748 517//748
f 520//749 523//749 521//749
f 521//750 523//750 519//750
f 521//751 519//751 524//751
f 524//752 519//752 514//752
f 524//753 514//753 447//753
f 452//754 450//754 525//754
f 525//755 450//755 518//755
f 525//756 518//756 526//756
f 526//757 518//757 519//757
f 526//758 519//758 527//758
f 527//759 519//759 523//759
f 517//760 521//760 516//760
f 516//761 521//761 524//761
f 516//762 524//762 447//762
f 455//8 454//8 528//8
f 528//8 454//8 529//8
f 446//113 530//113 447//113
f 447//113 530//113 531//113
f 532//763 456//763 455//763
f 532//764 455//764 533//764
f 458//765 456//765 534//765
f 534//766 456//766 532//766
f 534//767 532//767 535//767
f 535//768 532//768 533//768
f 535//769 533//769 536//769
f 536//770 533//770 537//770
f 460//771 458//771 538//771
f 538//772 458//772 534//772
f 538//773 534//773 539//773
f 539//774 534//774 535//774
f 539//775 535//775 540//775
f 540//776 535//776 536//776
f 537//777 533//777 455//777
f 446//778 541//778 542//778
f 543//779 541//779 446//779
f 449//780 543//780 446//780
f 451//781 453//781 544//781
f 544//782 453//782 545//782
f 544//783 545//783 546//783
f 546//784 545//784 547//784
f 546//785 547//785 548//785
f 548//786 547//786 549//786
f 449//787 451//787 543//787
f 543//788 451//788 544//788
f 543//789 544//789 541//789
f 541//790 544//790 546//790
f 541//791 546//791 542//791
f 542//792 546//792 548//792
f 452//282 461//282 453//282
f 453//282 461//282 460//282
f 550//62 551//62 462//62
f 462//8 551//8 552//8
f 462//8 552//8 464//8
f 464//8 552//8 553//8
f 464//8 553//8 465//8
f 465//8 553//8 554//8
f 465//8 554//8 466//8
f 466//8 554//8 555//8
f 466//8 555//8 467//8
f 467//8 555//8 556//8
f 467//8 556//8 468//8
f 468//8 556//8 557//8
f 468//8 557//8 469//8
f 469//62 557//62 558//62
f 469//8 558//8 470//8
f 470//8 558//8 559//8
f 470//62 559//62 471//62
f 471//8 559//8 560//8
f 471//8 560//8 472//8
f 472//8 560//8 561//8
f 472//8 561//8 473//8
f 473//8 561//8 562//8
f 473//8 562//8 474//8
f 474//62 562//62 563//62
f 474//8 563//8 475//8
f 475//8 563//8 564//8
f 475//8 564//8 477//8
f 477//8 564//8 565//8
f 477//8 565//8 476//8
f 476//8 565//8 566//8
f 476//8 566//8 478//8
f 478//8 566//8 567//8
f 478//62 567//62 479//62
f 479//62 567//62 568//62
f 479//8 568//8 463//8
f 463//8 568//8 550//8
f 463//8 550//8 462//8
f 569//793 485//793 570//793
f 570//794 485//794 484//794
f 570//795 484//795 571//795
f 569//796 572//796 485//796
f 485//797 572//797 573//797
f 485//798 573//798 486//798
f 574//799 487//799 575//799
f 575//800 487//800 486//800
f 575//801 486//801 576//801
f 576//802 486//802 573//802
f 574//803 577//803 487//803
f 487//804 577//804 578//804
f 487//805 578//805 488//805
f 579//806 489//806 580//806
f 580//807 489//807 488//807
f 580//808 488//808 581//808
f 581//809 488//809 578//809
f 579//810 582//810 489//810
f 489//811 582//811 583//811
f 489//812 583//812 490//812
f 490//813 583//813 584//813
f 490//814 584//814 491//814
f 491//815 584//815 585//815
f 586//816 492//816 587//816
f 587//817 492//817 491//817
f 587//818 491//818 588//818
f 588//819 491//819 585//819
f 586//820 589//820 492//820
f 492//821 589//821 590//821
f 492//822 590//822 493//822
f 591//823 494//823 592//823
f 592//824 494//824 493//824
f 592//825 493//825 593//825
f 593//826 493//826 590//826
f 591//827 594//827 494//827
f 494//828 594//828 595//828
f 494//829 595//829 495//829
f 595//830 596//830 495//830
f 495//831 596//831 597//831
f 495//832 597//832 496//832
f 598//833 497//833 599//833
f 599//834 497//834 496//834
f 599//835 496//835 600//835
f 600//836 496//836 597//836
f 598//837 601//837 497//837
f 497//838 601//838 602//838
f 497//839 602//839 498//839
f 603//840 480//840 604//840
f 604//841 480//841 498//841
f 604//842 498//842 605//842
f 605//843 498//843 602//843
f 603//844 606//844 480//844
f 480//845 606//845 607//845
f 480//846 607//846 481//846
f 608//847 482//847 609//847
f 609//848 482//848 481//848
f 609//849 481//849 610//849
f 610//850 481//850 607//850
f 608//851 611//851 482//851
f 482//852 611//852 612//852
f 482//853 612//853 483//853
f 483//854 612//854 613//854
f 483//855 613//855 484//855
f 484//856 613//856 614//856
f 484//857 614//857 571//857
f 522//858 505//858 520//858
f 520//858 505//858 507//858
f 520//859 507//859 523//859
f 523//859 507//859 509//859
f 523//860 509//860 527//860
f 527//860 509//860 513//860
f 527//861 513//861 526//861
f 526//861 513//861 512//861
f 526//862 512//862 525//862
f 525//862 512//862 511//862
f 525//863 511//863 452//863
f 452//863 511//863 461//863
f 505//864 615//864 616//864
f 505//865 616//865 506//865
f 506//866 616//866 617//866
f 506//867 617//867 502//867
f 502//868 617//868 618//868
f 502//869 618//869 503//869
f 503//870 618//870 529//870
f 503//871 529//871 454//871
f 447//872 531//872 619//872
f 447//872 619//872 515//872
f 515//873 619//873 620//873
f 515//873 620//873 517//873
f 517//874 620//874 621//874
f 517//874 621//874 522//874
f 455//875 528//875 622//875
f 455//875 622//875 537//875
f 537//876 622//876 623//876
f 537//876 623//876 536//876
f 536//877 623//877 624//877
f 536//877 624//877 540//877
f 549//878 625//878 626//878
f 549//878 626//878 548//878
f 548//879 626//879 627//879
f 548//879 627//879 542//879
f 542//880 627//880 530//880
f 542//880 530//880 446//880
f 540//881 549//881 547//881
f 540//881 547//881 539//881
f 539//882 547//882 545//882
f 539//882 545//882 538//882
f 538//883 545//883 453//883
f 538//883 453//883 460//883
f 566//884 565//884 628//884
f 628//885 629//885 566//885
f 566//886 629//886 630//886
f 566//887 630//887 567//887
f 567//888 630//888 631//888
f 567//889 631//889 568//889
f 631//890 632//890 568//890
f 568//891 632//891 633//891
f 568//892 633//892 550//892
f 633//893 634//893 550//893
f 550//894 634//894 635//894
f 550//895 635//895 551//895
f 635//896 636//896 551//896
f 551//897 636//897 637//897
f 551//898 637//898 552//898
f 552//899 637//899 638//899
f 638//900 639//900 552//900
f 552//901 639//901 640//901
f 552//902 640//902 553//902
f 553//903 640//903 641//903
f 553//904 641//904 554//904
f 554//905 641//905 642//905
f 642//906 643//906 554//906
f 554//907 643//907 644//907
f 554//908 644//908 555//908
f 555//909 644//909 645//909
f 555//910 645//910 556//910
f 556//911 645//911 646//911
f 646//912 647//912 556//912
f 556//913 647//913 648//913
f 556//914 648//914 557//914
f 648//915 649//915 557//915
f 557//916 649//916 650//916
f 557//917 650//917 558//917
f 650//918 651//918 558//918
f 558//919 651//919 652//919
f 558//920 652//920 559//920
f 652//921 653//921 559//921
f 559//922 653//922 654//922
f 559//923 654//923 560//923
f 654//924 655//924 560//924
f 560//925 655//925 656//925
f 560//926 656//926 561//926
f 656//927 657//927 561//927
f 561//928 657//928 658//928
f 561//929 658//929 562//929
f 658//930 659//930 562//930
f 562//931 659//931 660//931
f 562//932 660//932 563//932
f 660//933 661//933 563//933
f 563//934 661//934 662//934
f 563//935 662//935 564//935
f 662//936 663//936 564//936
f 564//937 663//937 664//937
f 564//938 664//938 565//938
f 565//939 664//939 665//939
f 565//940 665//940 628//940
f 666//941 667//941 668//941
f 669//942 670//942 671//942
f 672//943 673//943 674//943
f 601//944 598//944 666//944
f 593//945 590//945 675//945
f 581//946 578//946 676//946
f 606//947 603//947 677//947
f 677//948 603//948 678//948
f 607//949 679//949 610//949
f 610//950 679//950 680//950
f 681//951 608//951 680//951
f 680//952 608//952 609//952
f 680//953 609//953 610//953
f 571//954 614//954 682//954
f 682//955 614//955 613//955
f 682//956 613//956 683//956
f 683//957 613//957 612//957
f 683//958 612//958 681//958
f 681//959 612//959 611//959
f 681//960 611//960 608//960
f 570//961 684//961 569//961
f 569//962 684//962 685//962
f 569//963 685//963 572//963
f 572//964 685//964 686//964
f 574//965 575//965 687//965
f 687//966 575//966 576//966
f 687//967 576//967 686//967
f 686//968 576//968 573//968
f 686//969 573//969 572//969
f 578//970 577//970 688//970
f 583//971 582//971 672//971
f 672//972 582//972 579//972
f 672//973 579//973 673//973
f 673//974 579//974 580//974
f 673//975 580//975 581//975
f 584//976 689//976 690//976
f 586//977 587//977 691//977
f 691//978 587//978 588//978
f 691//979 588//979 690//979
f 690//980 588//980 585//980
f 690//981 585//981 584//981
f 590//982 589//982 692//982
f 595//983 594//983 669//983
f 669//984 594//984 591//984
f 669//985 591//985 670//985
f 670//986 591//986 592//986
f 670//987 592//987 593//987
f 600//988 597//988 693//988
f 693//989 597//989 596//989
f 693//990 596//990 694//990
f 666//991 598//991 667//991
f 667//992 598//992 599//992
f 667//993 599//993 600//993
f 602//994 695//994 605//994
f 605//995 695//995 678//995
f 605//996 678//996 604//996
f 604//997 678//997 603//997
f 679//998 696//998 680//998
f 680//999 696//999 697//999
f 680//1000 697//1000 681//1000
f 681//1001 697//1001 698//1001
f 681//1002 698//1002 683//1002
f 683//1003 698//1003 699//1003
f 683//1004 699//1004 682//1004
f 700//1005 701//1005 684//1005
f 684//1006 701//1006 685//1006
f 685//1007 701//1007 702//1007
f 685//1008 702//1008 686//1008
f 686//1009 702//1009 703//1009
f 686//1010 703//1010 687//1010
f 704//1011 705//1011 688//1011
f 578//1012 688//1012 676//1012
f 676//1013 688//1013 705//1013
f 676//1014 705//1014 706//1014
f 707//1015 708//1015 689//1015
f 689//1016 708//1016 690//1016
f 690//1017 708//1017 709//1017
f 690//1018 709//1018 691//1018
f 710//1019 711//1019 692//1019
f 590//1020 692//1020 675//1020
f 675//1021 692//1021 711//1021
f 675//1022 711//1022 712//1022
f 713//1023 693//1023 714//1023
f 714//1024 693//1024 694//1024
f 714//1025 694//1025 715//1025
f 716//1026 677//1026 717//1026
f 717//1027 677//1027 678//1027
f 717//1028 678//1028 718//1028
f 718//1029 678//1029 695//1029
f 718//1030 695//1030 719//1030
f 720//1031 696//1031 716//1031
f 716//1032 696//1032 679//1032
f 716//1033 679//1033 677//1033
f 677//1034 679//1034 607//1034
f 677//1035 607//1035 606//1035
f 721//1036 699//1036 722//1036
f 722//1037 699//1037 698//1037
f 722//1038 698//1038 723//1038
f 723//1039 698//1039 697//1039
f 723//1040 697//1040 724//1040
f 724//1041 697//1041 696//1041
f 724//1042 696//1042 725//1042
f 725//1043 696//1043 720//1043
f 721//1044 726//1044 699//1044
f 699//1045 726//1045 700//1045
f 699//1046 700//1046 682//1046
f 682//1047 700//1047 684//1047
f 682//1048 684//1048 571//1048
f 571//1049 684//1049 570//1049
f 727//1050 703//1050 728//1050
f 728//1051 703//1051 702//1051
f 728//1052 702//1052 729//1052
f 729//1053 702//1053 701//1053
f 729//1054 701//1054 730//1054
f 730//1055 701//1055 700//1055
f 730//1056 700//1056 731//1056
f 731//1057 700//1057 726//1057
f 727//1058 732//1058 703//1058
f 703//1059 732//1059 704//1059
f 703//1060 704//1060 687//1060
f 687//1061 704//1061 688//1061
f 687//1062 688//1062 574//1062
f 574//1063 688//1063 577//1063
f 732//1064 733//1064 704//1064
f 704//1065 733//1065 734//1065
f 704//1066 734//1066 705//1066
f 705//1067 734//1067 735//1067
f 705//1068 735//1068 706//1068
f 706//1069 735//1069 736//1069
f 706//1070 736//1070 737//1070
f 581//1071 676//1071 673//1071
f 673//1072 676//1072 706//1072
f 673//1073 706//1073 674//1073
f 674//1074 706//1074 737//1074
f 674//1075 737//1075 738//1075
f 738//1076 739//1076 674//1076
f 674//1077 739//1077 707//1077
f 674//1078 707//1078 672//1078
f 672//1079 707//1079 689//1079
f 672//1080 689//1080 583//1080
f 583//1081 689//1081 584//1081
f 740//1082 709//1082 741//1082
f 741//1083 709//1083 708//1083
f 741//1084 708//1084 742//1084
f 742//1085 708//1085 707//1085
f 742//1086 707//1086 743//1086
f 743//1087 707//1087 739//1087
f 740//1088 744//1088 709//1088
f 709//1089 744//1089 710//1089
f 709//1090 710//1090 691//1090
f 691//1091 710//1091 692//1091
f 691//1092 692//1092 586//1092
f 586//1093 692//1093 589//1093
f 744//1094 745//1094 710//1094
f 710//1095 745//1095 746//1095
f 710//1096 746//1096 711//1096
f 711//1097 746//1097 747//1097
f 711//1098 747//1098 712//1098
f 712//1099 747//1099 748//1099
f 712//1100 748//1100 749//1100
f 593//1101 675//1101 670//1101
f 670//1102 675//1102 712//1102
f 670//1103 712//1103 671//1103
f 671//1104 712//1104 749//1104
f 671//1105 749//1105 750//1105
f 750//1106 751//1106 671//1106
f 671//1107 751//1107 715//1107
f 671//1108 715//1108 669//1108
f 669//1109 715//1109 694//1109
f 669//1110 694//1110 595//1110
f 595//1111 694//1111 596//1111
f 751//1112 752//1112 715//1112
f 715//1113 752//1113 753//1113
f 715//1114 753//1114 714//1114
f 714//1115 753//1115 754//1115
f 714//1116 754//1116 713//1116
f 713//1117 754//1117 755//1117
f 713//1118 755//1118 756//1118
f 600//1119 693//1119 667//1119
f 667//1120 693//1120 713//1120
f 667//1121 713//1121 668//1121
f 668//1122 713//1122 756//1122
f 668//1123 756//1123 757//1123
f 757//1124 758//1124 668//1124
f 668//1125 758//1125 719//1125
f 668//1126 719//1126 666//1126
f 666//1127 719//1127 695//1127
f 666//1128 695//1128 601//1128
f 601//1129 695//1129 602//1129
f 758//1130 759//1130 719//1130
f 719//1131 759//1131 760//1131
f 719//1132 760//1132 718//1132
f 718//1133 760//1133 761//1133
f 718//1134 761//1134 717//1134
f 717//1135 761//1135 762//1135
f 717//1136 762//1136 716//1136
f 716//1137 762//1137 763//1137
f 716//1138 763//1138 720//1138
f 505//338 522//338 615//338
f 615//338 522//338 621//338
f 540//1139 624//1139 549//1139
f 549//1139 624//1139 625//1139
f 764//1140 765//1140 644//1140
f 644//1141 643//1141 764//1141
f 764//1142 643//1142 642//1142
f 764//1143 642//1143 766//1143
f 642//1144 641//1144 766//1144
f 766//1145 641//1145 640//1145
f 766//1146 640//1146 767//1146
f 640//1147 639//1147 767//1147
f 767//1148 639//1148 638//1148
f 767//1149 638//1149 768//1149
f 638//1150 637//1150 768//1150
f 768//282 637//282 636//282
f 768//1151 636//1151 769//1151
f 636//1152 635//1152 769//1152
f 769//1153 635//1153 634//1153
f 769//1154 634//1154 770//1154
f 634//1155 633//1155 770//1155
f 770//1156 633//1156 632//1156
f 770//1157 632//1157 771//1157
f 771//1158 632//1158 631//1158
f 631//1159 630//1159 771//1159
f 771//1160 630//1160 629//1160
f 771//1161 629//1161 772//1161
f 629//1162 628//1162 772//1162
f 772//1163 628//1163 665//1163
f 772//1164 665//1164 773//1164
f 665//1165 664//1165 773//1165
f 773//1166 664//1166 663//1166
f 773//1167 663//1167 774//1167
f 663//1168 662//1168 774//1168
f 774//1169 662//1169 661//1169
f 774//1170 661//1170 775//1170
f 661//1171 660//1171 775//1171
f 775//1172 660//1172 659//1172
f 775//1173 659//1173 776//1173
f 659//1174 658//1174 776//1174
f 776//1175 658//1175 657//1175
f 776//1176 657//1176 777//1176
f 657//1177 656//1177 777//1177
f 777//323 656//323 655//323
f 777//1178 655//1178 778//1178
f 655//1179 654//1179 778//1179
f 778//1180 654//1180 653//1180
f 778//1181 653//1181 779//1181
f 653//1182 652//1182 779//1182
f 779//1183 652//1183 651//1183
f 779//1184 651//1184 780//1184
f 651//1185 650//1185 780//1185
f 780//1186 650//1186 649//1186
f 780//1187 649//1187 781//1187
f 649//1188 648//1188 781//1188
f 781//1189 648//1189 647//1189
f 781//1190 647//1190 782//1190
f 782//1191 647//1191 646//1191
f 782//1192 646//1192 765//1192
f 765//1193 646//1193 645//1193
f 765//1194 645//1194 644//1194
f 729//1195 783//1195 784//1195
f 785//1196 727//1196 784//1196
f 784//1197 727//1197 728//1197
f 784//1198 728//1198 729//1198
f 786//1199 733//1199 785//1199
f 785//1200 733//1200 732//1200
f 785//1201 732//1201 727//1201
f 737//1202 736//1202 787//1202
f 787//1203 736//1203 735//1203
f 787//1204 735//1204 786//1204
f 786//1205 735//1205 734//1205
f 786//1206 734//1206 733//1206
f 737//1207 787//1207 738//1207
f 738//1208 787//1208 788//1208
f 738//1209 788//1209 739//1209
f 739//1210 788//1210 743//1210
f 743//1211 788//1211 789//1211
f 743//1212 789//1212 742//1212
f 742//1213 789//1213 741//1213
f 741//1214 789//1214 790//1214
f 741//1215 790//1215 740//1215
f 791//1216 745//1216 790//1216
f 790//1217 745//1217 744//1217
f 790//1218 744//1218 740//1218
f 749//1219 748//1219 792//1219
f 792//1220 748//1220 747//1220
f 792//1221 747//1221 791//1221
f 791//1222 747//1222 746//1222
f 791//1223 746//1223 745//1223
f 749//1224 792//1224 750//1224
f 750//1225 792//1225 793//1225
f 750//1226 793//1226 751//1226
f 751//1227 793//1227 752//1227
f 752//1228 793//1228 794//1228
f 752//1229 794//1229 753//1229
f 753//1230 794//1230 754//1230
f 754//1231 794//1231 795//1231
f 754//1232 795//1232 755//1232
f 796//1233 757//1233 795//1233
f 795//1234 757//1234 756//1234
f 795//1235 756//1235 755//1235
f 797//1236 759//1236 796//1236
f 796//1237 759//1237 758//1237
f 796//1238 758//1238 757//1238
f 798//1239 761//1239 797//1239
f 797//1240 761//1240 760//1240
f 797//1241 760//1241 759//1241
f 799//1242 763//1242 798//1242
f 798//1243 763//1243 762//1243
f 798//1244 762//1244 761//1244
f 800//1245 725//1245 799//1245
f 799//1246 725//1246 720//1246
f 799//1247 720//1247 763//1247
f 801//1248 723//1248 800//1248
f 800//1249 723//1249 724//1249
f 800//1250 724//1250 725//1250
f 802//1251 721//1251 801//1251
f 801//1252 721//1252 722//1252
f 801//1253 722//1253 723//1253
f 729//1254 730//1254 783//1254
f 783//1255 730//1255 731//1255
f 783//1256 731//1256 802//1256
f 802//1257 731//1257 726//1257
f 802//1258 726//1258 721//1258
f 803//1259 804//1259 805//1259
f 803//1260 805//1260 806//1260
f 806//1261 805//1261 807//1261
f 806//1262 807//1262 808//1262
f 808//1263 807//1263 809//1263
f 808//867 809//867 810//867
f 810//1264 809//1264 811//1264
f 811//1265 809//1265 812//1265
f 811//1266 812//1266 813//1266
f 814//1267 815//1267 816//1267
f 814//1268 816//1268 817//1268
f 817//1269 816//1269 818//1269
f 817//1270 818//1270 819//1270
f 819//1271 818//1271 820//1271
f 819//1272 820//1272 821//1272
f 821//1273 820//1273 822//1273
f 822//1274 820//1274 823//1274
f 822//1275 823//1275 824//1275
f 823//282 820//282 818//282
f 618//282 825//282 529//282
f 529//282 825//282 826//282
f 618//282 617//282 825//282
f 825//282 617//282 616//282
f 825//282 616//282 615//282
f 823//282 531//282 805//282
f 805//282 531//282 530//282
f 805//282 530//282 807//282
f 807//282 530//282 627//282
f 807//282 627//282 809//282
f 809//282 627//282 626//282
f 809//282 626//282 812//282
f 812//282 626//282 625//282
f 812//282 625//282 827//282
f 827//282 625//282 624//282
f 827//282 624//282 828//282
f 828//282 624//282 623//282
f 828//1276 623//1276 829//1276
f 829//1276 623//1276 622//1276
f 829//282 622//282 826//282
f 826//282 622//282 528//282
f 826//282 528//282 529//282
f 830//282 831//282 832//282
f 832//282 825//282 830//282
f 830//282 825//282 615//282
f 830//1276 615//1276 816//1276
f 816//1276 615//1276 621//1276
f 816//282 621//282 818//282
f 818//282 621//282 620//282
f 818//282 620//282 823//282
f 823//282 620//282 619//282
f 823//1276 619//1276 531//1276
f 833//1277 834//1277 825//1277
f 833//1278 825//1278 835//1278
f 835//880 825//880 832//880
f 835//1279 832//1279 836//1279
f 836//1280 832//1280 831//1280
f 836//1281 831//1281 837//1281
f 837//1282 831//1282 838//1282
f 838//1283 831//1283 830//1283
f 838//1284 830//1284 839//1284
f 840//1285 841//1285 827//1285
f 840//1286 827//1286 842//1286
f 842//874 827//874 828//874
f 842//1287 828//1287 843//1287
f 843//1288 828//1288 829//1288
f 843//1289 829//1289 844//1289
f 844//1290 829//1290 845//1290
f 845//1291 829//1291 826//1291
f 845//1292 826//1292 846//1292
f 770//113 771//113 847//113
f 847//113 771//113 772//113
f 847//113 772//113 848//113
f 848//113 772//113 773//113
f 848//113 773//113 849//113
f 849//113 773//113 774//113
f 849//113 774//113 850//113
f 850//113 774//113 775//113
f 850//113 775//113 851//113
f 851//113 775//113 776//113
f 851//113 776//113 852//113
f 852//113 776//113 777//113
f 852//113 777//113 853//113
f 853//113 777//113 778//113
f 853//113 778//113 854//113
f 854//113 778//113 779//113
f 854//113 779//113 855//113
f 855//113 779//113 780//113
f 855//113 780//113 856//113
f 856//113 780//113 781//113
f 856//113 781//113 857//113
f 857//113 781//113 782//113
f 857//113 782//113 858//113
f 858//113 782//113 765//113
f 858//113 765//113 859//113
f 859//113 765//113 764//113
f 859//113 764//113 860//113
f 860//113 764//113 766//113
f 860//113 766//113 861//113
f 861//113 766//113 767//113
f 861//117 767//117 862//117
f 862//113 767//113 768//113
f 862//113 768//113 863//113
f 863//113 768//113 769//113
f 863//113 769//113 864//113
f 864//113 769//113 770//113
f 864//117 770//117 847//117
f 795//113 794//113 865//113
f 865//113 794//113 793//113
f 865//113 793//113 866//113
f 790//113 789//113 867//113
f 867//113 789//113 788//113
f 867//113 788//113 868//113
f 800//113 799//113 869//113
f 869//113 799//113 798//113
f 869//113 798//113 870//113
f 795//117 865//117 796//117
f 796//113 865//113 871//113
f 796//117 871//117 872//117
f 783//113 873//113 784//113
f 784//113 873//113 874//113
f 784//113 874//113 785//113
f 798//113 797//113 870//113
f 870//113 797//113 796//113
f 870//113 796//113 875//113
f 875//117 796//117 872//117
f 875//117 872//117 876//117
f 790//113 867//113 791//113
f 791//113 867//113 877//113
f 791//113 877//113 878//113
f 793//113 792//113 866//113
f 866//113 792//113 791//113
f 866//113 791//113 879//113
f 879//117 791//117 878//117
f 879//113 878//113 880//113
f 785//113 874//113 786//113
f 786//113 874//113 881//113
f 786//113 881//113 882//113
f 800//117 869//117 801//117
f 801//113 869//113 883//113
f 801//113 883//113 884//113
f 788//113 787//113 868//113
f 868//113 787//113 786//113
f 868//113 786//113 885//113
f 885//113 786//113 882//113
f 885//113 882//113 886//113
f 783//113 802//113 873//113
f 873//113 802//113 801//113
f 873//113 801//113 887//113
f 887//113 801//113 884//113
f 887//113 884//113 888//113
f 889//1293 890//1293 891//1293
f 891//1293 890//1293 892//1293
f 891//1294 892//1294 893//1294
f 893//1294 892//1294 894//1294
f 893//1295 894//1295 895//1295
f 895//1295 894//1295 896//1295
f 895//1296 896//1296 897//1296
f 897//1296 896//1296 898//1296
f 897//882 898//882 899//882
f 899//882 898//882 900//882
f 899//1297 900//1297 901//1297
f 901//1297 900//1297 902//1297
f 901//1298 902//1298 903//1298
f 903//1298 902//1298 904//1298
f 903//1299 904//1299 905//1299
f 905//1299 904//1299 906//1299
f 905//1300 906//1300 907//1300
f 907//1300 906//1300 908//1300
f 907//1301 908//1301 909//1301
f 909//1301 908//1301 910//1301
f 909//1302 910//1302 911//1302
f 911//1302 910//1302 912//1302
f 911//1303 912//1303 889//1303
f 889//1303 912//1303 890//1303
f 813//338 812//338 841//338
f 841//338 812//338 827//338
f 824//8 823//8 804//8
f 804//8 823//8 805//8
f 815//1139 839//1139 816//1139
f 816//1139 839//1139 830//1139
f 826//113 825//113 846//113
f 846//113 825//113 834//113
f 913//1304 914//1304 915//1304
f 915//1305 914//1305 916//1305
f 917//323 918//323 919//323
f 919//323 918//323 920//323
f 919//323 920//323 921//323
f 922//323 923//323 919//323
f 919//323 923//323 924//323
f 919//323 924//323 917//323
f 925//323 926//323 919//323
f 919//323 926//323 927//323
f 919//323 927//323 922//323
f 921//323 928//323 919//323
f 919//323 928//323 929//323
f 919//1306 929//1306 925//1306
f 857//1307 930//1307 856//1307
f 856//1308 930//1308 931//1308
f 856//1308 931//1308 855//1308
f 855//1309 931//1309 932//1309
f 855//1309 932//1309 854//1309
f 854//1310 932//1310 933//1310
f 854//1310 933//1310 853//1310
f 853//1306 933//1306 934//1306
f 853//1306 934//1306 852//1306
f 852//1311 934//1311 935//1311
f 852//1311 935//1311 851//1311
f 851//1312 935//1312 936//1312
f 851//1312 936//1312 850//1312
f 850//1313 936//1313 937//1313
f 850//1313 937//1313 849//1313
f 849//1314 937//1314 938//1314
f 849//1314 938//1314 848//1314
f 848//1315 938//1315 939//1315
f 848//1315 939//1315 847//1315
f 847//1316 939//1316 940//1316
f 847//1316 940//1316 864//1316
f 864//1317 940//1317 941//1317
f 864//1317 941//1317 863//1317
f 863//1318 941//1318 942//1318
f 863//1318 942//1318 862//1318
f 862//1276 942//1276 943//1276
f 862//1276 943//1276 861//1276
f 861//1319 943//1319 944//1319
f 861//1319 944//1319 860//1319
f 860//1320 944//1320 945//1320
f 860//1320 945//1320 859//1320
f 859//1321 945//1321 946//1321
f 859//1321 946//1321 858//1321
f 858//1322 946//1322 947//1322
f 858//1322 947//1322 857//1322
f 857//1307 947//1307 930//1307
f 948//1323 868//1323 885//1323
f 948//1323 885//1323 949//1323
f 949//1324 885//1324 886//1324
f 949//1324 886//1324 950//1324
f 950//1325 886//1325 882//1325
f 950//1325 882//1325 951//1325
f 951//1326 882//1326 881//1326
f 951//1326 881//1326 952//1326
f 952//1327 881//1327 874//1327
f 952//1327 874//1327 953//1327
f 874//338 873//338 953//338
f 953//338 873//338 954//338
f 954//1328 873//1328 887//1328
f 954//1328 887//1328 955//1328
f 955//1329 887//1329 888//1329
f 955//1329 888//1329 956//1329
f 956//1330 888//1330 884//1330
f 956//1330 884//1330 957//1330
f 957//1331 884//1331 883//1331
f 957//1331 883//1331 958//1331
f 958//1332 883//1332 869//1332
f 958//1332 869//1332 959//1332
f 870//323 960//323 869//323
f 869//323 960//323 959//323
f 960//1333 870//1333 875//1333
f 960//1333 875//1333 961//1333
f 961//1334 875//1334 876//1334
f 961//1334 876//1334 962//1334
f 962//1335 876//1335 872//1335
f 962//1335 872//1335 963//1335
f 963//1336 872//1336 871//1336
f 963//1336 871//1336 964//1336
f 964//1337 871//1337 865//1337
f 964//1337 865//1337 965//1337
f 866//1139 966//1139 865//1139
f 865//1139 966//1139 965//1139
f 966//1338 866//1338 879//1338
f 966//1338 879//1338 967//1338
f 967//1339 879//1339 880//1339
f 967//1339 880//1339 968//1339
f 968//1340 880//1340 878//1340
f 968//1340 878//1340 969//1340
f 969//1341 878//1341 877//1341
f 969//1341 877//1341 970//1341
f 970//1342 877//1342 867//1342
f 970//1342 867//1342 971//1342
f 867//282 868//282 971//282
f 971//282 868//282 948//282
f 899//1343 972//1343 897//1343
f 897//1344 972//1344 973//1344
f 897//1345 973//1345 895//1345
f 895//1346 973//1346 974//1346
f 895//1347 974//1347 893//1347
f 893//1348 974//1348 975//1348
f 893//1349 975//1349 891//1349
f 891//1349 975//1349 976//1349
f 891//1350 976//1350 889//1350
f 889//1351 976//1351 977//1351
f 889//1352 977//1352 911//1352
f 911//1353 977//1353 978//1353
f 911//1354 978//1354 909//1354
f 909//1355 978//1355 979//1355
f 909//1356 979//1356 907//1356
f 907//1357 979//1357 980//1357
f 907//1358 980//1358 905//1358
f 905//1359 980//1359 981//1359
f 905//1360 981//1360 903//1360
f 903//1361 981//1361 982//1361
f 903//1362 982//1362 901//1362
f 901//1363 982//1363 983//1363
f 901//1364 983//1364 899//1364
f 899//1365 983//1365 972//1365
f 892//1366 984//1366 894//1366
f 894//1366 984//1366 985//1366
f 894//1367 985//1367 896//1367
f 896//1368 985//1368 986//1368
f 896//1369 986//1369 898//1369
f 898//1370 986//1370 987//1370
f 898//1371 987//1371 900//1371
f 900//1372 987//1372 988//1372
f 900//1373 988//1373 902//1373
f 902//1374 988//1374 989//1374
f 902//1375 989//1375 904//1375
f 904//1376 989//1376 990//1376
f 904//1377 990//1377 906//1377
f 906//1378 990//1378 991//1378
f 906//1379 991//1379 908//1379
f 908//1380 991//1380 992//1380
f 908//1381 992//1381 910//1381
f 910//1382 992//1382 993//1382
f 910//1383 993//1383 912//1383
f 912//1384 993//1384 994//1384
f 912//1385 994//1385 890//1385
f 890//1386 994//1386 995//1386
f 890//1387 995//1387 892//1387
f 892//1388 995//1388 984//1388
f 813//1389 841//1389 996//1389
f 996//1390 841//1390 997//1390
f 996//1391 997//1391 998//1391
f 998//1392 997//1392 999//1392
f 998//1393 999//1393 1000//1393
f 1000//1394 999//1394 1001//1394
f 1000//1395 1001//1395 1002//1395
f 1002//1396 1001//1396 1003//1396
f 824//1397 804//1397 1004//1397
f 1004//1397 804//1397 1005//1397
f 1004//1398 1005//1398 1006//1398
f 1006//1398 1005//1398 1007//1398
f 1006//1399 1007//1399 1008//1399
f 1008//1400 1007//1400 1009//1400
f 1008//1401 1009//1401 1010//1401
f 1010//1402 1009//1402 1011//1402
f 1007//1403 1005//1403 1012//1403
f 1012//1404 1005//1404 804//1404
f 1009//1405 1013//1405 1011//1405
f 1011//1406 1013//1406 1014//1406
f 1014//1407 1013//1407 1015//1407
f 1015//1408 1013//1408 1016//1408
f 1015//1409 1016//1409 1017//1409
f 1018//1410 1019//1410 1016//1410
f 1016//1411 1019//1411 1020//1411
f 1020//1412 1021//1412 1016//1412
f 1016//1413 1021//1413 1022//1413
f 1016//1414 1022//1414 1017//1414
f 804//1415 803//1415 1012//1415
f 1012//1416 803//1416 806//1416
f 1012//1417 806//1417 1023//1417
f 1023//1418 806//1418 808//1418
f 1023//1419 808//1419 1024//1419
f 1024//1420 808//1420 810//1420
f 1024//1421 810//1421 811//1421
f 1002//1422 1019//1422 1000//1422
f 1000//1423 1019//1423 1018//1423
f 1000//1424 1018//1424 998//1424
f 998//1425 1018//1425 996//1425
f 1009//1426 1007//1426 1013//1426
f 1013//1427 1007//1427 1012//1427
f 1013//1428 1012//1428 1016//1428
f 1016//1429 1012//1429 1023//1429
f 1016//1430 1023//1430 1018//1430
f 1018//1431 1023//1431 1024//1431
f 1018//1432 1024//1432 996//1432
f 996//1433 1024//1433 811//1433
f 996//1434 811//1434 813//1434
f 1025//1435 1026//1435 1027//1435
f 1028//1436 1029//1436 1030//1436
f 1017//1437 1022//1437 1031//1437
f 1032//1438 1033//1438 1031//1438
f 1031//1439 1033//1439 1034//1439
f 1031//1440 1034//1440 1017//1440
f 1028//1441 1035//1441 1032//1441
f 1032//1442 1035//1442 1036//1442
f 1032//1443 1036//1443 1033//1443
f 1030//1444 1037//1444 1038//1444
f 1038//1445 1037//1445 1039//1445
f 1038//1446 1039//1446 1040//1446
f 1040//1447 1039//1447 1027//1447
f 1040//1448 1027//1448 1041//1448
f 1041//1449 1027//1449 1026//1449
f 1041//1450 1026//1450 1042//1450
f 1043//1451 1031//1451 1044//1451
f 1044//1452 1031//1452 1022//1452
f 1044//1453 1022//1453 1021//1453
f 1045//1454 1032//1454 1046//1454
f 1046//1455 1032//1455 1031//1455
f 1046//1456 1031//1456 1047//1456
f 1047//1457 1031//1457 1043//1457
f 1047//1458 1043//1458 1048//1458
f 1030//1459 1045//1459 1037//1459
f 1037//1460 1045//1460 1046//1460
f 1037//1461 1046//1461 1039//1461
f 1039//1462 1046//1462 1047//1462
f 1039//1463 1047//1463 1027//1463
f 1027//1464 1047//1464 1048//1464
f 1027//1465 1048//1465 1025//1465
f 1028//1466 1032//1466 1029//1466
f 1029//1467 1032//1467 1045//1467
f 1029//1468 1045//1468 1030//1468
f 1049//1469 1050//1469 1051//1469
f 1051//1470 1050//1470 815//1470
f 1052//1471 1053//1471 1054//1471
f 1052//1472 1055//1472 1053//1472
f 1053//1473 1055//1473 1056//1473
f 1053//1474 1056//1474 1057//1474
f 1058//1475 1059//1475 1054//1475
f 1054//1476 1059//1476 1060//1476
f 1060//1477 1061//1477 1054//1477
f 1054//1478 1061//1478 1062//1478
f 1054//1479 1062//1479 1052//1479
f 815//1480 814//1480 1051//1480
f 1051//1481 814//1481 817//1481
f 1051//1482 817//1482 1063//1482
f 1063//1483 817//1483 819//1483
f 1063//1484 819//1484 1064//1484
f 1064//1485 819//1485 821//1485
f 1064//1486 821//1486 822//1486
f 1010//1487 1059//1487 1008//1487
f 1008//1488 1059//1488 1058//1488
f 1008//1489 1058//1489 1006//1489
f 1006//1490 1058//1490 1004//1490
f 1057//1491 1049//1491 1053//1491
f 1053//1492 1049//1492 1051//1492
f 1053//1493 1051//1493 1054//1493
f 1054//1494 1051//1494 1063//1494
f 1054//1495 1063//1495 1058//1495
f 1058//1496 1063//1496 1064//1496
f 1058//1497 1064//1497 1004//1497
f 1004//1498 1064//1498 822//1498
f 1004//1499 822//1499 824//1499
f 1065//1500 1066//1500 1067//1500
f 1062//1501 1061//1501 1068//1501
f 1069//1502 1052//1502 1070//1502
f 1070//1503 1052//1503 1062//1503
f 1069//1504 1070//1504 1071//1504
f 1071//1505 1070//1505 1072//1505
f 1071//1506 1072//1506 1073//1506
f 1066//1507 1065//1507 1072//1507
f 1072//1508 1065//1508 1074//1508
f 1072//1509 1074//1509 1073//1509
f 1075//1510 1076//1510 1077//1510
f 1077//1511 1076//1511 1078//1511
f 1062//1512 1068//1512 1070//1512
f 1070//1513 1068//1513 1079//1513
f 1070//1514 1079//1514 1080//1514
f 1067//1515 1081//1515 1082//1515
f 1082//1516 1081//1516 1083//1516
f 1082//1517 1083//1517 1084//1517
f 1084//1518 1083//1518 1077//1518
f 1084//1519 1077//1519 1085//1519
f 1085//1520 1077//1520 1078//1520
f 1085//1521 1078//1521 1086//1521
f 1067//1522 1066//1522 1081//1522
f 1081//1523 1066//1523 1072//1523
f 1081//1524 1072//1524 1083//1524
f 1083//1525 1072//1525 1070//1525
f 1083//1525 1070//1525 1077//1525
f 1077//1526 1070//1526 1080//1526
f 1077//1527 1080//1527 1075//1527
f 839//1528 815//1528 1087//1528
f 1087//1528 815//1528 1050//1528
f 1087//1529 1050//1529 1088//1529
f 1088//1529 1050//1529 1049//1529
f 1088//1530 1049//1530 1089//1530
f 1089//1530 1049//1530 1057//1530
f 1089//1531 1057//1531 1090//1531
f 1090//1531 1057//1531 1056//1531
f 1091//1532 1092//1532 1093//1532
f 1093//1533 1092//1533 834//1533
f 1094//1534 1095//1534 1096//1534
f 1094//1535 1097//1535 1095//1535
f 1095//1536 1097//1536 1098//1536
f 1095//1537 1098//1537 1099//1537
f 1100//1538 1101//1538 1096//1538
f 1096//1539 1101//1539 1102//1539
f 1102//1540 1103//1540 1096//1540
f 1096//1541 1103//1541 1104//1541
f 1096//1542 1104//1542 1094//1542
f 834//1543 833//1543 1093//1543
f 1093//1544 833//1544 835//1544
f 1093//1545 835//1545 1105//1545
f 1105//1546 835//1546 836//1546
f 1105//1547 836//1547 1106//1547
f 1106//1548 836//1548 837//1548
f 1106//1549 837//1549 838//1549
f 1090//1550 1101//1550 1089//1550
f 1089//1551 1101//1551 1100//1551
f 1089//1552 1100//1552 1088//1552
f 1088//1553 1100//1553 1087//1553
f 1099//1554 1091//1554 1095//1554
f 1095//1555 1091//1555 1093//1555
f 1095//1556 1093//1556 1096//1556
f 1096//1557 1093//1557 1105//1557
f 1096//1558 1105//1558 1100//1558
f 1100//1559 1105//1559 1106//1559
f 1100//1560 1106//1560 1087//1560
f 1087//1561 1106//1561 838//1561
f 1087//1562 838//1562 839//1562
f 1107//1563 1108//1563 1109//1563
f 1110//1564 1111//1564 1112//1564
f 1094//1565 1104//1565 1113//1565
f 1114//1566 1115//1566 1113//1566
f 1113//1567 1115//1567 1116//1567
f 1113//1568 1116//1568 1094//1568
f 1110//1569 1117//1569 1114//1569
f 1114//1570 1117//1570 1118//1570
f 1114//1571 1118//1571 1115//1571
f 1112//1572 1119//1572 1120//1572
f 1120//1573 1119//1573 1121//1573
f 1120//1574 1121//1574 1122//1574
f 1122//1575 1121//1575 1109//1575
f 1122//1576 1109//1576 1123//1576
f 1123//1577 1109//1577 1108//1577
f 1123//1578 1108//1578 1124//1578
f 1125//1579 1126//1579 1127//1579
f 1127//1580 1126//1580 1128//1580
f 1129//1581 1113//1581 1130//1581
f 1130//1582 1113//1582 1104//1582
f 1130//1583 1104//1583 1103//1583
f 1131//1584 1114//1584 1132//1584
f 1132//1585 1114//1585 1113//1585
f 1132//1586 1113//1586 1127//1586
f 1127//1587 1113//1587 1129//1587
f 1127//1588 1129//1588 1125//1588
f 1112//1589 1131//1589 1119//1589
f 1119//1590 1131//1590 1132//1590
f 1119//1591 1132//1591 1121//1591
f 1121//1592 1132//1592 1127//1592
f 1121//1593 1127//1593 1109//1593
f 1109//1594 1127//1594 1128//1594
f 1109//1595 1128//1595 1107//1595
f 1110//1596 1114//1596 1111//1596
f 1111//1597 1114//1597 1131//1597
f 1111//1598 1131//1598 1112//1598
f 1098//1599 1133//1599 1099//1599
f 1099//1599 1133//1599 1134//1599
f 1099//1600 1134//1600 1091//1600
f 1091//1600 1134//1600 1135//1600
f 1091//1601 1135//1601 1092//1601
f 1092//1601 1135//1601 1136//1601
f 1092//1602 1136//1602 834//1602
f 834//1602 1136//1602 846//1602
f 999//1603 997//1603 1137//1603
f 1137//1604 997//1604 841//1604
f 1003//1605 1001//1605 1138//1605
f 1139//1606 1140//1606 1138//1606
f 1138//1607 1140//1607 1141//1607
f 1138//1608 1141//1608 1003//1608
f 1142//1609 1143//1609 1139//1609
f 1139//1610 1143//1610 1144//1610
f 1144//1611 1145//1611 1139//1611
f 1139//1612 1145//1612 1146//1612
f 1139//1613 1146//1613 1140//1613
f 841//1614 840//1614 1137//1614
f 1137//1615 840//1615 842//1615
f 1137//1616 842//1616 1147//1616
f 1147//1617 842//1617 843//1617
f 1147//1618 843//1618 1148//1618
f 1148//1619 843//1619 844//1619
f 1148//1620 844//1620 845//1620
f 1133//1621 1143//1621 1134//1621
f 1134//1622 1143//1622 1142//1622
f 1134//1623 1142//1623 1135//1623
f 1135//1624 1142//1624 1136//1624
f 1001//1625 999//1625 1138//1625
f 1138//1626 999//1626 1137//1626
f 1138//1627 1137//1627 1139//1627
f 1139//1628 1137//1628 1147//1628
f 1139//1629 1147//1629 1142//1629
f 1142//1630 1147//1630 1148//1630
f 1142//1631 1148//1631 1136//1631
f 1136//1632 1148//1632 845//1632
f 1136//1633 845//1633 846//1633
f 1149//1634 1150//1634 1151//1634
f 1152//1635 1153//1635 1154//1635
f 1140//1636 1146//1636 1155//1636
f 1156//1637 1157//1637 1155//1637
f 1155//1638 1157//1638 1158//1638
f 1155//1639 1158//1639 1140//1639
f 1152//1640 1159//1640 1156//1640
f 1156//1641 1159//1641 1160//1641
f 1156//1642 1160//1642 1157//1642
f 1154//1643 1161//1643 1162//1643
f 1162//1644 1161//1644 1163//1644
f 1162//1645 1163//1645 1164//1645
f 1164//1646 1163//1646 1151//1646
f 1164//1647 1151//1647 1165//1647
f 1165//1648 1151//1648 1150//1648
f 1165//1649 1150//1649 1166//1649
f 1167//1650 1155//1650 1168//1650
f 1168//1651 1155//1651 1146//1651
f 1168//1652 1146//1652 1145//1652
f 1169//1653 1156//1653 1170//1653
f 1170//1654 1156//1654 1155//1654
f 1170//1655 1155//1655 1171//1655
f 1171//1656 1155//1656 1167//1656
f 1171//1657 1167//1657 1172//1657
f 1154//1658 1169//1658 1161//1658
f 1161//1659 1169//1659 1170//1659
f 1161//1660 1170//1660 1163//1660
f 1163//1661 1170//1661 1171//1661
f 1163//1662 1171//1662 1151//1662
f 1151//1663 1171//1663 1172//1663
f 1151//1664 1172//1664 1149//1664
f 1152//1665 1156//1665 1153//1665
f 1153//1666 1156//1666 1169//1666
f 1153//1667 1169//1667 1154//1667
f 1173//1668 1174//1668 1175//1668
f 1175//1669 1174//1669 1176//1669
f 1175//1670 1176//1670 1177//1670
f 1177//1671 1176//1671 1178//1671
f 1177//1672 1178//1672 1179//1672
f 1177//1673 1179//1673 1180//1673
f 1177//1674 1180//1674 1181//1674
f 1181//1675 1180//1675 916//1675
f 1181//1676 916//1676 914//1676
f 1182//1677 1183//1677 1184//1677
f 1185//1678 1186//1678 1187//1678
f 1174//1679 1185//1679 1176//1679
f 1176//1680 1185//1680 1187//1680
f 1176//1681 1187//1681 1178//1681
f 1178//1682 1187//1682 1188//1682
f 1178//1683 1188//1683 1179//1683
f 1179//1684 1188//1684 1189//1684
f 1179//1685 1189//1685 1180//1685
f 1180//1686 1189//1686 1190//1686
f 1180//1687 1190//1687 916//1687
f 1184//1688 1183//1688 1191//1688
f 1191//1689 1183//1689 1192//1689
f 1191//1690 1192//1690 1193//1690
f 1194//1691 1195//1691 1196//1691
f 1196//1692 1195//1692 1197//1692
f 1193//1693 1192//1693 1198//1693
f 1198//1694 1192//1694 1196//1694
f 1198//1695 1196//1695 1199//1695
f 1199//1696 1196//1696 1197//1696
f 1199//1697 1197//1697 1200//1697
f 1182//1698 1190//1698 1183//1698
f 1183//1699 1190//1699 1189//1699
f 1183//1700 1189//1700 1192//1700
f 1192//1701 1189//1701 1188//1701
f 1192//1702 1188//1702 1196//1702
f 1196//1703 1188//1703 1187//1703
f 1196//1704 1187//1704 1194//1704
f 1194//1705 1187//1705 1186//1705
f 1200//1706 1201//1706 1199//1706
f 1199//1707 1201//1707 1202//1707
f 1199//1708 1202//1708 1198//1708
f 1198//1709 1202//1709 1203//1709
f 1198//1710 1203//1710 1193//1710
f 1193//1710 1203//1710 1204//1710
f 1193//1711 1204//1711 1191//1711
f 1191//1711 1204//1711 1205//1711
f 1191//1712 1205//1712 1184//1712
f 1184//1713 1205//1713 1206//1713
f 1184//1714 1206//1714 1182//1714
f 1182//1715 1206//1715 1207//1715
f 1182//1716 1207//1716 1190//1716
f 1190//1717 1207//1717 1208//1717
f 1190//1718 1208//1718 916//1718
f 916//1719 1208//1719 915//1719
f 1206//1720 1209//1720 1207//1720
f 1210//1721 1211//1721 1212//1721
f 1213//1722 1214//1722 1215//1722
f 1215//1723 1214//1723 1216//1723
f 1215//1724 1216//1724 1217//1724
f 1217//1725 1216//1725 1218//1725
f 1217//1726 1218//1726 1219//1726
f 1219//1727 1218//1727 915//1727
f 1219//1728 915//1728 1208//1728
f 1220//1729 1213//1729 1221//1729
f 1221//1730 1213//1730 1215//1730
f 1221//1731 1215//1731 1222//1731
f 1222//1732 1215//1732 1223//1732
f 1201//1733 1210//1733 1202//1733
f 1202//1734 1210//1734 1212//1734
f 1202//1735 1212//1735 1203//1735
f 1203//1736 1212//1736 1224//1736
f 1203//1737 1224//1737 1204//1737
f 1209//1738 1206//1738 1224//1738
f 1224//1739 1206//1739 1205//1739
f 1224//1740 1205//1740 1204//1740
f 1211//1741 1223//1741 1212//1741
f 1212//1742 1223//1742 1215//1742
f 1212//1743 1215//1743 1224//1743
f 1224//1744 1215//1744 1217//1744
f 1224//1745 1217//1745 1209//1745
f 1209//1746 1217//1746 1219//1746
f 1209//1747 1219//1747 1207//1747
f 1207//1748 1219//1748 1208//1748
f 913//1749 915//1749 1225//1749
f 1225//1750 915//1750 1218//1750
f 1225//1751 1218//1751 1226//1751
f 1226//1752 1218//1752 1216//1752
f 1226//1753 1216//1753 1227//1753
f 1227//1754 1216//1754 1228//1754
f 1228//1755 1216//1755 1214//1755
f 1228//1756 1214//1756 1229//1756
f 1229//1757 1214//1757 1213//1757
f 1229//1758 1213//1758 1230//1758
f 1230//1759 1213//1759 1220//1759
f 1230//1760 1220//1760 1231//1760
f 1232//1761 1175//1761 1177//1761
f 1233//1762 1173//1762 1175//1762
f 1175//1763 1232//1763 1233//1763
f 1233//1764 1232//1764 1234//1764
f 1233//1765 1234//1765 1235//1765
f 1235//1766 1234//1766 1236//1766
f 1235//1767 1236//1767 1237//1767
f 1238//1768 1239//1768 1240//1768
f 1241//1769 1242//1769 1243//1769
f 914//1770 1244//1770 1245//1770
f 1245//1771 1244//1771 1246//1771
f 1245//1772 1246//1772 1247//1772
f 1247//1773 1246//1773 1241//1773
f 1247//1774 1241//1774 1248//1774
f 1248//1775 1241//1775 1243//1775
f 1248//1776 1243//1776 1239//1776
f 1239//1777 1238//1777 1248//1777
f 1248//1778 1238//1778 1249//1778
f 1248//1779 1249//1779 1247//1779
f 1247//1780 1249//1780 1250//1780
f 1247//1781 1250//1781 1245//1781
f 1245//1782 1250//1782 1181//1782
f 1245//1783 1181//1783 914//1783
f 1251//1784 1237//1784 1240//1784
f 1240//1785 1237//1785 1236//1785
f 1240//1786 1236//1786 1238//1786
f 1238//1787 1236//1787 1234//1787
f 1238//1788 1234//1788 1249//1788
f 1249//1789 1234//1789 1232//1789
f 1249//1790 1232//1790 1250//1790
f 1250//1791 1232//1791 1177//1791
f 1250//1792 1177//1792 1181//1792
f 1244//1793 914//1793 913//1793
f 1252//1794 1253//1794 1242//1794
f 1242//1795 1241//1795 1252//1795
f 1252//1796 1241//1796 1246//1796
f 1252//1796 1246//1796 1254//1796
f 1254//1797 1246//1797 1244//1797
f 1254//1797 1244//1797 1255//1797
f 1255//1798 1244//1798 913//1798
f 1256//1799 1257//1799 1258//1799
f 1230//1800 1231//1800 1259//1800
f 1230//1801 1259//1801 1229//1801
f 1260//1802 1227//1802 1228//1802
f 1227//1803 1260//1803 1226//1803
f 1226//1804 1260//1804 1261//1804
f 1226//1805 1261//1805 1225//1805
f 1225//1806 1261//1806 1255//1806
f 1225//1807 1255//1807 913//1807
f 1253//1808 1252//1808 1262//1808
f 1262//1809 1252//1809 1263//1809
f 1262//1810 1263//1810 1264//1810
f 1264//1811 1263//1811 1265//1811
f 1264//1812 1265//1812 1266//1812
f 1266//1813 1265//1813 1267//1813
f 1266//1814 1267//1814 1268//1814
f 1268//1815 1267//1815 1269//1815
f 1268//1816 1269//1816 1270//1816
f 1229//1817 1259//1817 1256//1817
f 1256//1818 1259//1818 1271//1818
f 1256//1819 1271//1819 1257//1819
f 1254//1820 1255//1820 1272//1820
f 1272//1821 1255//1821 1261//1821
f 1272//1822 1261//1822 1258//1822
f 1258//1823 1261//1823 1260//1823
f 1258//1824 1260//1824 1256//1824
f 1256//1825 1260//1825 1228//1825
f 1256//1826 1228//1826 1229//1826
f 1271//1827 1269//1827 1257//1827
f 1257//1828 1269//1828 1267//1828
f 1257//1829 1267//1829 1258//1829
f 1258//1830 1267//1830 1265//1830
f 1258//1831 1265//1831 1272//1831
f 1272//1832 1265//1832 1263//1832
f 1272//1833 1263//1833 1254//1833
f 1254//1834 1263//1834 1252//1834
f 1273//1835 1274//1835 1173//1835
f 1237//1836 1251//1836 1275//1836
f 1275//1837 1276//1837 1237//1837
f 1237//1838 1276//1838 1277//1838
f 1237//1838 1277//1838 1235//1838
f 1235//1839 1277//1839 1273//1839
f 1235//1839 1273//1839 1233//1839
f 1233//1840 1273//1840 1173//1840
f 920//1841 1278//1841 921//1841
f 921//1842 1278//1842 1279//1842
f 921//1842 1279//1842 928//1842
f 928//1843 1279//1843 1280//1843
f 928//1843 1280//1843 929//1843
f 929//1844 1280//1844 1281//1844
f 929//1844 1281//1844 925//1844
f 925//1845 1281//1845 1282//1845
f 925//1845 1282//1845 926//1845
f 926//1846 1282//1846 1283//1846
f 926//1847 1283//1847 927//1847
f 927//1848 1283//1848 1284//1848
f 927//1849 1284//1849 922//1849
f 922//1850 1284//1850 1285//1850
f 922//1850 1285//1850 923//1850
f 923//1851 1285//1851 1286//1851
f 923//1851 1286//1851 924//1851
f 924//1852 1286//1852 1287//1852
f 924//1852 1287//1852 917//1852
f 917//1853 1287//1853 1288//1853
f 917//1853 1288//1853 918//1853
f 918//1854 1288//1854 1289//1854
f 918//1855 1289//1855 920//1855
f 920//1856 1289//1856 1278//1856
f 1231//1857 1290//1857 1291//1857
f 1231//1858 1291//1858 1259//1858
f 1292//1859 1270//1859 1293//1859
f 1293//1860 1270//1860 1269//1860
f 1293//1861 1269//1861 1294//1861
f 1294//1862 1269//1862 1271//1862
f 1291//1863 1295//1863 1259//1863
f 1259//1864 1295//1864 1296//1864
f 1259//1865 1296//1865 1271//1865
f 1271//1866 1296//1866 1297//1866
f 1271//1867 1297//1867 1294//1867
f 1298//8 1299//8 944//8
f 944//8 1299//8 1300//8
f 944//62 1300//62 945//62
f 945//8 1300//8 1301//8
f 945//8 1301//8 946//8
f 946//8 1301//8 1302//8
f 946//62 1302//62 947//62
f 947//8 1302//8 1303//8
f 947//8 1303//8 930//8
f 930//8 1303//8 1304//8
f 930//8 1304//8 931//8
f 931//8 1304//8 1305//8
f 931//8 1305//8 932//8
f 932//8 1305//8 1306//8
f 932//8 1306//8 933//8
f 933//8 1306//8 1307//8
f 933//62 1307//62 934//62
f 934//8 1307//8 1308//8
f 934//8 1308//8 935//8
f 935//8 1308//8 1309//8
f 935//8 1309//8 936//8
f 936//8 1309//8 1310//8
f 936//8 1310//8 937//8
f 937//8 1310//8 1311//8
f 937//8 1311//8 938//8
f 938//8 1311//8 1312//8
f 938//8 1312//8 939//8
f 939//8 1312//8 1313//8
f 939//62 1313//62 940//62
f 940//8 1313//8 1314//8
f 940//62 1314//62 941//62
f 941//8 1314//8 1315//8
f 941//8 1315//8 942//8
f 942//62 1315//62 1316//62
f 942//8 1316//8 943//8
f 943//8 1316//8 1298//8
f 943//62 1298//62 944//62
f 1317//1293 1318//1293 1319//1293
f 1319//1293 1318//1293 1320//1293
f 1319//1868 1320//1868 1321//1868
f 1321//1868 1320//1868 1322//1868
f 1321//1295 1322//1295 1323//1295
f 1323//1295 1322//1295 1324//1295
f 1323//1869 1324//1869 1325//1869
f 1325//1869 1324//1869 1326//1869
f 1325//882 1326//882 1327//882
f 1327//882 1326//882 1328//882
f 1327//1297 1328//1297 1329//1297
f 1329//1297 1328//1297 1330//1297
f 1329//1298 1330//1298 1331//1298
f 1331//1298 1330//1298 1332//1298
f 1331//1299 1332//1299 1333//1299
f 1333//1299 1332//1299 1334//1299
f 1333//1870 1334//1870 1335//1870
f 1335//1870 1334//1870 1336//1870
f 1335//1301 1336//1301 1337//1301
f 1337//1301 1336//1301 1338//1301
f 1337//1871 1338//1871 1339//1871
f 1339//1871 1338//1871 1340//1871
f 1339//1303 1340//1303 1317//1303
f 1317//1303 1340//1303 1318//1303
f 959//113 1341//113 958//113
f 958//113 1341//113 1342//113
f 958//113 1342//113 957//113
f 957//113 1342//113 1343//113
f 957//113 1343//113 956//113
f 956//113 1343//113 1344//113
f 956//113 1344//113 955//113
f 955//117 1344//117 1345//117
f 955//113 1345//113 954//113
f 954//113 1345//113 1346//113
f 954//113 1346//113 953//113
f 953//113 1346//113 1347//113
f 953//113 1347//113 952//113
f 952//113 1347//113 1348//113
f 952//113 1348//113 951//113
f 951//113 1348//113 1349//113
f 951//113 1349//113 950//113
f 950//113 1349//113 1350//113
f 950//113 1350//113 949//113
f 949//113 1350//113 1351//113
f 949//113 1351//113 948//113
f 948//113 1351//113 1352//113
f 948//113 1352//113 971//113
f 971//113 1352//113 1353//113
f 971//117 1353//117 970//117
f 970//113 1353//113 1354//113
f 970//113 1354//113 969//113
f 969//113 1354//113 1355//113
f 969//113 1355//113 968//113
f 968//113 1355//113 1356//113
f 968//113 1356//113 967//113
f 967//117 1356//117 1357//117
f 967//113 1357//113 966//113
f 966//113 1357//113 1358//113
f 966//113 1358//113 965//113
f 965//113 1358//113 1359//113
f 965//113 1359//113 964//113
f 964//117 1359//117 1360//117
f 964//113 1360//113 963//113
f 963//113 1360//113 1361//113
f 963//113 1361//113 962//113
f 962//113 1361//113 1362//113
f 962//113 1362//113 961//113
f 961//113 1362//113 1363//113
f 961//113 1363//113 960//113
f 960//113 1363//113 1364//113
f 960//113 1364//113 959//113
f 959//113 1364//113 1341//113
f 974//8 1365//8 975//8
f 975//8 1365//8 1366//8
f 975//8 1366//8 976//8
f 976//8 1366//8 1367//8
f 976//8 1367//8 977//8
f 977//62 1367//62 1368//62
f 977//8 1368//8 978//8
f 978//8 1368//8 1369//8
f 978//8 1369//8 979//8
f 979//8 1369//8 1370//8
f 979//8 1370//8 980//8
f 980//8 1370//8 1371//8
f 980//8 1371//8 981//8
f 981//8 1371//8 1372//8
f 981//8 1372//8 982//8
f 982//8 1372//8 1373//8
f 982//8 1373//8 983//8
f 983//8 1373//8 1374//8
f 983//8 1374//8 972//8
f 972//8 1374//8 1375//8
f 972//8 1375//8 973//8
f 973//8 1375//8 1376//8
f 973//8 1376//8 974//8
f 974//62 1376//62 1365//62
f 988//113 1377//113 989//113
f 989//113 1377//113 1378//113
f 989//113 1378//113 990//113
f 990//113 1378//113 1379//113
f 990//113 1379//113 991//113
f 991//113 1379//113 1380//113
f 991//113 1380//113 992//113
f 992//117 1380//117 1381//117
f 992//113 1381//113 993//113
f 993//113 1381//113 1382//113
f 993//113 1382//113 994//113
f 994//113 1382//113 1383//113
f 994//113 1383//113 995//113
f 995//117 1383//117 1384//117
f 995//113 1384//113 984//113
f 984//113 1384//113 1385//113
f 984//113 1385//113 985//113
f 985//113 1385//113 1386//113
f 985//113 1386//113 986//113
f 986//113 1386//113 1387//113
f 986//113 1387//113 987//113
f 987//113 1387//113 1388//113
f 987//113 1388//113 988//113
f 988//113 1388//113 1377//113
f 1389//1872 1390//1872 1391//1872
f 1392//1873 1393//1873 1394//1873
f 1395//1874 1396//1874 1397//1874
f 1398//1875 1399//1875 1397//1875
f 1394//1876 1393//1876 1400//1876
f 1401//1877 1402//1877 1403//1877
f 1403//1878 1402//1878 1404//1878
f 1403//1879 1404//1879 1405//1879
f 1405//1880 1404//1880 1406//1880
f 1405//1881 1406//1881 1407//1881
f 1407//1882 1406//1882 1400//1882
f 1407//1883 1400//1883 1408//1883
f 1408//1884 1400//1884 1393//1884
f 1408//1885 1393//1885 1409//1885
f 1410//1886 1411//1886 1392//1886
f 1392//1887 1411//1887 1393//1887
f 1393//1888 1411//1888 1412//1888
f 1393//1889 1412//1889 1409//1889
f 1413//1890 1414//1890 1415//1890
f 1415//1891 1414//1891 1416//1891
f 1415//1892 1416//1892 1417//1892
f 1417//1893 1416//1893 1418//1893
f 1398//1894 1397//1894 1419//1894
f 1419//1895 1397//1895 1396//1895
f 1419//1896 1396//1896 1420//1896
f 1421//1897 1422//1897 1423//1897
f 1423//1898 1422//1898 1424//1898
f 1423//1899 1424//1899 1425//1899
f 1426//1900 1400//1900 1427//1900
f 1427//1901 1400//1901 1406//1901
f 1427//1902 1406//1902 1428//1902
f 1428//1903 1406//1903 1404//1903
f 1429//1904 1413//1904 1430//1904
f 1430//1905 1413//1905 1415//1905
f 1430//1906 1415//1906 1431//1906
f 1431//1907 1415//1907 1417//1907
f 1431//1908 1417//1908 1432//1908
f 1398//1909 1429//1909 1399//1909
f 1399//1910 1429//1910 1430//1910
f 1399//1911 1430//1911 1433//1911
f 1433//1912 1430//1912 1431//1912
f 1433//1913 1431//1913 1434//1913
f 1434//1914 1431//1914 1432//1914
f 1434//1915 1432//1915 1435//1915
f 1436//1916 1437//1916 1425//1916
f 1425//1917 1437//1917 1389//1917
f 1425//1918 1389//1918 1423//1918
f 1423//1919 1389//1919 1391//1919
f 1423//1920 1391//1920 1421//1920
f 1421//1921 1391//1921 1438//1921
f 1421//1922 1438//1922 1439//1922
f 1439//1923 1438//1923 1440//1923
f 1436//1924 1395//1924 1437//1924
f 1437//1925 1395//1925 1397//1925
f 1437//1926 1397//1926 1389//1926
f 1389//1927 1397//1927 1399//1927
f 1389//1928 1399//1928 1390//1928
f 1390//1929 1399//1929 1433//1929
f 1390//1930 1433//1930 1391//1930
f 1391//1931 1433//1931 1434//1931
f 1391//1932 1434//1932 1438//1932
f 1438//1933 1434//1933 1435//1933
f 1438//1934 1435//1934 1440//1934
f 1440//1935 1435//1935 1441//1935
f 1440//1936 1441//1936 1442//1936
f 1418//1937 1410//1937 1417//1937
f 1417//1938 1410//1938 1392//1938
f 1417//1939 1392//1939 1432//1939
f 1432//1940 1392//1940 1394//1940
f 1432//1941 1394//1941 1435//1941
f 1435//1942 1394//1942 1400//1942
f 1435//1943 1400//1943 1441//1943
f 1441//1944 1400//1944 1426//1944
f 1441//1945 1426//1945 1442//1945
f 1443//1946 1444//1946 1445//1946
f 1446//1947 1447//1947 1448//1947
f 1449//1948 1450//1948 1451//1948
f 1452//1949 1453//1949 1451//1949
f 1448//1950 1447//1950 1454//1950
f 1455//1951 1456//1951 1457//1951
f 1457//1952 1456//1952 1458//1952
f 1457//1953 1458//1953 1459//1953
f 1459//1954 1458//1954 1460//1954
f 1459//1955 1460//1955 1461//1955
f 1461//1956 1460//1956 1454//1956
f 1461//1957 1454//1957 1462//1957
f 1462//1958 1454//1958 1447//1958
f 1462//1959 1447//1959 1463//1959
f 1464//1960 1465//1960 1446//1960
f 1446//1961 1465//1961 1447//1961
f 1447//1962 1465//1962 1466//1962
f 1447//1963 1466//1963 1463//1963
f 1467//1964 1468//1964 1469//1964
f 1469//1965 1468//1965 1470//1965
f 1469//1966 1470//1966 1471//1966
f 1452//1967 1451//1967 1472//1967
f 1472//1968 1451//1968 1450//1968
f 1472//1969 1450//1969 1473//1969
f 1474//1970 1475//1970 1476//1970
f 1476//1971 1475//1971 1477//1971
f 1476//1972 1477//1972 1478//1972
f 1479//1973 1454//1973 1480//1973
f 1480//1974 1454//1974 1460//1974
f 1480//1975 1460//1975 1481//1975
f 1481//1976 1460//1976 1458//1976
f 1482//1977 1467//1977 1483//1977
f 1483//1978 1467//1978 1469//1978
f 1483//1979 1469//1979 1484//1979
f 1484//1980 1469//1980 1471//1980
f 1484//1981 1471//1981 1485//1981
f 1452//1982 1482//1982 1453//1982
f 1453//1983 1482//1983 1483//1983
f 1453//1984 1483//1984 1486//1984
f 1486//1985 1483//1985 1484//1985
f 1486//1986 1484//1986 1487//1986
f 1487//1987 1484//1987 1485//1987
f 1487//1988 1485//1988 1488//1988
f 1489//1989 1490//1989 1478//1989
f 1478//1990 1490//1990 1443//1990
f 1478//1991 1443//1991 1476//1991
f 1476//1992 1443//1992 1445//1992
f 1476//1993 1445//1993 1474//1993
f 1474//1994 1445//1994 1491//1994
f 1474//1995 1491//1995 1492//1995
f 1492//1996 1491//1996 1493//1996
f 1489//1997 1449//1997 1490//1997
f 1490//1998 1449//1998 1451//1998
f 1490//1999 1451//1999 1443//1999
f 1443//2000 1451//2000 1453//2000
f 1443//2001 1453//2001 1444//2001
f 1444//2002 1453//2002 1486//2002
f 1444//2003 1486//2003 1445//2003
f 1445//2004 1486//2004 1487//2004
f 1445//2005 1487//2005 1491//2005
f 1491//2006 1487//2006 1488//2006
f 1491//2007 1488//2007 1493//2007
f 1493//2008 1488//2008 1494//2008
f 1493//2009 1494//2009 1495//2009
f 1470//2010 1464//2010 1471//2010
f 1471//2011 1464//2011 1446//2011
f 1471//2012 1446//2012 1485//2012
f 1485//2013 1446//2013 1448//2013
f 1485//2014 1448//2014 1488//2014
f 1488//2015 1448//2015 1454//2015
f 1488//2016 1454//2016 1494//2016
f 1494//2017 1454//2017 1479//2017
f 1494//2018 1479//2018 1495//2018
f 1401//2019 1496//2019 1402//2019
f 1402//2020 1496//2020 1497//2020
f 1402//2021 1497//2021 1404//2021
f 1404//2022 1497//2022 1498//2022
f 1404//2023 1498//2023 1428//2023
f 1499//2024 1439//2024 1440//2024
f 1500//2025 1426//2025 1498//2025
f 1498//2026 1426//2026 1427//2026
f 1498//2027 1427//2027 1428//2027
f 1440//2028 1442//2028 1499//2028
f 1499//2029 1442//2029 1426//2029
f 1499//2030 1426//2030 1501//2030
f 1501//2031 1426//2031 1500//2031
f 1502//2032 1395//2032 1436//2032
f 1436//2033 1425//2033 1502//2033
f 1502//2034 1425//2034 1424//2034
f 1502//2035 1424//2035 1503//2035
f 1503//2036 1424//2036 1422//2036
f 1503//2037 1422//2037 1499//2037
f 1499//2038 1422//2038 1421//2038
f 1499//2039 1421//2039 1439//2039
f 1395//2040 1502//2040 1396//2040
f 1396//2041 1502//2041 1504//2041
f 1396//2042 1504//2042 1420//2042
f 1505//2043 1506//2043 1468//2043
f 1468//2044 1506//2044 1507//2044
f 1468//2045 1507//2045 1470//2045
f 1470//2046 1507//2046 1508//2046
f 1470//2047 1508//2047 1464//2047
f 1464//2048 1508//2048 1509//2048
f 1464//2049 1509//2049 1510//2049
f 1510//2050 1511//2050 1464//2050
f 1464//2051 1511//2051 1512//2051
f 1464//2052 1512//2052 1465//2052
f 1465//2053 1512//2053 1513//2053
f 1465//2054 1513//2054 1466//2054
f 1466//2055 1513//2055 1514//2055
f 1514//2056 1515//2056 1466//2056
f 1466//2057 1515//2057 1516//2057
f 1466//2058 1516//2058 1517//2058
f 1459//2059 1461//2059 1517//2059
f 1461//2060 1462//2060 1517//2060
f 1517//2061 1462//2061 1463//2061
f 1517//2062 1463//2062 1466//2062
f 1517//2063 1518//2063 1459//2063
f 1459//2064 1518//2064 1519//2064
f 1459//2065 1519//2065 1520//2065
f 1521//2066 1522//2066 1455//2066
f 1520//2067 1523//2067 1459//2067
f 1459//2068 1523//2068 1521//2068
f 1459//2069 1521//2069 1457//2069
f 1457//2070 1521//2070 1455//2070
f 1044//2071 1021//2071 1020//2071
f 1524//2072 1020//2072 1019//2072
f 1044//2073 1020//2073 1043//2073
f 1020//2074 1524//2074 1043//2074
f 1043//2075 1524//2075 1525//2075
f 1043//2076 1525//2076 1048//2076
f 1526//2077 1026//2077 1525//2077
f 1525//2078 1026//2078 1025//2078
f 1525//2079 1025//2079 1048//2079
f 1527//2080 1528//2080 1529//2080
f 1002//2081 1530//2081 1531//2081
f 1531//2082 1530//2082 1527//2082
f 1531//2083 1527//2083 1532//2083
f 1532//2084 1527//2084 1529//2084
f 1532//2085 1529//2085 1533//2085
f 1533//2086 1529//2086 1534//2086
f 1533//2087 1534//2087 1535//2087
f 1042//2088 1026//2088 1535//2088
f 1535//2089 1026//2089 1526//2089
f 1535//2090 1526//2090 1533//2090
f 1533//2091 1526//2091 1525//2091
f 1533//2092 1525//2092 1532//2092
f 1532//2093 1525//2093 1524//2093
f 1532//2094 1524//2094 1531//2094
f 1531//2095 1524//2095 1019//2095
f 1531//2096 1019//2096 1002//2096
f 1536//2097 1528//2097 1527//2097
f 1536//2098 1527//2098 1537//2098
f 1537//2099 1527//2099 1530//2099
f 1537//2100 1530//2100 1538//2100
f 1538//2101 1530//2101 1002//2101
f 1538//2102 1002//2102 1003//2102
f 1539//2103 1152//2103 1540//2103
f 1540//2104 1152//2104 1154//2104
f 1541//2105 1140//2105 1158//2105
f 1538//2106 1003//2106 1141//2106
f 1542//2107 1536//2107 1543//2107
f 1543//2108 1536//2108 1537//2108
f 1543//2109 1537//2109 1544//2109
f 1544//2110 1537//2110 1538//2110
f 1544//2111 1538//2111 1545//2111
f 1545//2112 1538//2112 1141//2112
f 1545//2113 1141//2113 1140//2113
f 1158//2114 1157//2114 1541//2114
f 1541//2115 1157//2115 1160//2115
f 1541//2116 1160//2116 1539//2116
f 1539//2117 1160//2117 1159//2117
f 1539//2118 1159//2118 1152//2118
f 1140//2119 1541//2119 1545//2119
f 1545//2120 1541//2120 1539//2120
f 1545//2121 1539//2121 1544//2121
f 1544//2122 1539//2122 1540//2122
f 1544//2123 1540//2123 1543//2123
f 1543//2124 1540//2124 1154//2124
f 1543//2125 1154//2125 1542//2125
f 1546//2126 1060//2126 1059//2126
f 1061//2127 1060//2127 1068//2127
f 1068//2128 1060//2128 1546//2128
f 1068//2129 1546//2129 1079//2129
f 1079//2130 1546//2130 1547//2130
f 1548//2131 1078//2131 1547//2131
f 1547//2132 1078//2132 1076//2132
f 1076//2133 1075//2133 1547//2133
f 1547//2134 1075//2134 1080//2134
f 1547//2135 1080//2135 1079//2135
f 1549//2136 1550//2136 1551//2136
f 1010//2137 1552//2137 1553//2137
f 1553//2138 1552//2138 1549//2138
f 1553//2139 1549//2139 1554//2139
f 1554//2140 1549//2140 1551//2140
f 1554//2141 1551//2141 1555//2141
f 1555//2142 1551//2142 1556//2142
f 1555//2143 1556//2143 1557//2143
f 1086//2144 1078//2144 1557//2144
f 1557//2145 1078//2145 1548//2145
f 1557//2146 1548//2146 1555//2146
f 1555//2147 1548//2147 1547//2147
f 1555//2148 1547//2148 1554//2148
f 1554//2149 1547//2149 1546//2149
f 1554//2150 1546//2150 1553//2150
f 1553//2151 1546//2151 1059//2151
f 1553//2152 1059//2152 1010//2152
f 1558//2153 1550//2153 1549//2153
f 1558//2153 1549//2153 1559//2153
f 1559//2154 1549//2154 1552//2154
f 1559//2154 1552//2154 1560//2154
f 1560//2155 1552//2155 1010//2155
f 1560//2155 1010//2155 1011//2155
f 1561//2156 1028//2156 1562//2156
f 1562//2157 1028//2157 1030//2157
f 1560//2158 1011//2158 1014//2158
f 1563//2159 1558//2159 1564//2159
f 1564//2160 1558//2160 1559//2160
f 1564//2161 1559//2161 1565//2161
f 1565//2162 1559//2162 1560//2162
f 1565//2163 1560//2163 1566//2163
f 1566//2164 1560//2164 1014//2164
f 1566//2165 1014//2165 1015//2165
f 1034//2166 1033//2166 1567//2166
f 1567//2167 1033//2167 1036//2167
f 1567//2168 1036//2168 1561//2168
f 1561//2169 1036//2169 1035//2169
f 1561//2170 1035//2170 1028//2170
f 1017//2171 1034//2171 1015//2171
f 1015//2172 1034//2172 1567//2172
f 1015//2173 1567//2173 1566//2173
f 1566//2174 1567//2174 1561//2174
f 1566//2175 1561//2175 1565//2175
f 1565//2176 1561//2176 1562//2176
f 1565//2177 1562//2177 1564//2177
f 1564//2178 1562//2178 1030//2178
f 1564//2179 1030//2179 1563//2179
f 1042//2180 1568//2180 1569//2180
f 1042//2181 1569//2181 1041//2181
f 1041//2182 1569//2182 1570//2182
f 1041//2183 1570//2183 1040//2183
f 1040//2184 1570//2184 1571//2184
f 1040//2185 1571//2185 1038//2185
f 1038//2186 1571//2186 1572//2186
f 1038//2187 1572//2187 1030//2187
f 1085//2188 1086//2188 1573//2188
f 1573//2189 1574//2189 1085//2189
f 1085//2190 1574//2190 1575//2190
f 1085//2191 1575//2191 1084//2191
f 1084//2192 1575//2192 1576//2192
f 1084//2193 1576//2193 1082//2193
f 1082//2194 1576//2194 1577//2194
f 1082//2194 1577//2194 1067//2194
f 1578//2195 1065//2195 1579//2195
f 1579//2196 1065//2196 1067//2196
f 1580//2197 1052//2197 1069//2197
f 1581//2198 1056//2198 1055//2198
f 1582//2199 1583//2199 1584//2199
f 1584//2200 1583//2200 1585//2200
f 1584//2201 1585//2201 1586//2201
f 1586//2202 1585//2202 1581//2202
f 1586//2203 1581//2203 1587//2203
f 1587//2204 1581//2204 1055//2204
f 1587//2205 1055//2205 1052//2205
f 1069//2206 1071//2206 1580//2206
f 1580//2207 1071//2207 1073//2207
f 1580//2208 1073//2208 1578//2208
f 1578//2209 1073//2209 1074//2209
f 1578//2210 1074//2210 1065//2210
f 1052//2211 1580//2211 1587//2211
f 1587//2212 1580//2212 1578//2212
f 1587//2213 1578//2213 1586//2213
f 1586//2214 1578//2214 1579//2214
f 1586//2215 1579//2215 1584//2215
f 1584//2216 1579//2216 1067//2216
f 1584//2217 1067//2217 1582//2217
f 1588//2218 1090//2218 1056//2218
f 1585//2219 1583//2219 1589//2219
f 1056//2218 1581//2218 1588//2218
f 1588//2220 1581//2220 1585//2220
f 1588//2221 1585//2221 1590//2221
f 1590//2222 1585//2222 1589//2222
f 1130//2223 1103//2223 1102//2223
f 1591//2224 1101//2224 1090//2224
f 1592//2225 1102//2225 1101//2225
f 1130//2226 1102//2226 1129//2226
f 1129//2227 1102//2227 1592//2227
f 1129//2228 1592//2228 1125//2228
f 1125//2229 1592//2229 1593//2229
f 1125//2230 1593//2230 1126//2230
f 1124//2231 1108//2231 1594//2231
f 1594//2232 1108//2232 1107//2232
f 1594//2233 1107//2233 1593//2233
f 1593//2234 1107//2234 1128//2234
f 1593//2235 1128//2235 1126//2235
f 1590//2236 1589//2236 1595//2236
f 1090//2237 1588//2237 1591//2237
f 1591//2238 1588//2238 1590//2238
f 1591//2239 1590//2239 1596//2239
f 1596//2240 1590//2240 1595//2240
f 1596//2241 1595//2241 1597//2241
f 1597//2242 1595//2242 1598//2242
f 1597//2243 1598//2243 1599//2243
f 1101//2244 1591//2244 1592//2244
f 1592//2245 1591//2245 1596//2245
f 1592//2246 1596//2246 1593//2246
f 1593//2247 1596//2247 1597//2247
f 1593//2248 1597//2248 1594//2248
f 1594//2249 1597//2249 1599//2249
f 1594//2250 1599//2250 1124//2250
f 1124//2251 1600//2251 1601//2251
f 1124//2252 1601//2252 1123//2252
f 1123//2253 1601//2253 1602//2253
f 1123//2253 1602//2253 1122//2253
f 1122//2254 1602//2254 1603//2254
f 1122//2254 1603//2254 1120//2254
f 1120//2255 1603//2255 1604//2255
f 1120//2255 1604//2255 1112//2255
f 1605//2256 1110//2256 1606//2256
f 1606//2257 1110//2257 1112//2257
f 1607//2258 1094//2258 1116//2258
f 1608//2259 1098//2259 1097//2259
f 1609//2260 1610//2260 1611//2260
f 1611//2261 1610//2261 1612//2261
f 1611//2262 1612//2262 1613//2262
f 1613//2263 1612//2263 1608//2263
f 1613//2264 1608//2264 1614//2264
f 1614//2265 1608//2265 1097//2265
f 1614//2266 1097//2266 1094//2266
f 1116//2267 1115//2267 1607//2267
f 1607//2268 1115//2268 1118//2268
f 1607//2269 1118//2269 1605//2269
f 1605//2270 1118//2270 1117//2270
f 1605//2271 1117//2271 1110//2271
f 1094//2272 1607//2272 1614//2272
f 1614//2273 1607//2273 1605//2273
f 1614//2274 1605//2274 1613//2274
f 1613//2275 1605//2275 1606//2275
f 1613//2276 1606//2276 1611//2276
f 1611//2277 1606//2277 1112//2277
f 1611//2278 1112//2278 1609//2278
f 1615//2279 1133//2279 1098//2279
f 1612//2280 1610//2280 1616//2280
f 1098//2281 1608//2281 1615//2281
f 1615//2282 1608//2282 1612//2282
f 1615//2283 1612//2283 1617//2283
f 1617//2284 1612//2284 1616//2284
f 1168//2285 1145//2285 1144//2285
f 1618//2286 1144//2286 1143//2286
f 1168//2287 1144//2287 1167//2287
f 1144//2288 1618//2288 1167//2288
f 1167//2289 1618//2289 1619//2289
f 1167//2290 1619//2290 1172//2290
f 1620//2291 1150//2291 1619//2291
f 1619//2292 1150//2292 1149//2292
f 1619//2293 1149//2293 1172//2293
f 1617//2294 1616//2294 1621//2294
f 1166//2295 1150//2295 1622//2295
f 1622//2296 1150//2296 1620//2296
f 1622//2297 1620//2297 1623//2297
f 1623//2298 1620//2298 1619//2298
f 1623//2299 1619//2299 1624//2299
f 1624//2300 1619//2300 1618//2300
f 1624//2301 1618//2301 1625//2301
f 1625//2302 1618//2302 1143//2302
f 1625//2303 1143//2303 1133//2303
f 1133//2304 1615//2304 1625//2304
f 1625//2305 1615//2305 1617//2305
f 1625//2306 1617//2306 1624//2306
f 1624//2307 1617//2307 1621//2307
f 1624//2308 1621//2308 1623//2308
f 1623//2309 1621//2309 1626//2309
f 1623//2310 1626//2310 1622//2310
f 1166//2311 1627//2311 1628//2311
f 1166//2312 1628//2312 1165//2312
f 1165//2313 1628//2313 1629//2313
f 1165//2313 1629//2313 1164//2313
f 1164//2314 1629//2314 1630//2314
f 1164//2314 1630//2314 1162//2314
f 1162//2315 1630//2315 1631//2315
f 1162//2316 1631//2316 1154//2316
f 1632//2317 1633//2317 1634//2317
f 1635//2318 1636//2318 1637//2318
f 1522//2319 1521//2319 1638//2319
f 1638//2320 1521//2320 1523//2320
f 1637//2321 1636//2321 1639//2321
f 1640//2322 1641//2322 1642//2322
f 1642//2323 1641//2323 1639//2323
f 1642//2324 1639//2324 1643//2324
f 1643//2325 1639//2325 1636//2325
f 1643//2326 1636//2326 1644//2326
f 1644//2327 1636//2327 1645//2327
f 1645//2328 1636//2328 1635//2328
f 1645//2329 1635//2329 1646//2329
f 1647//2330 1648//2330 1649//2330
f 1649//2331 1648//2331 1650//2331
f 1649//2332 1650//2332 1651//2332
f 1652//2333 1653//2333 1654//2333
f 1654//2334 1653//2334 1655//2334
f 1505//2335 1655//2335 1506//2335
f 1506//2336 1655//2336 1653//2336
f 1506//2337 1653//2337 1507//2337
f 1507//2338 1653//2338 1508//2338
f 1656//2339 1514//2339 1513//2339
f 1513//2340 1512//2340 1656//2340
f 1656//2341 1512//2341 1511//2341
f 1656//2342 1511//2342 1510//2342
f 1519//2343 1639//2343 1520//2343
f 1520//2344 1639//2344 1641//2344
f 1520//2345 1641//2345 1523//2345
f 1523//2346 1641//2346 1640//2346
f 1523//2347 1640//2347 1638//2347
f 1657//2348 1647//2348 1658//2348
f 1658//2349 1647//2349 1649//2349
f 1658//2350 1649//2350 1659//2350
f 1659//2351 1649//2351 1651//2351
f 1659//2352 1651//2352 1660//2352
f 1654//2353 1657//2353 1652//2353
f 1652//2354 1657//2354 1658//2354
f 1652//2355 1658//2355 1661//2355
f 1661//2356 1658//2356 1659//2356
f 1661//2357 1659//2357 1662//2357
f 1662//2358 1659//2358 1660//2358
f 1662//2359 1660//2359 1663//2359
f 1509//2360 1664//2360 1510//2360
f 1510//2361 1664//2361 1632//2361
f 1510//2362 1632//2362 1656//2362
f 1656//2363 1632//2363 1634//2363
f 1656//2364 1634//2364 1514//2364
f 1514//2365 1634//2365 1665//2365
f 1514//2366 1665//2366 1515//2366
f 1515//2367 1665//2367 1516//2367
f 1509//2368 1508//2368 1664//2368
f 1664//2369 1508//2369 1653//2369
f 1664//2370 1653//2370 1632//2370
f 1632//2371 1653//2371 1652//2371
f 1632//2372 1652//2372 1633//2372
f 1633//2373 1652//2373 1661//2373
f 1633//2374 1661//2374 1634//2374
f 1634//2375 1661//2375 1662//2375
f 1634//2376 1662//2376 1665//2376
f 1665//2377 1662//2377 1663//2377
f 1665//2378 1663//2378 1516//2378
f 1516//2379 1663//2379 1666//2379
f 1516//2380 1666//2380 1517//2380
f 1517//2381 1666//2381 1518//2381
f 1650//2382 1646//2382 1651//2382
f 1651//2383 1646//2383 1635//2383
f 1651//2384 1635//2384 1660//2384
f 1660//2385 1635//2385 1637//2385
f 1660//2386 1637//2386 1663//2386
f 1663//2387 1637//2387 1639//2387
f 1663//2388 1639//2388 1666//2388
f 1666//2389 1639//2389 1519//2389
f 1666//2390 1519//2390 1518//2390
f 1274//2391 1273//2391 1667//2391
f 1274//2392 1667//2392 1668//2392
f 1668//2393 1667//2393 1669//2393
f 1668//2394 1669//2394 1670//2394
f 1670//2395 1669//2395 1671//2395
f 1670//2396 1671//2396 1672//2396
f 1672//2397 1671//2397 1673//2397
f 1672//2398 1673//2398 1674//2398
f 1675//2399 1676//2399 1677//2399
f 1678//2400 1679//2400 1680//2400
f 1680//2401 1679//2401 1675//2401
f 1680//2402 1675//2402 1681//2402
f 1681//2403 1675//2403 1677//2403
f 1682//2404 1276//2404 1275//2404
f 1275//2405 1683//2405 1682//2405
f 1682//2406 1683//2406 1684//2406
f 1682//2407 1684//2407 1676//2407
f 1676//2408 1684//2408 1685//2408
f 1676//2409 1685//2409 1677//2409
f 1679//2410 1686//2410 1675//2410
f 1675//2411 1686//2411 1687//2411
f 1675//2412 1687//2412 1676//2412
f 1676//2413 1687//2413 1688//2413
f 1676//2414 1688//2414 1682//2414
f 1682//2415 1688//2415 1689//2415
f 1682//2416 1689//2416 1276//2416
f 1276//2417 1689//2417 1277//2417
f 1686//2418 1673//2418 1687//2418
f 1687//2419 1673//2419 1671//2419
f 1687//2420 1671//2420 1688//2420
f 1688//2421 1671//2421 1669//2421
f 1688//2422 1669//2422 1689//2422
f 1689//2423 1669//2423 1667//2423
f 1689//2424 1667//2424 1277//2424
f 1277//2425 1667//2425 1273//2425
f 1674//2426 1690//2426 1174//2426
f 1274//2427 1668//2427 1670//2427
f 1174//2428 1173//2428 1674//2428
f 1674//2429 1173//2429 1274//2429
f 1674//2430 1274//2430 1672//2430
f 1672//2431 1274//2431 1670//2431
f 1691//2432 1200//2432 1692//2432
f 1692//2433 1200//2433 1197//2433
f 1692//2434 1197//2434 1693//2434
f 1693//2435 1197//2435 1195//2435
f 1693//2436 1195//2436 1694//2436
f 1694//2437 1195//2437 1194//2437
f 1694//2438 1194//2438 1695//2438
f 1695//2439 1194//2439 1186//2439
f 1695//2440 1186//2440 1696//2440
f 1696//2441 1186//2441 1185//2441
f 1696//2442 1185//2442 1697//2442
f 1697//2443 1185//2443 1174//2443
f 1697//2444 1174//2444 1690//2444
f 1698//2445 1201//2445 1691//2445
f 1691//2446 1201//2446 1200//2446
f 1699//2447 1220//2447 1700//2447
f 1700//2448 1220//2448 1221//2448
f 1700//2449 1221//2449 1701//2449
f 1701//2450 1221//2450 1222//2450
f 1701//2451 1222//2451 1702//2451
f 1702//2452 1222//2452 1223//2452
f 1702//2453 1223//2453 1703//2453
f 1703//2454 1223//2454 1211//2454
f 1703//2455 1211//2455 1704//2455
f 1704//2456 1211//2456 1210//2456
f 1704//2457 1210//2457 1705//2457
f 1705//2458 1210//2458 1201//2458
f 1705//2459 1201//2459 1698//2459
f 1706//2460 1707//2460 1708//2460
f 1708//2461 1707//2461 1290//2461
f 1708//2462 1290//2462 1709//2462
f 1709//2463 1290//2463 1231//2463
f 1709//2464 1231//2464 1699//2464
f 1699//2465 1231//2465 1220//2465
f 1710//2466 1711//2466 1712//2466
f 1713//2467 1714//2467 1715//2467
f 1716//2468 1717//2468 1718//2468
f 1719//2469 1720//2469 1718//2469
f 1715//2470 1714//2470 1721//2470
f 1496//2471 1722//2471 1497//2471
f 1497//2472 1722//2472 1723//2472
f 1497//2473 1723//2473 1498//2473
f 1498//2474 1723//2474 1724//2474
f 1498//2475 1724//2475 1500//2475
f 1500//2476 1724//2476 1721//2476
f 1500//2477 1721//2477 1501//2477
f 1501//2478 1721//2478 1714//2478
f 1501//2479 1714//2479 1499//2479
f 1499//2480 1714//2480 1713//2480
f 1499//2481 1713//2481 1503//2481
f 1725//2482 1504//2482 1726//2482
f 1726//2483 1504//2483 1502//2483
f 1719//2484 1718//2484 1727//2484
f 1727//2485 1718//2485 1717//2485
f 1727//2486 1717//2486 1728//2486
f 1729//2487 1730//2487 1731//2487
f 1731//2488 1730//2488 1732//2488
f 1731//2489 1732//2489 1733//2489
f 1734//2490 1721//2490 1735//2490
f 1735//2491 1721//2491 1724//2491
f 1735//2492 1724//2492 1736//2492
f 1736//2493 1724//2493 1723//2493
f 1737//2494 1504//2494 1738//2494
f 1738//2495 1504//2495 1725//2495
f 1738//2496 1725//2496 1739//2496
f 1739//2497 1725//2497 1726//2497
f 1739//2498 1726//2498 1740//2498
f 1719//2499 1737//2499 1720//2499
f 1720//2500 1737//2500 1738//2500
f 1720//2501 1738//2501 1741//2501
f 1741//2502 1738//2502 1739//2502
f 1741//2503 1739//2503 1742//2503
f 1742//2504 1739//2504 1740//2504
f 1742//2505 1740//2505 1743//2505
f 1744//2506 1745//2506 1733//2506
f 1733//2507 1745//2507 1710//2507
f 1733//2508 1710//2508 1731//2508
f 1731//2509 1710//2509 1712//2509
f 1731//2510 1712//2510 1729//2510
f 1729//2511 1712//2511 1746//2511
f 1729//2512 1746//2512 1747//2512
f 1747//2513 1746//2513 1748//2513
f 1744//2514 1716//2514 1745//2514
f 1745//2515 1716//2515 1718//2515
f 1745//2516 1718//2516 1710//2516
f 1710//2517 1718//2517 1720//2517
f 1710//2518 1720//2518 1711//2518
f 1711//2519 1720//2519 1741//2519
f 1711//2520 1741//2520 1712//2520
f 1712//2521 1741//2521 1742//2521
f 1712//2522 1742//2522 1746//2522
f 1746//2523 1742//2523 1743//2523
f 1746//2524 1743//2524 1748//2524
f 1748//2525 1743//2525 1749//2525
f 1748//2526 1749//2526 1750//2526
f 1502//2527 1503//2527 1726//2527
f 1726//2528 1503//2528 1713//2528
f 1726//2529 1713//2529 1740//2529
f 1740//2530 1713//2530 1715//2530
f 1740//2531 1715//2531 1743//2531
f 1743//2532 1715//2532 1721//2532
f 1743//2533 1721//2533 1749//2533
f 1749//2534 1721//2534 1734//2534
f 1749//2535 1734//2535 1750//2535
f 1496//323 1288//323 1287//323
f 1287//2536 1286//2536 1253//2536
f 1284//2537 1251//2537 1285//2537
f 1285//2538 1251//2538 1240//2538
f 1288//323 1496//323 1289//323
f 1289//323 1496//323 1401//323
f 1289//323 1401//323 1278//323
f 1253//2539 1262//2539 1287//2539
f 1287//323 1262//323 1264//323
f 1287//323 1264//323 1266//323
f 1292//2540 1496//2540 1270//2540
f 1270//2541 1496//2541 1287//2541
f 1270//2542 1287//2542 1268//2542
f 1268//323 1287//323 1266//323
f 1275//2543 1251//2543 1522//2543
f 1522//2544 1251//2544 1284//2544
f 1522//323 1284//323 1455//323
f 1455//323 1284//323 1283//323
f 1455//323 1283//323 1282//323
f 1282//323 1281//323 1455//323
f 1455//323 1281//323 1280//323
f 1455//323 1280//323 1401//323
f 1401//323 1280//323 1279//323
f 1401//323 1279//323 1278//323
f 1240//323 1239//323 1285//323
f 1285//323 1239//323 1243//323
f 1285//323 1243//323 1286//323
f 1286//323 1243//323 1242//323
f 1286//2545 1242//2545 1253//2545
f 1751//2546 1752//2546 1753//2546
f 1754//2547 1755//2547 1756//2547
f 1757//2548 1707//2548 1706//2548
f 1290//2549 1707//2549 1291//2549
f 1291//2550 1707//2550 1757//2550
f 1291//2551 1757//2551 1295//2551
f 1295//2552 1757//2552 1758//2552
f 1295//2553 1758//2553 1296//2553
f 1296//2554 1758//2554 1297//2554
f 1297//2555 1758//2555 1756//2555
f 1297//2556 1756//2556 1294//2556
f 1294//2557 1756//2557 1293//2557
f 1293//2558 1756//2558 1755//2558
f 1293//2559 1755//2559 1292//2559
f 1753//2560 1759//2560 1760//2560
f 1759//2561 1753//2561 1761//2561
f 1761//2562 1753//2562 1752//2562
f 1761//2563 1752//2563 1762//2563
f 1751//2564 1753//2564 1763//2564
f 1763//2565 1753//2565 1764//2565
f 1763//2566 1764//2566 1765//2566
f 1765//2567 1764//2567 1766//2567
f 1765//2568 1766//2568 1767//2568
f 1706//2569 1768//2569 1757//2569
f 1757//2570 1768//2570 1769//2570
f 1757//2571 1769//2571 1758//2571
f 1758//2572 1769//2572 1770//2572
f 1758//2573 1770//2573 1756//2573
f 1756//2574 1770//2574 1771//2574
f 1756//2575 1771//2575 1754//2575
f 1709//2576 1772//2576 1708//2576
f 1708//2577 1772//2577 1767//2577
f 1708//2578 1767//2578 1706//2578
f 1706//2579 1767//2579 1766//2579
f 1706//2580 1766//2580 1768//2580
f 1768//2581 1766//2581 1764//2581
f 1768//2582 1764//2582 1769//2582
f 1769//2583 1764//2583 1753//2583
f 1769//2584 1753//2584 1770//2584
f 1770//2585 1753//2585 1760//2585
f 1770//2586 1760//2586 1771//2586
f 1773//2587 1311//2587 1774//2587
f 1774//2588 1311//2588 1310//2588
f 1774//2589 1310//2589 1775//2589
f 1775//2590 1310//2590 1309//2590
f 1775//2591 1309//2591 1776//2591
f 1776//2592 1309//2592 1308//2592
f 1776//2593 1308//2593 1777//2593
f 1777//2594 1308//2594 1307//2594
f 1777//2595 1307//2595 1778//2595
f 1778//2596 1307//2596 1306//2596
f 1778//2597 1306//2597 1779//2597
f 1779//2598 1306//2598 1305//2598
f 1779//2599 1305//2599 1780//2599
f 1780//2600 1305//2600 1304//2600
f 1780//2601 1304//2601 1781//2601
f 1781//2602 1304//2602 1303//2602
f 1781//2603 1303//2603 1782//2603
f 1782//2603 1303//2603 1302//2603
f 1782//2604 1302//2604 1783//2604
f 1783//2605 1302//2605 1301//2605
f 1783//2606 1301//2606 1784//2606
f 1784//2607 1301//2607 1300//2607
f 1784//2608 1300//2608 1785//2608
f 1785//2609 1300//2609 1299//2609
f 1785//2610 1299//2610 1786//2610
f 1786//2611 1299//2611 1298//2611
f 1786//2612 1298//2612 1787//2612
f 1787//2613 1298//2613 1316//2613
f 1787//2614 1316//2614 1788//2614
f 1788//2615 1316//2615 1315//2615
f 1788//2616 1315//2616 1789//2616
f 1789//2617 1315//2617 1314//2617
f 1789//2618 1314//2618 1790//2618
f 1790//2619 1314//2619 1313//2619
f 1790//2620 1313//2620 1791//2620
f 1791//2621 1313//2621 1312//2621
f 1791//2622 1312//2622 1773//2622
f 1773//2623 1312//2623 1311//2623
f 1327//2624 1792//2624 1325//2624
f 1325//2624 1792//2624 1793//2624
f 1325//2625 1793//2625 1323//2625
f 1323//2626 1793//2626 1794//2626
f 1323//1347 1794//1347 1321//1347
f 1321//2627 1794//2627 1795//2627
f 1321//2628 1795//2628 1319//2628
f 1319//2629 1795//2629 1796//2629
f 1319//2630 1796//2630 1317//2630
f 1317//2631 1796//2631 1797//2631
f 1317//1352 1797//1352 1339//1352
f 1339//2632 1797//2632 1798//2632
f 1339//2633 1798//2633 1337//2633
f 1337//2634 1798//2634 1799//2634
f 1337//2635 1799//2635 1335//2635
f 1335//2636 1799//2636 1800//2636
f 1335//2637 1800//2637 1333//2637
f 1333//2638 1800//2638 1801//2638
f 1333//2639 1801//2639 1331//2639
f 1331//2639 1801//2639 1802//2639
f 1331//2640 1802//2640 1329//2640
f 1329//2641 1802//2641 1803//2641
f 1329//2642 1803//2642 1327//2642
f 1327//2643 1803//2643 1792//2643
f 1320//2644 1804//2644 1322//2644
f 1322//2645 1804//2645 1805//2645
f 1322//2646 1805//2646 1324//2646
f 1324//2647 1805//2647 1806//2647
f 1324//2648 1806//2648 1326//2648
f 1326//2649 1806//2649 1807//2649
f 1326//2650 1807//2650 1328//2650
f 1328//2650 1807//2650 1808//2650
f 1328//2651 1808//2651 1330//2651
f 1330//2652 1808//2652 1809//2652
f 1330//2653 1809//2653 1332//2653
f 1332//2654 1809//2654 1810//2654
f 1332//2655 1810//2655 1334//2655
f 1334//2655 1810//2655 1811//2655
f 1334//2656 1811//2656 1336//2656
f 1336//2657 1811//2657 1812//2657
f 1336//1381 1812//1381 1338//1381
f 1338//2658 1812//2658 1813//2658
f 1338//2659 1813//2659 1340//2659
f 1340//2660 1813//2660 1814//2660
f 1340//2661 1814//2661 1318//2661
f 1318//2662 1814//2662 1815//2662
f 1318//1387 1815//1387 1320//1387
f 1320//2663 1815//2663 1804//2663
f 1816//2664 1817//2664 1818//2664
f 1818//2665 1817//2665 1819//2665
f 1816//2666 1818//2666 1820//2666
f 1820//2667 1818//2667 1821//2667
f 1820//2668 1821//2668 1822//2668
f 1822//2669 1821//2669 1823//2669
f 1823//2670 1821//2670 1824//2670
f 1823//2671 1824//2671 1825//2671
f 1826//2672 1825//2672 1827//2672
f 1827//2673 1825//2673 1824//2673
f 1827//2674 1824//2674 1828//2674
f 1829//2675 1830//2675 1831//2675
f 1831//2676 1830//2676 1832//2676
f 1831//2677 1832//2677 1833//2677
f 1833//2678 1832//2678 1834//2678
f 1833//2679 1834//2679 1835//2679
f 1835//2680 1834//2680 1836//2680
f 1835//2681 1836//2681 1828//2681
f 1828//2682 1836//2682 1837//2682
f 1828//2683 1824//2683 1835//2683
f 1835//2684 1824//2684 1821//2684
f 1835//2685 1821//2685 1833//2685
f 1833//2686 1821//2686 1818//2686
f 1833//2687 1818//2687 1831//2687
f 1831//2688 1818//2688 1819//2688
f 1831//2689 1819//2689 1829//2689
f 1837//2690 1838//2690 1828//2690
f 1828//2691 1838//2691 1839//2691
f 1839//2692 1840//2692 1828//2692
f 1828//2693 1840//2693 1841//2693
f 1828//2694 1841//2694 1842//2694
f 1828//2695 1842//2695 1827//2695
f 1843//2696 1826//2696 1844//2696
f 1844//2697 1826//2697 1827//2697
f 1844//2698 1827//2698 1845//2698
f 1845//2699 1827//2699 1846//2699
f 1846//2700 1827//2700 1842//2700
f 1847//2701 1837//2701 1836//2701
f 1847//2702 1836//2702 1848//2702
f 1848//2703 1836//2703 1834//2703
f 1848//2704 1834//2704 1849//2704
f 1849//2705 1834//2705 1832//2705
f 1849//2706 1832//2706 1850//2706
f 1832//2707 1830//2707 1850//2707
f 1850//2708 1830//2708 1829//2708
f 1850//2709 1829//2709 1851//2709
f 1852//338 1853//338 1346//338
f 1346//338 1853//338 1347//338
f 1852//2710 1346//2710 1345//2710
f 1852//2710 1345//2710 1854//2710
f 1854//2711 1345//2711 1344//2711
f 1854//2711 1344//2711 1855//2711
f 1855//2712 1344//2712 1343//2712
f 1855//2712 1343//2712 1856//2712
f 1856//2713 1343//2713 1342//2713
f 1856//2713 1342//2713 1857//2713
f 1857//2714 1342//2714 1341//2714
f 1857//2714 1341//2714 1858//2714
f 1858//323 1341//323 1859//323
f 1859//323 1341//323 1364//323
f 1859//2715 1364//2715 1363//2715
f 1859//2715 1363//2715 1860//2715
f 1860//2716 1363//2716 1362//2716
f 1860//2716 1362//2716 1861//2716
f 1861//2717 1362//2717 1361//2717
f 1861//2717 1361//2717 1862//2717
f 1862//2718 1361//2718 1360//2718
f 1862//2718 1360//2718 1863//2718
f 1863//2719 1360//2719 1359//2719
f 1863//2719 1359//2719 1864//2719
f 1864//1139 1359//1139 1865//1139
f 1865//1139 1359//1139 1358//1139
f 1865//2720 1358//2720 1357//2720
f 1865//2720 1357//2720 1866//2720
f 1866//2721 1357//2721 1356//2721
f 1866//2721 1356//2721 1867//2721
f 1867//2722 1356//2722 1355//2722
f 1867//2722 1355//2722 1868//2722
f 1868//2723 1355//2723 1354//2723
f 1868//2723 1354//2723 1869//2723
f 1869//2724 1354//2724 1353//2724
f 1869//2724 1353//2724 1870//2724
f 1871//282 1870//282 1352//282
f 1352//282 1870//282 1353//282
f 1871//2725 1352//2725 1351//2725
f 1871//2725 1351//2725 1872//2725
f 1872//2726 1351//2726 1350//2726
f 1872//2726 1350//2726 1873//2726
f 1873//2727 1350//2727 1349//2727
f 1873//2727 1349//2727 1874//2727
f 1874//2728 1349//2728 1348//2728
f 1874//2728 1348//2728 1875//2728
f 1875//2729 1348//2729 1347//2729
f 1875//2729 1347//2729 1853//2729
f 1876//2730 1877//2730 1878//2730
f 1878//2731 1877//2731 1879//2731
f 1878//2732 1879//2732 1880//2732
f 1880//2733 1879//2733 1881//2733
f 1880//2734 1881//2734 1882//2734
f 1882//2735 1881//2735 1883//2735
f 1882//2736 1883//2736 1884//2736
f 1884//2736 1883//2736 1885//2736
f 1884//2737 1885//2737 1886//2737
f 1886//2738 1885//2738 1887//2738
f 1886//2739 1887//2739 1888//2739
f 1888//2740 1887//2740 1889//2740
f 1888//2741 1889//2741 1890//2741
f 1890//2742 1889//2742 1891//2742
f 1890//2656 1891//2656 1892//2656
f 1892//2743 1891//2743 1893//2743
f 1892//2744 1893//2744 1894//2744
f 1894//2745 1893//2745 1895//2745
f 1894//2746 1895//2746 1896//2746
f 1896//2747 1895//2747 1897//2747
f 1896//2748 1897//2748 1898//2748
f 1898//2749 1897//2749 1899//2749
f 1898//2750 1899//2750 1876//2750
f 1876//2751 1899//2751 1877//2751
f 1374//2752 1900//2752 1375//2752
f 1375//2753 1900//2753 1901//2753
f 1375//2753 1901//2753 1376//2753
f 1376//2754 1901//2754 1902//2754
f 1376//2754 1902//2754 1365//2754
f 1365//2755 1902//2755 1903//2755
f 1365//2755 1903//2755 1366//2755
f 1366//1299 1903//1299 1904//1299
f 1366//1299 1904//1299 1367//1299
f 1367//2756 1904//2756 1905//2756
f 1367//2756 1905//2756 1368//2756
f 1368//2757 1905//2757 1906//2757
f 1368//2757 1906//2757 1369//2757
f 1369//882 1906//882 1907//882
f 1369//882 1907//882 1370//882
f 1370//2758 1907//2758 1908//2758
f 1370//2758 1908//2758 1371//2758
f 1371//2759 1908//2759 1909//2759
f 1371//2759 1909//2759 1372//2759
f 1372//2760 1909//2760 1910//2760
f 1372//2760 1910//2760 1373//2760
f 1373//2761 1910//2761 1911//2761
f 1373//2761 1911//2761 1374//2761
f 1374//2752 1911//2752 1900//2752
f 1384//2756 1912//2756 1385//2756
f 1385//2762 1912//2762 1913//2762
f 1385//2762 1913//2762 1386//2762
f 1386//2755 1913//2755 1914//2755
f 1386//2755 1914//2755 1387//2755
f 1387//2754 1914//2754 1915//2754
f 1387//2754 1915//2754 1388//2754
f 1388//2753 1915//2753 1916//2753
f 1388//2753 1916//2753 1377//2753
f 1377//2752 1916//2752 1917//2752
f 1377//2752 1917//2752 1378//2752
f 1378//2761 1917//2761 1918//2761
f 1378//2761 1918//2761 1379//2761
f 1379//2760 1918//2760 1919//2760
f 1379//2760 1919//2760 1380//2760
f 1380//2759 1919//2759 1920//2759
f 1380//2759 1920//2759 1381//2759
f 1381//2763 1920//2763 1921//2763
f 1381//2763 1921//2763 1382//2763
f 1382//2764 1921//2764 1922//2764
f 1382//2764 1922//2764 1383//2764
f 1383//2757 1922//2757 1923//2757
f 1383//2757 1923//2757 1384//2757
f 1384//2756 1923//2756 1912//2756
f 1472//2765 1473//2765 1924//2765
f 1925//2766 1468//2766 1467//2766
f 1925//2767 1467//2767 1926//2767
f 1467//2768 1482//2768 1926//2768
f 1926//2769 1482//2769 1452//2769
f 1926//2770 1452//2770 1927//2770
f 1927//2771 1452//2771 1472//2771
f 1927//2772 1472//2772 1928//2772
f 1928//2773 1472//2773 1924//2773
f 1410//2774 1418//2774 1477//2774
f 1414//2775 1473//2775 1450//2775
f 1477//2776 1418//2776 1478//2776
f 1414//2777 1450//2777 1416//2777
f 1416//2778 1450//2778 1449//2778
f 1416//2779 1449//2779 1418//2779
f 1418//2780 1449//2780 1489//2780
f 1418//2781 1489//2781 1478//2781
f 1410//2782 1477//2782 1411//2782
f 1411//2783 1477//2783 1475//2783
f 1411//2784 1475//2784 1412//2784
f 1475//2785 1474//2785 1412//2785
f 1412//2786 1474//2786 1492//2786
f 1412//2787 1492//2787 1493//2787
f 1493//2788 1495//2788 1412//2788
f 1412//2789 1495//2789 1479//2789
f 1412//2790 1479//2790 1480//2790
f 1456//2791 1455//2791 1401//2791
f 1401//2792 1403//2792 1456//2792
f 1456//2793 1403//2793 1405//2793
f 1456//2794 1405//2794 1458//2794
f 1458//2795 1405//2795 1407//2795
f 1458//2796 1407//2796 1481//2796
f 1481//2797 1407//2797 1408//2797
f 1481//2798 1408//2798 1480//2798
f 1480//2799 1408//2799 1409//2799
f 1480//2800 1409//2800 1412//2800
f 1419//2801 1420//2801 1929//2801
f 1930//2802 1414//2802 1413//2802
f 1930//2803 1413//2803 1931//2803
f 1413//2804 1429//2804 1931//2804
f 1931//2805 1429//2805 1398//2805
f 1931//2806 1398//2806 1932//2806
f 1932//2807 1398//2807 1419//2807
f 1932//2808 1419//2808 1933//2808
f 1933//2809 1419//2809 1929//2809
f 1420//2810 1504//2810 1929//2810
f 1929//2810 1504//2810 1934//2810
f 1935//2811 1505//2811 1925//2811
f 1925//2811 1505//2811 1468//2811
f 1534//1139 1529//1139 1535//1139
f 1535//2812 1529//2812 1528//2812
f 1542//1139 1154//1139 1631//1139
f 1042//2813 1535//2813 1568//2813
f 1568//2814 1535//2814 1528//2814
f 1568//2815 1528//2815 1631//2815
f 1631//2816 1528//2816 1536//2816
f 1631//2817 1536//2817 1542//2817
f 1556//113 1551//113 1557//113
f 1557//113 1551//113 1550//113
f 1563//113 1030//113 1572//113
f 1086//2818 1557//2818 1573//2818
f 1573//113 1557//113 1550//113
f 1573//113 1550//113 1572//113
f 1572//113 1550//113 1558//113
f 1572//113 1558//113 1563//113
f 1582//2819 1067//2819 1577//2819
f 1595//2820 1589//2820 1598//2820
f 1598//2821 1589//2821 1599//2821
f 1124//2822 1599//2822 1600//2822
f 1600//2823 1599//2823 1589//2823
f 1600//2824 1589//2824 1577//2824
f 1577//2825 1589//2825 1583//2825
f 1577//2826 1583//2826 1582//2826
f 1609//2827 1112//2827 1604//2827
f 1621//2828 1616//2828 1626//2828
f 1626//2829 1616//2829 1622//2829
f 1166//2830 1622//2830 1627//2830
f 1627//2831 1622//2831 1616//2831
f 1627//2832 1616//2832 1604//2832
f 1604//2833 1616//2833 1610//2833
f 1604//2834 1610//2834 1609//2834
f 1655//2835 1505//2835 1935//2835
f 1935//2836 1936//2836 1655//2836
f 1655//2837 1936//2837 1937//2837
f 1655//2838 1937//2838 1654//2838
f 1654//2839 1937//2839 1938//2839
f 1654//2840 1938//2840 1657//2840
f 1657//2841 1938//2841 1647//2841
f 1647//2842 1938//2842 1939//2842
f 1647//2843 1939//2843 1648//2843
f 1640//2844 1642//2844 1685//2844
f 1648//2845 1678//2845 1650//2845
f 1650//2846 1678//2846 1680//2846
f 1650//2847 1680//2847 1646//2847
f 1646//2848 1680//2848 1681//2848
f 1646//2849 1681//2849 1645//2849
f 1645//2850 1681//2850 1677//2850
f 1645//2851 1677//2851 1644//2851
f 1644//2852 1677//2852 1685//2852
f 1644//2853 1685//2853 1643//2853
f 1643//2854 1685//2854 1642//2854
f 1683//2855 1275//2855 1522//2855
f 1685//2856 1684//2856 1640//2856
f 1640//2857 1684//2857 1683//2857
f 1640//2858 1683//2858 1638//2858
f 1638//2859 1683//2859 1522//2859
f 1940//2860 1690//2860 1674//2860
f 1679//2861 1678//2861 1941//2861
f 1941//2862 1942//2862 1679//2862
f 1679//2863 1942//2863 1943//2863
f 1679//2864 1943//2864 1686//2864
f 1686//2865 1943//2865 1940//2865
f 1686//2866 1940//2866 1673//2866
f 1673//2867 1940//2867 1674//2867
f 1944//2868 1945//2868 1946//2868
f 1695//2869 1696//2869 1944//2869
f 1697//2870 1690//2870 1940//2870
f 1697//2871 1940//2871 1696//2871
f 1694//2872 1947//2872 1693//2872
f 1693//2873 1947//2873 1948//2873
f 1693//2874 1948//2874 1692//2874
f 1692//2875 1948//2875 1949//2875
f 1692//2876 1949//2876 1691//2876
f 1942//2877 1941//2877 1950//2877
f 1950//2878 1941//2878 1951//2878
f 1950//2879 1951//2879 1952//2879
f 1952//2880 1951//2880 1953//2880
f 1952//2881 1953//2881 1954//2881
f 1954//2882 1953//2882 1955//2882
f 1954//2883 1955//2883 1956//2883
f 1956//2884 1955//2884 1957//2884
f 1956//2885 1957//2885 1958//2885
f 1696//2886 1940//2886 1944//2886
f 1944//2887 1940//2887 1943//2887
f 1944//2888 1943//2888 1945//2888
f 1959//2889 1949//2889 1960//2889
f 1960//2890 1949//2890 1948//2890
f 1960//2891 1948//2891 1946//2891
f 1946//2892 1948//2892 1947//2892
f 1946//2893 1947//2893 1944//2893
f 1944//2894 1947//2894 1694//2894
f 1944//2895 1694//2895 1695//2895
f 1943//2896 1942//2896 1945//2896
f 1945//2897 1942//2897 1950//2897
f 1945//2898 1950//2898 1946//2898
f 1946//2899 1950//2899 1952//2899
f 1946//2900 1952//2900 1960//2900
f 1960//2901 1952//2901 1954//2901
f 1960//2902 1954//2902 1959//2902
f 1959//2903 1954//2903 1956//2903
f 1961//2904 1698//2904 1691//2904
f 1956//2905 1958//2905 1962//2905
f 1962//2906 1963//2906 1956//2906
f 1956//2907 1963//2907 1964//2907
f 1956//2907 1964//2907 1959//2907
f 1959//2908 1964//2908 1961//2908
f 1959//2908 1961//2908 1949//2908
f 1949//2909 1961//2909 1691//2909
f 1965//2910 1966//2910 1967//2910
f 1705//2911 1698//2911 1961//2911
f 1705//2912 1961//2912 1704//2912
f 1702//2913 1968//2913 1701//2913
f 1701//2914 1968//2914 1969//2914
f 1701//2915 1969//2915 1700//2915
f 1700//2916 1969//2916 1970//2916
f 1700//2917 1970//2917 1699//2917
f 1963//2918 1962//2918 1971//2918
f 1971//2919 1962//2919 1972//2919
f 1971//2920 1972//2920 1973//2920
f 1973//2921 1972//2921 1974//2921
f 1973//2922 1974//2922 1975//2922
f 1975//2923 1974//2923 1976//2923
f 1975//2924 1976//2924 1977//2924
f 1977//2925 1976//2925 1978//2925
f 1977//2926 1978//2926 1979//2926
f 1964//2927 1966//2927 1961//2927
f 1961//2928 1966//2928 1965//2928
f 1961//2929 1965//2929 1704//2929
f 1704//2930 1965//2930 1703//2930
f 1980//2931 1970//2931 1981//2931
f 1981//2932 1970//2932 1969//2932
f 1981//2933 1969//2933 1967//2933
f 1967//2934 1969//2934 1968//2934
f 1967//2935 1968//2935 1965//2935
f 1965//2936 1968//2936 1702//2936
f 1965//2937 1702//2937 1703//2937
f 1964//2938 1963//2938 1966//2938
f 1966//2939 1963//2939 1971//2939
f 1966//2940 1971//2940 1967//2940
f 1967//2941 1971//2941 1973//2941
f 1967//2942 1973//2942 1981//2942
f 1981//2943 1973//2943 1975//2943
f 1981//2944 1975//2944 1980//2944
f 1980//2945 1975//2945 1977//2945
f 1709//2946 1699//2946 1772//2946
f 1772//2947 1699//2947 1970//2947
f 1772//2948 1970//2948 1767//2948
f 1767//2949 1970//2949 1765//2949
f 1765//2950 1970//2950 1980//2950
f 1765//2951 1980//2951 1763//2951
f 1763//2952 1980//2952 1977//2952
f 1763//2953 1977//2953 1751//2953
f 1751//2954 1977//2954 1752//2954
f 1752//2955 1977//2955 1979//2955
f 1752//2956 1979//2956 1762//2956
f 1496//2957 1292//2957 1722//2957
f 1722//2958 1292//2958 1755//2958
f 1722//2959 1755//2959 1723//2959
f 1730//2960 1729//2960 1771//2960
f 1771//2961 1729//2961 1747//2961
f 1771//2962 1747//2962 1748//2962
f 1748//2963 1750//2963 1771//2963
f 1771//2964 1750//2964 1734//2964
f 1771//2965 1734//2965 1754//2965
f 1754//2966 1734//2966 1735//2966
f 1754//2967 1735//2967 1755//2967
f 1755//2968 1735//2968 1736//2968
f 1755//2969 1736//2969 1723//2969
f 1730//2970 1771//2970 1732//2970
f 1732//2971 1771//2971 1760//2971
f 1732//2972 1760//2972 1733//2972
f 1762//2973 1728//2973 1761//2973
f 1761//2974 1728//2974 1717//2974
f 1761//2975 1717//2975 1759//2975
f 1759//2976 1717//2976 1716//2976
f 1759//2977 1716//2977 1760//2977
f 1760//2978 1716//2978 1744//2978
f 1760//2979 1744//2979 1733//2979
f 1727//2980 1728//2980 1982//2980
f 1983//2981 1934//2981 1504//2981
f 1504//2982 1737//2982 1983//2982
f 1983//2983 1737//2983 1719//2983
f 1983//2984 1719//2984 1984//2984
f 1984//2985 1719//2985 1727//2985
f 1984//2986 1727//2986 1985//2986
f 1985//2987 1727//2987 1982//2987
f 1780//8 1781//8 1986//8
f 1986//62 1781//62 1987//62
f 1988//62 1989//62 1779//62
f 1990//62 1785//62 1786//62
f 1789//8 1790//8 1991//8
f 1991//8 1790//8 1791//8
f 1991//62 1791//62 1992//62
f 1781//8 1782//8 1987//8
f 1987//8 1782//8 1783//8
f 1987//8 1783//8 1993//8
f 1993//8 1783//8 1784//8
f 1994//8 1995//8 1784//8
f 1990//8 1786//8 1996//8
f 1989//8 1997//8 1779//8
f 1779//8 1997//8 1998//8
f 1779//8 1998//8 1778//8
f 1778//8 1998//8 1999//8
f 1778//8 1999//8 1777//8
f 1780//8 1986//8 1779//8
f 1779//62 1986//62 2000//62
f 1779//62 2000//62 1988//62
f 1785//62 1990//62 1784//62
f 1784//8 1990//8 2001//8
f 1784//62 2001//62 1994//62
f 1995//8 2002//8 1784//8
f 1784//62 2002//62 2003//62
f 1784//8 2003//8 2004//8
f 1991//8 2005//8 1789//8
f 1789//8 2005//8 2006//8
f 1789//8 2006//8 2007//8
f 1786//8 1787//8 1996//8
f 1996//8 1787//8 1788//8
f 1996//8 1788//8 2008//8
f 2008//62 1788//62 1789//62
f 2008//62 1789//62 2009//62
f 2009//62 1789//62 2007//62
f 1791//8 1773//8 1992//8
f 1992//8 1773//8 1774//8
f 1992//8 1774//8 2010//8
f 2010//62 1774//62 1775//62
f 2004//62 2011//62 1784//62
f 1784//8 2011//8 2012//8
f 1784//8 2012//8 1993//8
f 2013//62 2014//62 1775//62
f 1777//8 1999//8 1776//8
f 1776//8 1999//8 2015//8
f 1776//62 2015//62 1775//62
f 1775//8 2015//8 2016//8
f 1775//8 2016//8 2013//8
f 2014//8 2017//8 1775//8
f 1775//8 2017//8 2018//8
f 1775//8 2018//8 2019//8
f 2019//62 2020//62 1775//62
f 1775//8 2020//8 2021//8
f 1775//8 2021//8 2010//8
f 2022//2988 2023//2988 2024//2988
f 2024//2988 2023//2988 2025//2988
f 2024//2989 2025//2989 2026//2989
f 2026//2989 2025//2989 2027//2989
f 2026//1295 2027//1295 2028//1295
f 2028//1295 2027//1295 2029//1295
f 2028//1296 2029//1296 2030//1296
f 2030//1296 2029//1296 2031//1296
f 2030//2764 2031//2764 2032//2764
f 2032//2764 2031//2764 2033//2764
f 2032//2990 2033//2990 2034//2990
f 2034//2990 2033//2990 2035//2990
f 2034//2991 2035//2991 2036//2991
f 2036//2991 2035//2991 2037//2991
f 2036//2762 2037//2762 2038//2762
f 2038//2762 2037//2762 2039//2762
f 2038//2992 2039//2992 2040//2992
f 2040//2992 2039//2992 2041//2992
f 2040//1301 2041//1301 2042//1301
f 2042//1301 2041//1301 2043//1301
f 2042//2993 2043//2993 2044//2993
f 2044//2993 2043//2993 2045//2993
f 2044//2994 2045//2994 2022//2994
f 2022//2994 2045//2994 2023//2994
f 1797//8 2046//8 1798//8
f 1798//62 2046//62 2047//62
f 1798//8 2047//8 1799//8
f 1799//8 2047//8 2048//8
f 1799//8 2048//8 1800//8
f 1800//8 2048//8 2049//8
f 1800//8 2049//8 1801//8
f 1801//8 2049//8 2050//8
f 1801//8 2050//8 1802//8
f 1802//8 2050//8 2051//8
f 1802//8 2051//8 1803//8
f 1803//8 2051//8 2052//8
f 1803//8 2052//8 1792//8
f 1792//8 2052//8 2053//8
f 1792//8 2053//8 1793//8
f 1793//8 2053//8 2054//8
f 1793//8 2054//8 1794//8
f 1794//8 2054//8 2055//8
f 1794//8 2055//8 1795//8
f 1795//8 2055//8 2056//8
f 1795//8 2056//8 1796//8
f 1796//8 2056//8 2057//8
f 1796//8 2057//8 1797//8
f 1797//62 2057//62 2046//62
f 1804//113 2058//113 1805//113
f 1805//113 2058//113 2059//113
f 1805//113 2059//113 1806//113
f 1806//113 2059//113 2060//113
f 1806//113 2060//113 1807//113
f 1807//113 2060//113 2061//113
f 1807//113 2061//113 1808//113
f 1808//113 2061//113 2062//113
f 1808//113 2062//113 1809//113
f 1809//113 2062//113 2063//113
f 1809//113 2063//113 1810//113
f 1810//113 2063//113 2064//113
f 1810//113 2064//113 1811//113
f 1811//113 2064//113 2065//113
f 1811//113 2065//113 1812//113
f 1812//113 2065//113 2066//113
f 1812//113 2066//113 1813//113
f 1813//113 2066//113 2067//113
f 1813//113 2067//113 1814//113
f 1814//113 2067//113 2068//113
f 1814//113 2068//113 1815//113
f 1815//117 2068//117 2069//117
f 1815//113 2069//113 1804//113
f 1804//117 2069//117 2058//117
f 2070//2995 1829//2995 1819//2995
f 2070//2996 1819//2996 2071//2996
f 2071//2997 1819//2997 1817//2997
f 2071//2998 1817//2998 1816//2998
f 1816//2999 1820//2999 2071//2999
f 2071//3000 1820//3000 1822//3000
f 2071//3001 1822//3001 2072//3001
f 1826//3002 2073//3002 1825//3002
f 1825//3003 2073//3003 2072//3003
f 1825//3004 2072//3004 1823//3004
f 1823//3005 2072//3005 1822//3005
f 2074//3006 1851//3006 2070//3006
f 2070//3006 1851//3006 1829//3006
f 2073//282 1826//282 2075//282
f 2075//282 1826//282 1843//282
f 1841//3007 1840//3007 2076//3007
f 2076//3008 1840//3008 1839//3008
f 1841//3009 2076//3009 1842//3009
f 1842//3010 2076//3010 2077//3010
f 1842//3011 2077//3011 1846//3011
f 1846//3012 2077//3012 1845//3012
f 1845//3013 2077//3013 2078//3013
f 1845//3014 2078//3014 1844//3014
f 1843//3015 1844//3015 2079//3015
f 2079//3016 1844//3016 2078//3016
f 2079//3017 2078//3017 2080//3017
f 1838//3018 2081//3018 2082//3018
f 2082//3019 2081//3019 2083//3019
f 2082//3020 2083//3020 2084//3020
f 2084//3021 2083//3021 2085//3021
f 2084//3022 2085//3022 2086//3022
f 2086//3023 2085//3023 2087//3023
f 2086//3024 2087//3024 2080//3024
f 2080//3025 2087//3025 2088//3025
f 2080//3026 2078//3026 2086//3026
f 2086//3027 2078//3027 2077//3027
f 2086//3028 2077//3028 2084//3028
f 2084//3029 2077//3029 2076//3029
f 2084//3030 2076//3030 2082//3030
f 2082//3031 2076//3031 1839//3031
f 2082//3032 1839//3032 1838//3032
f 2089//3033 1838//3033 1847//3033
f 1847//3033 1838//3033 1837//3033
f 1866//113 1867//113 2090//113
f 1861//113 1862//113 2091//113
f 2090//113 2092//113 1866//113
f 1866//113 2092//113 2093//113
f 1866//113 2093//113 1865//113
f 1865//113 2093//113 2094//113
f 1865//113 2094//113 1864//113
f 2091//113 2095//113 1861//113
f 1861//113 2095//113 2096//113
f 1861//113 2096//113 1860//113
f 2097//113 1863//113 2098//113
f 2098//113 1863//113 1864//113
f 2098//117 1864//117 2099//117
f 2099//113 1864//113 2094//113
f 1872//113 1873//113 2100//113
f 1854//113 1855//113 2101//113
f 1856//113 1857//113 2102//113
f 2102//113 1857//113 2103//113
f 2097//113 2104//113 1863//113
f 1863//113 2104//113 2105//113
f 1863//113 2105//113 1862//113
f 1862//113 2105//113 2106//113
f 1862//113 2106//113 2091//113
f 1868//113 1869//113 2107//113
f 2107//113 1869//113 2108//113
f 1874//113 1875//113 2109//113
f 2109//113 1875//113 2110//113
f 2102//113 2111//113 1856//113
f 1856//113 2111//113 2112//113
f 1856//113 2112//113 1855//113
f 1855//113 2112//113 2113//113
f 1855//113 2113//113 2101//113
f 1858//113 2114//113 1857//113
f 1857//113 2114//113 2115//113
f 1857//113 2115//113 2103//113
f 2107//113 2116//113 1868//113
f 1868//113 2116//113 2117//113
f 1868//113 2117//113 1867//113
f 1867//113 2117//113 2118//113
f 1867//117 2118//117 2090//117
f 1870//113 2119//113 1869//113
f 1869//113 2119//113 2120//113
f 1869//113 2120//113 2108//113
f 2109//113 2121//113 1874//113
f 1874//117 2121//117 2122//117
f 1874//113 2122//113 1873//113
f 1873//113 2122//113 2123//113
f 1873//113 2123//113 2100//113
f 1853//113 2124//113 1875//113
f 1875//113 2124//113 2125//113
f 1875//113 2125//113 2110//113
f 2096//113 2126//113 1860//113
f 1860//113 2126//113 2127//113
f 1860//113 2127//113 1859//113
f 1859//113 2127//113 2128//113
f 1859//113 2128//113 1858//113
f 1858//113 2128//113 2129//113
f 1858//113 2129//113 2114//113
f 2100//113 2130//113 1872//113
f 1872//113 2130//113 2131//113
f 1872//113 2131//113 1871//113
f 1871//113 2131//113 2132//113
f 1871//113 2132//113 1870//113
f 1870//113 2132//113 2133//113
f 1870//113 2133//113 2119//113
f 2101//113 2134//113 1854//113
f 1854//113 2134//113 2135//113
f 1854//113 2135//113 1852//113
f 1852//113 2135//113 2136//113
f 1852//113 2136//113 1853//113
f 1853//113 2136//113 2137//113
f 1853//117 2137//117 2124//117
f 2138//3034 2139//3034 2140//3034
f 2141//3035 2142//3035 2143//3035
f 2140//3036 2144//3036 2138//3036
f 2138//3037 2144//3037 2141//3037
f 2138//3037 2141//3037 2145//3037
f 2145//3038 2141//3038 2143//3038
f 2146//1293 1898//1293 2147//1293
f 2147//1293 1898//1293 1876//1293
f 2147//1868 1876//1868 2148//1868
f 2148//1868 1876//1868 1878//1868
f 2148//1295 1878//1295 2149//1295
f 2149//1295 1878//1295 1880//1295
f 2149//1869 1880//1869 2150//1869
f 2150//1869 1880//1869 1882//1869
f 2150//882 1882//882 2151//882
f 2151//882 1882//882 1884//882
f 2151//1297 1884//1297 2152//1297
f 2152//1297 1884//1297 1886//1297
f 2152//1298 1886//1298 2153//1298
f 2153//1298 1886//1298 1888//1298
f 2153//1299 1888//1299 2154//1299
f 2154//1299 1888//1299 1890//1299
f 2154//1870 1890//1870 2155//1870
f 2155//1870 1890//1870 1892//1870
f 2155//1301 1892//1301 2156//1301
f 2156//1301 1892//1301 1894//1301
f 2156//1871 1894//1871 2157//1871
f 2157//1871 1894//1871 1896//1871
f 2157//1303 1896//1303 2146//1303
f 2146//1303 1896//1303 1898//1303
f 1881//113 2158//113 1883//113
f 1883//113 2158//113 2159//113
f 1883//113 2159//113 1885//113
f 1885//113 2159//113 2160//113
f 1885//113 2160//113 1887//113
f 1887//113 2160//113 2161//113
f 1887//113 2161//113 1889//113
f 1889//113 2161//113 2162//113
f 1889//113 2162//113 1891//113
f 1891//113 2162//113 2163//113
f 1891//113 2163//113 1893//113
f 1893//113 2163//113 2164//113
f 1893//113 2164//113 1895//113
f 1895//113 2164//113 2165//113
f 1895//113 2165//113 1897//113
f 1897//113 2165//113 2166//113
f 1897//113 2166//113 1899//113
f 1899//113 2166//113 2167//113
f 1899//113 2167//113 1877//113
f 1877//113 2167//113 2168//113
f 1877//113 2168//113 1879//113
f 1879//113 2168//113 2169//113
f 1879//113 2169//113 1881//113
f 1881//113 2169//113 2158//113
f 1900//8 2170//8 1901//8
f 1901//8 2170//8 2171//8
f 1901//62 2171//62 1902//62
f 1902//8 2171//8 2172//8
f 1902//8 2172//8 1903//8
f 1903//8 2172//8 2173//8
f 1903//62 2173//62 1904//62
f 1904//8 2173//8 2174//8
f 1904//8 2174//8 1905//8
f 1905//8 2174//8 2175//8
f 1905//62 2175//62 1906//62
f 1906//8 2175//8 2176//8
f 1906//62 2176//62 1907//62
f 1907//8 2176//8 2177//8
f 1907//8 2177//8 1908//8
f 1908//8 2177//8 2178//8
f 1908//62 2178//62 1909//62
f 1909//62 2178//62 2179//62
f 1909//8 2179//8 1910//8
f 1910//62 2179//62 2180//62
f 1910//8 2180//8 1911//8
f 1911//8 2180//8 2181//8
f 1911//62 2181//62 1900//62
f 1900//8 2181//8 2170//8
f 1913//113 2182//113 1914//113
f 1914//117 2182//117 2183//117
f 1914//113 2183//113 1915//113
f 1915//113 2183//113 2184//113
f 1915//113 2184//113 1916//113
f 1916//113 2184//113 2185//113
f 1916//113 2185//113 1917//113
f 1917//117 2185//117 2186//117
f 1917//113 2186//113 1918//113
f 1918//113 2186//113 2187//113
f 1918//113 2187//113 1919//113
f 1919//113 2187//113 2188//113
f 1919//113 2188//113 1920//113
f 1920//113 2188//113 2189//113
f 1920//113 2189//113 1921//113
f 1921//113 2189//113 2190//113
f 1921//113 2190//113 1922//113
f 1922//113 2190//113 2191//113
f 1922//113 2191//113 1923//113
f 1923//117 2191//117 2192//117
f 1923//113 2192//113 1912//113
f 1912//113 2192//113 2193//113
f 1912//113 2193//113 1913//113
f 1913//113 2193//113 2182//113
f 1414//3039 1930//3039 2194//3039
f 2194//3040 1930//3040 2195//3040
f 2196//3040 1924//3040 2197//3040
f 2197//3041 1924//3041 1473//3041
f 2198//3042 2197//3042 2199//3042
f 2199//3043 2197//3043 1473//3043
f 2199//3044 1473//3044 2200//3044
f 2200//3044 1473//3044 1414//3044
f 2200//3045 1414//3045 2201//3045
f 2201//3046 1414//3046 2194//3046
f 2196//3047 2197//3047 2202//3047
f 2202//3048 2197//3048 2203//3048
f 2197//3049 2198//3049 2203//3049
f 2203//3049 2198//3049 2204//3049
f 2201//3050 2194//3050 2205//3050
f 2205//3049 2194//3049 2206//3049
f 2195//3051 2207//3051 2194//3051
f 2194//3052 2207//3052 2206//3052
f 1982//282 2208//282 2209//282
f 1982//282 2209//282 1985//282
f 1569//1276 1568//1276 1930//1276
f 1924//282 2196//282 2202//282
f 1924//282 2202//282 1928//282
f 2210//282 1939//282 2211//282
f 2211//282 1939//282 1938//282
f 1984//282 1985//282 1983//282
f 1983//282 1985//282 2209//282
f 1983//282 2209//282 1934//282
f 1934//282 2209//282 1576//282
f 1934//282 1576//282 1575//282
f 1603//1276 1602//1276 1935//1276
f 1935//282 1602//282 2211//282
f 1935//282 2211//282 1936//282
f 1936//282 2211//282 1938//282
f 1936//1276 1938//1276 1937//1276
f 1931//282 1932//282 1933//282
f 1930//282 1931//282 1569//282
f 1569//282 1931//282 1933//282
f 1569//1276 1933//1276 1570//1276
f 1570//282 1933//282 1929//282
f 1570//282 1929//282 1571//282
f 1927//282 1928//282 1926//282
f 1926//1276 1928//1276 2202//1276
f 1926//282 2202//282 1925//282
f 1925//282 2202//282 1630//282
f 1925//282 1630//282 1629//282
f 1602//282 1601//282 2211//282
f 2211//282 1601//282 1600//282
f 2211//1276 1600//1276 2209//1276
f 2209//282 1600//282 1577//282
f 2209//1276 1577//1276 1576//1276
f 1575//282 1574//282 1934//282
f 1934//282 1574//282 1573//282
f 1934//282 1573//282 1929//282
f 1929//282 1573//282 1572//282
f 1929//282 1572//282 1571//282
f 2195//282 1930//282 2207//282
f 2207//282 1930//282 1568//282
f 2207//1276 1568//1276 2202//1276
f 2202//282 1568//282 1631//282
f 2202//1276 1631//1276 1630//1276
f 1629//282 1628//282 1925//282
f 1925//282 1628//282 1627//282
f 1925//282 1627//282 1935//282
f 1935//282 1627//282 1604//282
f 1935//282 1604//282 1603//282
f 2211//3053 2212//3053 2210//3053
f 2210//3054 2212//3054 2213//3054
f 2214//3055 2213//3055 2215//3055
f 2215//3055 2213//3055 2212//3055
f 2216//3056 2217//3056 2218//3056
f 2218//3055 2217//3055 2219//3055
f 2209//3057 2208//3057 2218//3057
f 2218//3058 2208//3058 2216//3058
f 2220//3059 2217//3059 2216//3059
f 1939//3060 2210//3060 2213//3060
f 2214//3059 2221//3059 2213//3059
f 2213//3061 2221//3061 1648//3061
f 2213//3062 1648//3062 1939//3062
f 1978//3063 1976//3063 2220//3063
f 2220//3064 1976//3064 1974//3064
f 1957//3065 1955//3065 2221//3065
f 1728//3066 1762//3066 1979//3066
f 1955//3067 1953//3067 2221//3067
f 2221//3068 1953//3068 1951//3068
f 2221//3069 1951//3069 1648//3069
f 1648//3070 1951//3070 1941//3070
f 1648//3071 1941//3071 1678//3071
f 2208//3060 1982//3060 2216//3060
f 2216//3072 1982//3072 1728//3072
f 2216//3073 1728//3073 2220//3073
f 2220//3074 1728//3074 1979//3074
f 2220//3075 1979//3075 1978//3075
f 1974//3076 1972//3076 2220//3076
f 2220//3077 1972//3077 1962//3077
f 2220//3078 1962//3078 2221//3078
f 2221//3079 1962//3079 1958//3079
f 2221//3080 1958//3080 1957//3080
f 2012//3081 2222//3081 1993//3081
f 1993//3082 2222//3082 2223//3082
f 1993//3083 2223//3083 1987//3083
f 2012//3084 2011//3084 2222//3084
f 2222//3085 2011//3085 2004//3085
f 2222//3086 2004//3086 2224//3086
f 2224//3087 2004//3087 2003//3087
f 2002//3088 2225//3088 2003//3088
f 2003//3089 2225//3089 2226//3089
f 2003//3090 2226//3090 2224//3090
f 1990//3091 2227//3091 2001//3091
f 2001//3092 2227//3092 2228//3092
f 2001//3093 2228//3093 1994//3093
f 1994//3094 2228//3094 2225//3094
f 1994//3095 2225//3095 1995//3095
f 1995//3096 2225//3096 2002//3096
f 2229//3097 2223//3097 2230//3097
f 2223//3098 2229//3098 1987//3098
f 1987//3099 2229//3099 2231//3099
f 1987//3100 2231//3100 1986//3100
f 1986//3100 2231//3100 2232//3100
f 1986//3101 2232//3101 2230//3101
f 2230//3102 2232//3102 2233//3102
f 2230//3097 2233//3097 2229//3097
f 2234//3103 1999//3103 1998//3103
f 2234//3104 1998//3104 2235//3104
f 2235//3105 1998//3105 1997//3105
f 2235//3106 1997//3106 2236//3106
f 2236//3107 1997//3107 1989//3107
f 2236//3108 1989//3108 2237//3108
f 2237//3109 1989//3109 1988//3109
f 2237//3110 1988//3110 2238//3110
f 2238//3111 1988//3111 2000//3111
f 2238//3112 2000//3112 2239//3112
f 2239//3113 2000//3113 1986//3113
f 2239//3114 1986//3114 2230//3114
f 2240//3115 2241//3115 2242//3115
f 2241//3116 2240//3116 2243//3116
f 2243//3117 2240//3117 2015//3117
f 2243//3118 2015//3118 2244//3118
f 2244//3118 2015//3118 1999//3118
f 2244//3119 1999//3119 2242//3119
f 2242//3120 1999//3120 2234//3120
f 2242//3115 2234//3115 2240//3115
f 2021//3121 2245//3121 2010//3121
f 2010//3122 2245//3122 2246//3122
f 2010//3123 2246//3123 1992//3123
f 2021//3124 2020//3124 2245//3124
f 2245//3125 2020//3125 2019//3125
f 2245//3126 2019//3126 2247//3126
f 2247//3127 2019//3127 2018//3127
f 2017//3128 2248//3128 2018//3128
f 2018//3129 2248//3129 2249//3129
f 2018//3130 2249//3130 2247//3130
f 2015//3131 2240//3131 2016//3131
f 2016//3132 2240//3132 2250//3132
f 2016//3133 2250//3133 2013//3133
f 2013//3134 2250//3134 2248//3134
f 2013//3135 2248//3135 2014//3135
f 2014//3136 2248//3136 2017//3136
f 2251//3137 2252//3137 2253//3137
f 2252//3138 2251//3138 2254//3138
f 2254//3139 2251//3139 1991//3139
f 2254//3140 1991//3140 2255//3140
f 2255//3140 1991//3140 1992//3140
f 2255//3141 1992//3141 2253//3141
f 2253//3142 1992//3142 2246//3142
f 2253//3137 2246//3137 2251//3137
f 2256//3143 2257//3143 1996//3143
f 1996//3144 2008//3144 2256//3144
f 2256//3145 2008//3145 2009//3145
f 2256//3146 2009//3146 2258//3146
f 2258//3147 2009//3147 2007//3147
f 2258//3148 2007//3148 2259//3148
f 2259//3149 2007//3149 2006//3149
f 2259//3150 2006//3150 2260//3150
f 2260//3151 2006//3151 2005//3151
f 2260//3152 2005//3152 2261//3152
f 2261//3153 2005//3153 1991//3153
f 2261//3154 1991//3154 2251//3154
f 1990//3155 1996//3155 2262//3155
f 2262//3155 1996//3155 2263//3155
f 1990//3156 2262//3156 2227//3156
f 2227//3157 2262//3157 2264//3157
f 2227//3158 2264//3158 2265//3158
f 2263//3159 1996//3159 2265//3159
f 2265//3160 1996//3160 2257//3160
f 2265//3158 2257//3158 2227//3158
f 2025//3161 2266//3161 2027//3161
f 2027//3161 2266//3161 2267//3161
f 2027//1367 2267//1367 2029//1367
f 2029//3162 2267//3162 2268//3162
f 2029//3163 2268//3163 2031//3163
f 2031//3164 2268//3164 2269//3164
f 2031//3165 2269//3165 2033//3165
f 2033//3166 2269//3166 2270//3166
f 2033//3167 2270//3167 2035//3167
f 2035//3168 2270//3168 2271//3168
f 2035//3169 2271//3169 2037//3169
f 2037//3170 2271//3170 2272//3170
f 2037//3171 2272//3171 2039//3171
f 2039//3172 2272//3172 2273//3172
f 2039//3173 2273//3173 2041//3173
f 2041//3174 2273//3174 2274//3174
f 2041//2744 2274//2744 2043//2744
f 2043//3175 2274//3175 2275//3175
f 2043//3176 2275//3176 2045//3176
f 2045//3176 2275//3176 2276//3176
f 2045//3177 2276//3177 2023//3177
f 2023//3178 2276//3178 2277//3178
f 2023//2750 2277//2750 2025//2750
f 2025//3179 2277//3179 2266//3179
f 2032//3180 2278//3180 2030//3180
f 2030//3181 2278//3181 2279//3181
f 2030//3182 2279//3182 2028//3182
f 2028//3183 2279//3183 2280//3183
f 2028//3184 2280//3184 2026//3184
f 2026//3185 2280//3185 2281//3185
f 2026//3186 2281//3186 2024//3186
f 2024//3186 2281//3186 2282//3186
f 2024//3187 2282//3187 2022//3187
f 2022//3188 2282//3188 2283//3188
f 2022//3189 2283//3189 2044//3189
f 2044//3190 2283//3190 2284//3190
f 2044//3191 2284//3191 2042//3191
f 2042//3191 2284//3191 2285//3191
f 2042//3192 2285//3192 2040//3192
f 2040//3193 2285//3193 2286//3193
f 2040//3194 2286//3194 2038//3194
f 2038//3195 2286//3195 2287//3195
f 2038//3196 2287//3196 2036//3196
f 2036//3197 2287//3197 2288//3197
f 2036//3198 2288//3198 2034//3198
f 2034//3199 2288//3199 2289//3199
f 2034//3200 2289//3200 2032//3200
f 2032//3201 2289//3201 2278//3201
f 2052//2752 2290//2752 2053//2752
f 2053//1302 2290//1302 2291//1302
f 2053//1302 2291//1302 2054//1302
f 2054//2754 2291//2754 2292//2754
f 2054//2754 2292//2754 2055//2754
f 2055//3202 2292//3202 2293//3202
f 2055//3202 2293//3202 2056//3202
f 2056//3203 2293//3203 2294//3203
f 2056//3203 2294//3203 2057//3203
f 2057//2756 2294//2756 2295//2756
f 2057//2756 2295//2756 2046//2756
f 2046//2757 2295//2757 2296//2757
f 2046//2757 2296//2757 2047//2757
f 2047//3204 2296//3204 2297//3204
f 2047//3204 2297//3204 2048//3204
f 2048//3205 2297//3205 2298//3205
f 2048//3205 2298//3205 2049//3205
f 2049//2759 2298//2759 2299//2759
f 2049//2759 2299//2759 2050//2759
f 2050//1294 2299//1294 2300//1294
f 2050//1294 2300//1294 2051//1294
f 2051//2761 2300//2761 2301//2761
f 2051//2761 2301//2761 2052//2761
f 2052//2752 2301//2752 2290//2752
f 2069//2756 2302//2756 2058//2756
f 2058//3203 2302//3203 2303//3203
f 2058//3203 2303//3203 2059//3203
f 2059//3202 2303//3202 2304//3202
f 2059//3202 2304//3202 2060//3202
f 2060//2754 2304//2754 2305//2754
f 2060//2754 2305//2754 2061//2754
f 2061//1302 2305//1302 2306//1302
f 2061//1302 2306//1302 2062//1302
f 2062//2752 2306//2752 2307//2752
f 2062//2752 2307//2752 2063//2752
f 2063//2761 2307//2761 2308//2761
f 2063//2761 2308//2761 2064//2761
f 2064//1294 2308//1294 2309//1294
f 2064//1294 2309//1294 2065//1294
f 2065//2759 2309//2759 2310//2759
f 2065//2759 2310//2759 2066//2759
f 2066//3206 2310//3206 2311//3206
f 2066//3206 2311//3206 2067//3206
f 2067//3204 2311//3204 2312//3204
f 2067//3204 2312//3204 2068//3204
f 2068//2757 2312//2757 2313//2757
f 2068//2757 2313//2757 2069//2757
f 2069//2756 2313//2756 2302//2756
f 2314//338 2074//338 2315//338
f 2315//338 2074//338 2070//338
f 2316//338 2317//338 2075//338
f 2075//338 2317//338 2315//338
f 2075//338 2315//338 2073//338
f 2073//338 2315//338 2070//338
f 2073//338 2070//338 2072//338
f 2072//338 2070//338 2071//338
f 2080//3207 2088//3207 2315//3207
f 2315//3207 2317//3207 2080//3207
f 2080//3208 2317//3208 2316//3208
f 2080//3209 2316//3209 2079//3209
f 2075//3210 1843//3210 2316//3210
f 2316//3211 1843//3211 2079//3211
f 2318//3212 2319//3212 2088//3212
f 2088//3213 2087//3213 2318//3213
f 2318//3214 2087//3214 2085//3214
f 2318//3215 2085//3215 2320//3215
f 2320//3216 2085//3216 2083//3216
f 2320//3217 2083//3217 2321//3217
f 2083//3218 2081//3218 2321//3218
f 2321//3219 2081//3219 1838//3219
f 2321//3220 1838//3220 2089//3220
f 2322//3221 2323//3221 2136//3221
f 2136//3222 2323//3222 2137//3222
f 2129//3223 2324//3223 2114//3223
f 2114//3224 2324//3224 2325//3224
f 2114//3225 2325//3225 2115//3225
f 2115//3226 2325//3226 2326//3226
f 2327//3227 2112//3227 2328//3227
f 2328//3228 2112//3228 2111//3228
f 2328//3229 2111//3229 2329//3229
f 2329//3230 2111//3230 2102//3230
f 2329//3231 2102//3231 2326//3231
f 2326//3232 2102//3232 2103//3232
f 2326//3233 2103//3233 2115//3233
f 2134//3234 2101//3234 2327//3234
f 2327//3235 2101//3235 2113//3235
f 2327//3236 2113//3236 2112//3236
f 2327//3237 2330//3237 2134//3237
f 2134//3238 2330//3238 2331//3238
f 2134//3239 2331//3239 2135//3239
f 2135//3240 2331//3240 2322//3240
f 2135//3241 2322//3241 2136//3241
f 2128//3242 2332//3242 2129//3242
f 2129//3242 2332//3242 2324//3242
f 2099//3243 2333//3243 2098//3243
f 2098//3244 2333//3244 2334//3244
f 2098//3245 2334//3245 2097//3245
f 2097//3246 2334//3246 2335//3246
f 2336//3247 2091//3247 2337//3247
f 2337//3248 2091//3248 2106//3248
f 2337//3249 2106//3249 2338//3249
f 2338//3250 2106//3250 2105//3250
f 2338//3251 2105//3251 2335//3251
f 2335//3252 2105//3252 2104//3252
f 2335//3253 2104//3253 2097//3253
f 2126//3254 2096//3254 2336//3254
f 2336//3255 2096//3255 2095//3255
f 2336//3256 2095//3256 2091//3256
f 2336//3257 2339//3257 2126//3257
f 2126//3258 2339//3258 2340//3258
f 2126//3259 2340//3259 2127//3259
f 2127//3260 2340//3260 2332//3260
f 2127//3261 2332//3261 2128//3261
f 2094//3262 2341//3262 2099//3262
f 2099//3263 2341//3263 2333//3263
f 2133//3264 2342//3264 2119//3264
f 2119//3265 2342//3265 2343//3265
f 2119//3266 2343//3266 2120//3266
f 2120//3267 2343//3267 2344//3267
f 2345//3268 2117//3268 2346//3268
f 2346//3269 2117//3269 2116//3269
f 2346//3270 2116//3270 2347//3270
f 2347//3271 2116//3271 2107//3271
f 2347//3272 2107//3272 2344//3272
f 2344//3273 2107//3273 2108//3273
f 2344//3274 2108//3274 2120//3274
f 2092//3275 2090//3275 2345//3275
f 2345//3276 2090//3276 2118//3276
f 2345//3277 2118//3277 2117//3277
f 2345//3278 2348//3278 2092//3278
f 2092//3279 2348//3279 2349//3279
f 2092//3280 2349//3280 2093//3280
f 2093//3281 2349//3281 2341//3281
f 2093//3282 2341//3282 2094//3282
f 2350//3283 2342//3283 2132//3283
f 2132//3284 2342//3284 2133//3284
f 2137//3285 2323//3285 2124//3285
f 2124//3286 2323//3286 2351//3286
f 2124//3287 2351//3287 2125//3287
f 2125//3288 2351//3288 2352//3288
f 2353//3289 2122//3289 2354//3289
f 2354//3290 2122//3290 2121//3290
f 2354//3291 2121//3291 2355//3291
f 2355//3292 2121//3292 2109//3292
f 2355//3293 2109//3293 2352//3293
f 2352//3294 2109//3294 2110//3294
f 2352//3295 2110//3295 2125//3295
f 2130//3296 2100//3296 2353//3296
f 2353//3297 2100//3297 2123//3297
f 2353//3298 2123//3298 2122//3298
f 2353//3299 2356//3299 2130//3299
f 2130//3300 2356//3300 2357//3300
f 2130//3301 2357//3301 2131//3301
f 2131//3302 2357//3302 2350//3302
f 2131//3303 2350//3303 2132//3303
f 2358//62 2359//62 2360//62
f 2360//8 2361//8 2358//8
f 2358//8 2361//8 2362//8
f 2358//8 2362//8 2363//8
f 2364//3304 2365//3304 2366//3304
f 2366//3305 2365//3305 2367//3305
f 2366//3306 2367//3306 2368//3306
f 2368//3306 2367//3306 2369//3306
f 2368//3307 2369//3307 2370//3307
f 2370//3306 2369//3306 2371//3306
f 2367//1139 2372//1139 2369//1139
f 2369//1139 2372//1139 2373//1139
f 2374//1139 2375//1139 2376//1139
f 2376//1139 2375//1139 2377//1139
f 2378//3304 2379//3304 2380//3304
f 2380//3305 2379//3305 2374//3305
f 2380//3306 2374//3306 2381//3306
f 2381//3306 2374//3306 2376//3306
f 2381//3307 2376//3307 2382//3307
f 2382//3306 2376//3306 2383//3306
f 2384//1139 2385//1139 2386//1139
f 2386//1139 2385//1139 2387//1139
f 2388//3308 2389//3308 2390//3308
f 2390//3309 2389//3309 2384//3309
f 2390//3310 2384//3310 2391//3310
f 2391//3310 2384//3310 2386//3310
f 2391//3311 2386//3311 2392//3311
f 2392//3312 2386//3312 2393//3312
f 2394//62 2395//62 2396//62
f 2397//8 2398//8 2396//8
f 2396//8 2398//8 2399//8
f 2396//8 2399//8 2394//8
f 2400//8 2401//8 2402//8
f 2402//8 2401//8 2403//8
f 2402//8 2403//8 2404//8
f 2404//3313 2403//3313 2405//3313
f 2143//3314 2142//3314 2406//3314
f 2406//3315 2142//3315 2407//3315
f 2145//8 2143//8 2406//8
f 2406//8 2408//8 2145//8
f 2145//8 2408//8 2409//8
f 2145//8 2409//8 2410//8
f 2411//8 2139//8 2412//8
f 2412//8 2139//8 2138//8
f 2412//8 2138//8 2413//8
f 2410//8 2414//8 2145//8
f 2145//8 2414//8 2415//8
f 2145//8 2415//8 2138//8
f 2138//8 2415//8 2416//8
f 2138//8 2416//8 2413//8
f 2139//3316 2411//3316 2140//3316
f 2140//3317 2411//3317 2417//3317
f 2418//3318 2419//3318 2420//3318
f 2361//3319 2360//3319 2421//3319
f 2422//3320 2423//3320 2424//3320
f 2424//3321 2423//3321 2425//3321
f 2424//3322 2425//3322 2426//3322
f 2426//3323 2425//3323 2418//3323
f 2426//3324 2418//3324 2427//3324
f 2427//3325 2418//3325 2420//3325
f 2422//3326 2428//3326 2423//3326
f 2423//3327 2428//3327 2429//3327
f 2423//3328 2429//3328 2430//3328
f 2430//3329 2429//3329 2431//3329
f 2430//3330 2431//3330 2432//3330
f 2432//3331 2431//3331 2433//3331
f 2432//3332 2433//3332 2434//3332
f 2434//3333 2433//3333 2363//3333
f 2434//3334 2363//3334 2435//3334
f 2421//3335 2436//3335 2361//3335
f 2361//3336 2436//3336 2435//3336
f 2361//3337 2435//3337 2362//3337
f 2362//3338 2435//3338 2363//3338
f 2419//8 2418//8 2425//8
f 2144//3339 2140//3339 2149//3339
f 2437//8 2407//8 2152//8
f 2152//3340 2407//3340 2142//3340
f 2152//3341 2142//3341 2151//3341
f 2151//3342 2142//3342 2150//3342
f 2438//3343 2419//3343 2439//3343
f 2439//3344 2419//3344 2140//3344
f 2439//3345 2140//3345 2417//3345
f 2419//8 2425//8 2140//8
f 2140//8 2425//8 2148//8
f 2140//8 2148//8 2149//8
f 2150//3346 2142//3346 2149//3346
f 2149//3347 2142//3347 2141//3347
f 2149//3348 2141//3348 2144//3348
f 2440//8 2437//8 2421//8
f 2421//8 2437//8 2152//8
f 2421//8 2152//8 2436//8
f 2436//8 2152//8 2153//8
f 2436//8 2153//8 2435//8
f 2435//8 2153//8 2154//8
f 2435//8 2154//8 2434//8
f 2434//8 2154//8 2155//8
f 2434//8 2155//8 2432//8
f 2432//8 2155//8 2156//8
f 2432//8 2156//8 2430//8
f 2430//8 2156//8 2157//8
f 2430//8 2157//8 2423//8
f 2423//8 2157//8 2146//8
f 2423//8 2146//8 2425//8
f 2425//8 2146//8 2147//8
f 2425//8 2147//8 2148//8
f 2420//8 2441//8 2427//8
f 2427//8 2441//8 2442//8
f 2427//8 2442//8 2426//8
f 2426//8 2442//8 2424//8
f 2358//3349 2363//3349 2443//3349
f 2443//3349 2363//3349 2444//3349
f 2168//3350 2167//3350 2445//3350
f 2431//3351 2444//3351 2433//3351
f 2433//3352 2444//3352 2363//3352
f 2445//3353 2446//3353 2168//3353
f 2168//3354 2446//3354 2447//3354
f 2168//3355 2447//3355 2169//3355
f 2169//3356 2447//3356 2448//3356
f 2169//3357 2448//3357 2158//3357
f 2158//3358 2448//3358 2449//3358
f 2158//3359 2449//3359 2159//3359
f 2159//3360 2449//3360 2450//3360
f 2159//3361 2450//3361 2160//3361
f 2160//3362 2450//3362 2451//3362
f 2160//3363 2451//3363 2161//3363
f 2161//3364 2451//3364 2452//3364
f 2161//3365 2452//3365 2162//3365
f 2162//3366 2452//3366 2453//3366
f 2162//3367 2453//3367 2163//3367
f 2163//3368 2453//3368 2444//3368
f 2163//3369 2444//3369 2164//3369
f 2164//3370 2444//3370 2431//3370
f 2164//3371 2431//3371 2165//3371
f 2165//3372 2431//3372 2166//3372
f 2424//3373 2445//3373 2422//3373
f 2422//3374 2445//3374 2167//3374
f 2422//3375 2167//3375 2428//3375
f 2428//3376 2167//3376 2166//3376
f 2428//3377 2166//3377 2429//3377
f 2429//3378 2166//3378 2431//3378
f 2442//3379 2454//3379 2424//3379
f 2424//3379 2454//3379 2445//3379
f 2455//282 2456//282 2457//282
f 2457//282 2456//282 2458//282
f 2459//3380 2460//3380 2461//3380
f 2461//3381 2460//3381 2456//3381
f 2461//3382 2456//3382 2462//3382
f 2462//3382 2456//3382 2455//3382
f 2462//3383 2455//3383 2463//3383
f 2463//3384 2455//3384 2464//3384
f 2465//3380 2466//3380 2467//3380
f 2467//3381 2466//3381 2468//3381
f 2467//3382 2468//3382 2469//3382
f 2469//3382 2468//3382 2470//3382
f 2469//3383 2470//3383 2471//3383
f 2471//3384 2470//3384 2472//3384
f 2470//282 2468//282 2473//282
f 2473//282 2468//282 2474//282
f 2475//3385 2476//3385 2477//3385
f 2477//3386 2476//3386 2478//3386
f 2477//3387 2478//3387 2479//3387
f 2479//3387 2478//3387 2480//3387
f 2479//3388 2480//3388 2481//3388
f 2481//3389 2480//3389 2482//3389
f 2480//282 2478//282 2483//282
f 2483//282 2478//282 2484//282
f 2404//3390 2405//3390 2485//3390
f 2485//3391 2405//3391 2486//3391
f 2485//3392 2486//3392 2487//3392
f 2488//8 2489//8 2490//8
f 2485//8 2487//8 2491//8
f 2491//8 2487//8 2492//8
f 2493//8 2494//8 2495//8
f 2495//8 2494//8 2490//8
f 2495//8 2490//8 2496//8
f 2496//8 2490//8 2489//8
f 2492//62 2497//62 2491//62
f 2491//8 2497//8 2498//8
f 2491//62 2498//62 2490//62
f 2490//8 2498//8 2499//8
f 2490//8 2499//8 2488//8
f 2494//3393 2493//3393 2500//3393
f 2500//3394 2493//3394 2501//3394
f 2500//3395 2501//3395 2502//3395
f 2503//8 2504//8 2505//8
f 2505//8 2504//8 2506//8
f 2505//8 2506//8 2507//8
f 2507//8 2506//8 2508//8
f 2500//8 2502//8 2509//8
f 2509//3396 2502//3396 2510//3396
f 2509//3397 2510//3397 2511//3397
f 2511//3398 2510//3398 2512//3398
f 2511//3399 2176//3399 2509//3399
f 2509//3400 2176//3400 2175//3400
f 2509//3401 2175//3401 2500//3401
f 2500//3402 2175//3402 2174//3402
f 2500//3403 2174//3403 2494//3403
f 2399//3404 2398//3404 2513//3404
f 2404//3405 2173//3405 2402//3405
f 2402//3406 2173//3406 2172//3406
f 2402//3407 2172//3407 2400//3407
f 2400//3408 2172//3408 2171//3408
f 2400//3409 2171//3409 2513//3409
f 2513//3410 2171//3410 2399//3410
f 2399//3411 2171//3411 2170//3411
f 2399//3412 2170//3412 2394//3412
f 2394//3413 2170//3413 2181//3413
f 2394//3414 2181//3414 2395//3414
f 2395//3415 2181//3415 2180//3415
f 2395//3416 2180//3416 2514//3416
f 2514//3417 2180//3417 2179//3417
f 2514//3418 2179//3418 2515//3418
f 2515//3419 2179//3419 2178//3419
f 2515//3420 2178//3420 2508//3420
f 2508//3421 2178//3421 2177//3421
f 2508//3422 2177//3422 2507//3422
f 2507//3423 2177//3423 2176//3423
f 2507//3424 2176//3424 2505//3424
f 2505//3425 2176//3425 2511//3425
f 2505//3426 2511//3426 2503//3426
f 2494//3427 2174//3427 2490//3427
f 2490//3428 2174//3428 2173//3428
f 2490//3429 2173//3429 2491//3429
f 2491//3430 2173//3430 2404//3430
f 2491//3431 2404//3431 2485//3431
f 2396//3432 2395//3432 2516//3432
f 2516//3432 2395//3432 2517//3432
f 2517//3433 2395//3433 2514//3433
f 2515//3434 2508//3434 2518//3434
f 2188//3435 2518//3435 2189//3435
f 2189//3436 2518//3436 2519//3436
f 2189//3437 2519//3437 2190//3437
f 2190//3438 2519//3438 2520//3438
f 2190//3439 2520//3439 2191//3439
f 2191//3440 2520//3440 2521//3440
f 2191//3441 2521//3441 2192//3441
f 2192//3442 2521//3442 2522//3442
f 2192//3443 2522//3443 2193//3443
f 2193//3444 2522//3444 2523//3444
f 2193//3445 2523//3445 2182//3445
f 2182//3446 2523//3446 2524//3446
f 2182//3357 2524//3357 2183//3357
f 2183//3358 2524//3358 2525//3358
f 2183//3447 2525//3447 2184//3447
f 2184//3448 2525//3448 2526//3448
f 2184//3449 2526//3449 2185//3449
f 2185//3450 2526//3450 2517//3450
f 2185//3363 2517//3363 2186//3363
f 2186//3433 2517//3433 2514//3433
f 2186//3451 2514//3451 2187//3451
f 2187//3452 2514//3452 2515//3452
f 2187//3453 2515//3453 2188//3453
f 2188//3454 2515//3454 2518//3454
f 2508//3349 2506//3349 2518//3349
f 2518//3349 2506//3349 2527//3349
f 2528//3455 2529//3455 2530//3455
f 2530//3456 2529//3456 2531//3456
f 2530//3457 2531//3457 2532//3457
f 2532//3457 2531//3457 2533//3457
f 2532//3458 2533//3458 2534//3458
f 2534//3457 2533//3457 2535//3457
f 2533//338 2531//338 2536//338
f 2536//338 2531//338 2537//338
f 2538//338 2539//338 2540//338
f 2540//338 2539//338 2541//338
f 2542//3455 2543//3455 2544//3455
f 2544//3456 2543//3456 2539//3456
f 2544//3457 2539//3457 2545//3457
f 2545//3457 2539//3457 2538//3457
f 2545//3458 2538//3458 2546//3458
f 2546//3457 2538//3457 2547//3457
f 2548//338 2549//338 2550//338
f 2550//338 2549//338 2551//338
f 2552//3459 2553//3459 2554//3459
f 2554//3460 2553//3460 2549//3460
f 2554//3461 2549//3461 2555//3461
f 2555//3461 2549//3461 2548//3461
f 2555//3462 2548//3462 2556//3462
f 2556//3463 2548//3463 2557//3463
f 2200//323 2558//323 2199//323
f 2199//323 2558//323 2559//323
f 2560//113 2561//113 2205//113
f 2205//113 2561//113 2201//113
f 2558//113 2200//113 2562//113
f 2562//113 2200//113 2201//113
f 2562//113 2201//113 2563//113
f 2563//113 2201//113 2561//113
f 2559//8 2564//8 2199//8
f 2199//8 2564//8 2198//8
f 2565//8 2204//8 2566//8
f 2566//8 2204//8 2198//8
f 2566//8 2198//8 2567//8
f 2567//8 2198//8 2564//8
f 2205//3464 2206//3464 2560//3464
f 2560//3465 2206//3465 2207//3465
f 2560//3466 2207//3466 2565//3466
f 2565//3466 2207//3466 2202//3466
f 2565//3467 2202//3467 2204//3467
f 2204//3468 2202//3468 2203//3468
f 2215//3469 2212//3469 2568//3469
f 2568//3470 2212//3470 2211//3470
f 2568//3471 2211//3471 2569//3471
f 2569//3471 2211//3471 2209//3471
f 2569//3472 2209//3472 2219//3472
f 2219//3473 2209//3473 2218//3473
f 2570//113 2571//113 2220//113
f 2220//113 2571//113 2217//113
f 2569//113 2219//113 2572//113
f 2572//113 2219//113 2217//113
f 2572//113 2217//113 2573//113
f 2573//113 2217//113 2571//113
f 2568//8 2574//8 2215//8
f 2215//8 2574//8 2214//8
f 2575//8 2221//8 2576//8
f 2576//8 2221//8 2214//8
f 2576//8 2214//8 2577//8
f 2577//8 2214//8 2574//8
f 2220//323 2221//323 2570//323
f 2570//323 2221//323 2575//323
f 2578//3474 2579//3474 2580//3474
f 2580//3474 2579//3474 2581//3474
f 2580//282 2581//282 2582//282
f 2579//323 2578//323 2583//323
f 2584//323 2585//323 2229//323
f 2229//323 2585//323 2231//323
f 2231//62 2585//62 2232//62
f 2232//62 2585//62 2586//62
f 2232//282 2586//282 2233//282
f 2233//282 2586//282 2587//282
f 2587//113 2584//113 2233//113
f 2233//113 2584//113 2229//113
f 2588//1139 2589//1139 2590//1139
f 2591//338 2592//338 2593//338
f 2588//3475 2592//3475 2589//3475
f 2589//3475 2592//3475 2591//3475
f 2594//113 2595//113 2241//113
f 2241//113 2595//113 2242//113
f 2243//338 2596//338 2241//338
f 2241//338 2596//338 2594//338
f 2244//8 2597//8 2243//8
f 2243//8 2597//8 2596//8
f 2595//1139 2597//1139 2242//1139
f 2242//1139 2597//1139 2244//1139
f 2598//282 2599//282 2600//282
f 2601//323 2602//323 2603//323
f 2598//3476 2602//3476 2599//3476
f 2599//3476 2602//3476 2601//3476
f 2255//62 2604//62 2254//62
f 2254//62 2604//62 2605//62
f 2253//282 2606//282 2255//282
f 2255//282 2606//282 2604//282
f 2607//113 2606//113 2252//113
f 2252//113 2606//113 2253//113
f 2605//323 2607//323 2254//323
f 2254//323 2607//323 2252//323
f 2608//3477 2609//3477 2610//3477
f 2610//3477 2609//3477 2611//3477
f 2610//1139 2611//1139 2612//1139
f 2609//338 2608//338 2613//338
f 2614//1139 2615//1139 2262//1139
f 2262//1139 2615//1139 2264//1139
f 2615//113 2616//113 2264//113
f 2264//113 2616//113 2265//113
f 2265//338 2616//338 2263//338
f 2263//338 2616//338 2617//338
f 2263//8 2617//8 2262//8
f 2262//8 2617//8 2614//8
f 2580//8 2582//8 2618//8
f 2230//8 2223//8 2578//8
f 2591//8 2240//8 2589//8
f 2589//62 2240//62 2234//62
f 2601//8 2251//8 2599//8
f 2599//8 2251//8 2246//8
f 2610//8 2227//8 2608//8
f 2608//62 2227//62 2257//62
f 2600//8 2599//8 2619//8
f 2619//8 2599//8 2246//8
f 2619//8 2246//8 2620//8
f 2620//8 2246//8 2245//8
f 2620//8 2245//8 2621//8
f 2621//8 2245//8 2247//8
f 2621//8 2247//8 2622//8
f 2591//8 2593//8 2240//8
f 2240//8 2593//8 2623//8
f 2240//8 2623//8 2250//8
f 2250//62 2623//62 2624//62
f 2250//8 2624//8 2248//8
f 2248//8 2624//8 2622//8
f 2248//8 2622//8 2249//8
f 2249//8 2622//8 2247//8
f 2590//8 2589//8 2625//8
f 2625//8 2589//8 2234//8
f 2625//62 2234//62 2626//62
f 2626//8 2234//8 2235//8
f 2626//8 2235//8 2627//8
f 2627//8 2235//8 2236//8
f 2627//62 2236//62 2628//62
f 2578//8 2580//8 2230//8
f 2230//8 2580//8 2618//8
f 2230//8 2618//8 2239//8
f 2239//8 2618//8 2629//8
f 2239//8 2629//8 2238//8
f 2238//8 2629//8 2628//8
f 2238//8 2628//8 2237//8
f 2237//8 2628//8 2236//8
f 2613//8 2608//8 2630//8
f 2630//8 2608//8 2257//8
f 2630//8 2257//8 2631//8
f 2631//8 2257//8 2256//8
f 2631//8 2256//8 2632//8
f 2632//8 2256//8 2258//8
f 2632//8 2258//8 2633//8
f 2601//8 2603//8 2251//8
f 2251//8 2603//8 2634//8
f 2251//8 2634//8 2261//8
f 2261//8 2634//8 2635//8
f 2261//8 2635//8 2260//8
f 2260//8 2635//8 2633//8
f 2260//8 2633//8 2259//8
f 2259//8 2633//8 2258//8
f 2583//8 2578//8 2636//8
f 2636//8 2578//8 2223//8
f 2636//8 2223//8 2637//8
f 2637//62 2223//62 2222//62
f 2637//8 2222//8 2638//8
f 2638//8 2222//8 2224//8
f 2638//8 2224//8 2639//8
f 2610//8 2612//8 2227//8
f 2227//8 2612//8 2640//8
f 2227//8 2640//8 2228//8
f 2228//62 2640//62 2641//62
f 2228//8 2641//8 2225//8
f 2225//8 2641//8 2639//8
f 2225//8 2639//8 2226//8
f 2226//8 2639//8 2224//8
f 2270//113 2642//113 2271//113
f 2271//113 2642//113 2643//113
f 2271//117 2643//117 2272//117
f 2272//113 2643//113 2644//113
f 2272//113 2644//113 2273//113
f 2273//113 2644//113 2645//113
f 2273//113 2645//113 2274//113
f 2274//113 2645//113 2646//113
f 2274//113 2646//113 2275//113
f 2275//113 2646//113 2647//113
f 2275//113 2647//113 2276//113
f 2276//113 2647//113 2648//113
f 2276//113 2648//113 2277//113
f 2277//113 2648//113 2649//113
f 2277//113 2649//113 2266//113
f 2266//113 2649//113 2650//113
f 2266//113 2650//113 2267//113
f 2267//113 2650//113 2651//113
f 2267//113 2651//113 2268//113
f 2268//113 2651//113 2652//113
f 2268//113 2652//113 2269//113
f 2269//113 2652//113 2653//113
f 2269//113 2653//113 2270//113
f 2270//113 2653//113 2642//113
f 2654//8 2655//8 2656//8
f 2657//8 2658//8 2656//8
f 2656//8 2658//8 2659//8
f 2656//8 2659//8 2654//8
f 2281//8 2660//8 2282//8
f 2282//8 2660//8 2661//8
f 2282//8 2661//8 2283//8
f 2283//8 2661//8 2662//8
f 2283//8 2662//8 2284//8
f 2284//62 2662//62 2663//62
f 2284//8 2663//8 2285//8
f 2285//8 2663//8 2664//8
f 2285//62 2664//62 2286//62
f 2286//8 2664//8 2665//8
f 2286//8 2665//8 2287//8
f 2287//62 2665//62 2666//62
f 2287//8 2666//8 2288//8
f 2288//8 2666//8 2667//8
f 2288//8 2667//8 2289//8
f 2289//8 2667//8 2668//8
f 2289//8 2668//8 2278//8
f 2278//8 2668//8 2669//8
f 2278//8 2669//8 2279//8
f 2279//8 2669//8 2670//8
f 2279//62 2670//62 2280//62
f 2280//8 2670//8 2671//8
f 2280//8 2671//8 2281//8
f 2281//62 2671//62 2660//62
f 2672//8 2673//8 2674//8
f 2674//3478 2673//3478 2675//3478
f 2674//3479 2675//3479 2676//3479
f 2676//3480 2675//3480 2677//3480
f 2678//8 2679//8 2680//8
f 2680//3481 2679//3481 2681//3481
f 2680//3482 2681//3482 2682//3482
f 2682//3483 2681//3483 2683//3483
f 2292//8 2684//8 2293//8
f 2293//8 2684//8 2685//8
f 2293//8 2685//8 2294//8
f 2294//8 2685//8 2686//8
f 2294//8 2686//8 2295//8
f 2295//8 2686//8 2687//8
f 2295//8 2687//8 2296//8
f 2296//8 2687//8 2688//8
f 2296//8 2688//8 2297//8
f 2297//8 2688//8 2689//8
f 2297//62 2689//62 2298//62
f 2298//8 2689//8 2690//8
f 2298//62 2690//62 2299//62
f 2299//8 2690//8 2691//8
f 2299//8 2691//8 2300//8
f 2300//8 2691//8 2692//8
f 2300//8 2692//8 2301//8
f 2301//8 2692//8 2693//8
f 2301//62 2693//62 2290//62
f 2290//8 2693//8 2694//8
f 2290//8 2694//8 2291//8
f 2291//62 2694//62 2695//62
f 2291//8 2695//8 2292//8
f 2292//8 2695//8 2684//8
f 2304//113 2696//113 2305//113
f 2305//113 2696//113 2697//113
f 2305//113 2697//113 2306//113
f 2306//117 2697//117 2698//117
f 2306//113 2698//113 2307//113
f 2307//113 2698//113 2699//113
f 2307//113 2699//113 2308//113
f 2308//113 2699//113 2700//113
f 2308//113 2700//113 2309//113
f 2309//117 2700//117 2701//117
f 2309//113 2701//113 2310//113
f 2310//113 2701//113 2702//113
f 2310//113 2702//113 2311//113
f 2311//117 2702//117 2703//117
f 2311//113 2703//113 2312//113
f 2312//113 2703//113 2704//113
f 2312//113 2704//113 2313//113
f 2313//113 2704//113 2705//113
f 2313//117 2705//117 2302//117
f 2302//113 2705//113 2706//113
f 2302//117 2706//117 2303//117
f 2303//113 2706//113 2707//113
f 2303//113 2707//113 2304//113
f 2304//113 2707//113 2696//113
f 2708//8 2709//8 2710//8
f 2710//8 2709//8 2711//8
f 2710//62 2711//62 2712//62
f 2712//8 2711//8 2713//8
f 2314//3484 2315//3484 2319//3484
f 2319//3484 2315//3484 2088//3484
f 2323//3485 2322//3485 2714//3485
f 2323//3486 2714//3486 2715//3486
f 2714//3487 2716//3487 2715//3487
f 2715//3488 2716//3488 2717//3488
f 2715//3489 2717//3489 2718//3489
f 2718//3490 2717//3490 2719//3490
f 2718//3491 2719//3491 2720//3491
f 2720//3492 2719//3492 2721//3492
f 2720//3493 2721//3493 2722//3493
f 2723//3494 2724//3494 2721//3494
f 2721//3495 2724//3495 2725//3495
f 2721//3496 2725//3496 2722//3496
f 2717//3497 2716//3497 2726//3497
f 2727//3498 2728//3498 2729//3498
f 2729//3499 2728//3499 2730//3499
f 2729//3500 2730//3500 2731//3500
f 2325//3501 2324//3501 2732//3501
f 2733//3502 2328//3502 2734//3502
f 2734//3503 2328//3503 2329//3503
f 2734//3504 2329//3504 2735//3504
f 2735//3505 2329//3505 2326//3505
f 2735//3506 2326//3506 2736//3506
f 2736//3507 2326//3507 2325//3507
f 2736//3508 2325//3508 2737//3508
f 2737//3509 2325//3509 2732//3509
f 2737//3510 2732//3510 2738//3510
f 2726//3511 2331//3511 2739//3511
f 2739//3512 2331//3512 2330//3512
f 2739//3513 2330//3513 2733//3513
f 2733//3514 2330//3514 2327//3514
f 2733//3515 2327//3515 2328//3515
f 2726//3516 2716//3516 2331//3516
f 2331//3517 2716//3517 2714//3517
f 2331//3518 2714//3518 2322//3518
f 2723//3519 2721//3519 2740//3519
f 2723//3520 2740//3520 2741//3520
f 2741//3521 2740//3521 2742//3521
f 2741//3522 2742//3522 2743//3522
f 2743//3523 2742//3523 2744//3523
f 2743//3524 2744//3524 2745//3524
f 2745//3525 2744//3525 2746//3525
f 2745//3526 2746//3526 2747//3526
f 2747//3527 2746//3527 2748//3527
f 2747//3528 2748//3528 2749//3528
f 2749//3529 2748//3529 2750//3529
f 2750//3530 2748//3530 2751//3530
f 2750//3531 2751//3531 2752//3531
f 2752//3532 2751//3532 2753//3532
f 2753//3533 2751//3533 2754//3533
f 2753//3534 2754//3534 2755//3534
f 2755//3535 2754//3535 2756//3535
f 2755//3536 2756//3536 2757//3536
f 2738//3537 2727//3537 2737//3537
f 2737//3538 2727//3538 2729//3538
f 2737//3539 2729//3539 2736//3539
f 2736//3540 2729//3540 2758//3540
f 2736//3541 2758//3541 2735//3541
f 2735//3542 2758//3542 2759//3542
f 2735//3543 2759//3543 2734//3543
f 2734//3544 2759//3544 2760//3544
f 2734//3545 2760//3545 2733//3545
f 2733//3546 2760//3546 2761//3546
f 2733//3547 2761//3547 2739//3547
f 2739//3548 2761//3548 2762//3548
f 2739//3549 2762//3549 2726//3549
f 2726//3550 2762//3550 2763//3550
f 2726//3551 2763//3551 2717//3551
f 2717//3552 2763//3552 2719//3552
f 2731//3553 2756//3553 2729//3553
f 2729//3554 2756//3554 2754//3554
f 2729//3555 2754//3555 2758//3555
f 2758//3556 2754//3556 2751//3556
f 2758//3557 2751//3557 2759//3557
f 2759//3558 2751//3558 2748//3558
f 2759//3559 2748//3559 2760//3559
f 2760//3560 2748//3560 2746//3560
f 2760//3561 2746//3561 2761//3561
f 2761//3562 2746//3562 2744//3562
f 2761//3563 2744//3563 2762//3563
f 2762//3564 2744//3564 2742//3564
f 2762//3565 2742//3565 2763//3565
f 2763//3566 2742//3566 2740//3566
f 2763//3567 2740//3567 2719//3567
f 2719//3568 2740//3568 2721//3568
f 2757//3569 2756//3569 2764//3569
f 2764//3570 2756//3570 2765//3570
f 2765//3571 2756//3571 2766//3571
f 2766//3572 2756//3572 2731//3572
f 2766//3573 2731//3573 2767//3573
f 2731//3574 2730//3574 2767//3574
f 2767//3575 2730//3575 2728//3575
f 2767//3576 2728//3576 2768//3576
f 2324//3577 2332//3577 2732//3577
f 2732//3578 2332//3578 2769//3578
f 2732//3579 2769//3579 2738//3579
f 2738//3580 2769//3580 2768//3580
f 2738//3581 2768//3581 2727//3581
f 2727//3582 2768//3582 2728//3582
f 2770//3583 2771//3583 2772//3583
f 2769//3584 2332//3584 2340//3584
f 2769//3585 2340//3585 2768//3585
f 2764//3586 2765//3586 2773//3586
f 2764//3587 2773//3587 2774//3587
f 2774//3588 2773//3588 2775//3588
f 2774//3589 2775//3589 2776//3589
f 2776//3590 2775//3590 2777//3590
f 2776//3591 2777//3591 2778//3591
f 2778//3592 2777//3592 2779//3592
f 2778//3593 2779//3593 2780//3593
f 2780//3594 2779//3594 2781//3594
f 2780//3595 2781//3595 2782//3595
f 2782//3596 2781//3596 2783//3596
f 2783//3597 2781//3597 2784//3597
f 2783//3598 2784//3598 2785//3598
f 2785//3599 2784//3599 2786//3599
f 2786//3600 2784//3600 2787//3600
f 2786//3601 2787//3601 2788//3601
f 2788//3602 2787//3602 2789//3602
f 2788//3603 2789//3603 2790//3603
f 2770//3604 2772//3604 2791//3604
f 2334//3605 2333//3605 2792//3605
f 2793//3606 2337//3606 2794//3606
f 2794//3607 2337//3607 2338//3607
f 2794//3608 2338//3608 2795//3608
f 2795//3609 2338//3609 2335//3609
f 2795//3610 2335//3610 2796//3610
f 2796//3611 2335//3611 2334//3611
f 2796//3612 2334//3612 2797//3612
f 2797//3613 2334//3613 2792//3613
f 2797//3614 2792//3614 2798//3614
f 2767//3615 2768//3615 2799//3615
f 2799//3616 2768//3616 2340//3616
f 2799//3617 2340//3617 2800//3617
f 2800//3618 2340//3618 2339//3618
f 2800//3619 2339//3619 2793//3619
f 2793//3620 2339//3620 2336//3620
f 2793//3621 2336//3621 2337//3621
f 2798//3622 2791//3622 2797//3622
f 2797//3623 2791//3623 2772//3623
f 2797//3624 2772//3624 2796//3624
f 2796//3625 2772//3625 2801//3625
f 2796//3626 2801//3626 2795//3626
f 2795//3627 2801//3627 2802//3627
f 2795//3628 2802//3628 2794//3628
f 2794//3629 2802//3629 2803//3629
f 2794//3630 2803//3630 2793//3630
f 2793//3631 2803//3631 2804//3631
f 2793//3632 2804//3632 2800//3632
f 2800//3633 2804//3633 2805//3633
f 2800//3634 2805//3634 2799//3634
f 2799//3635 2805//3635 2806//3635
f 2799//3636 2806//3636 2767//3636
f 2767//3637 2806//3637 2766//3637
f 2771//3638 2789//3638 2772//3638
f 2772//3639 2789//3639 2787//3639
f 2772//3640 2787//3640 2801//3640
f 2801//3641 2787//3641 2784//3641
f 2801//3642 2784//3642 2802//3642
f 2802//3643 2784//3643 2781//3643
f 2802//3644 2781//3644 2803//3644
f 2803//3645 2781//3645 2779//3645
f 2803//3646 2779//3646 2804//3646
f 2804//3647 2779//3647 2777//3647
f 2804//3648 2777//3648 2805//3648
f 2805//3649 2777//3649 2775//3649
f 2805//3650 2775//3650 2806//3650
f 2806//3651 2775//3651 2773//3651
f 2806//3652 2773//3652 2766//3652
f 2766//3653 2773//3653 2765//3653
f 2333//3654 2341//3654 2792//3654
f 2792//3655 2341//3655 2807//3655
f 2792//3656 2807//3656 2798//3656
f 2798//3657 2807//3657 2808//3657
f 2798//3658 2808//3658 2791//3658
f 2791//3659 2808//3659 2809//3659
f 2791//3660 2809//3660 2770//3660
f 2770//3661 2809//3661 2810//3661
f 2770//3662 2810//3662 2771//3662
f 2771//3663 2810//3663 2789//3663
f 2810//3664 2811//3664 2789//3664
f 2789//3665 2811//3665 2812//3665
f 2789//3666 2812//3666 2790//3666
f 2813//3667 2814//3667 2815//3667
f 2807//3668 2341//3668 2349//3668
f 2807//3669 2349//3669 2808//3669
f 2812//3670 2811//3670 2816//3670
f 2812//3671 2816//3671 2817//3671
f 2817//3672 2816//3672 2818//3672
f 2817//3673 2818//3673 2819//3673
f 2819//3674 2818//3674 2820//3674
f 2819//3675 2820//3675 2821//3675
f 2821//3676 2820//3676 2822//3676
f 2821//3677 2822//3677 2823//3677
f 2823//3678 2822//3678 2824//3678
f 2823//3679 2824//3679 2825//3679
f 2825//3680 2824//3680 2826//3680
f 2826//3681 2824//3681 2827//3681
f 2826//3682 2827//3682 2828//3682
f 2828//3683 2827//3683 2829//3683
f 2829//3684 2827//3684 2830//3684
f 2829//3685 2830//3685 2831//3685
f 2831//3686 2830//3686 2832//3686
f 2831//3687 2832//3687 2833//3687
f 2813//3688 2815//3688 2834//3688
f 2343//3689 2342//3689 2835//3689
f 2836//3690 2346//3690 2837//3690
f 2837//3691 2346//3691 2347//3691
f 2837//3692 2347//3692 2838//3692
f 2838//3693 2347//3693 2344//3693
f 2838//3694 2344//3694 2839//3694
f 2839//3695 2344//3695 2343//3695
f 2839//3696 2343//3696 2840//3696
f 2840//3697 2343//3697 2835//3697
f 2809//3698 2808//3698 2841//3698
f 2841//3699 2808//3699 2349//3699
f 2841//3700 2349//3700 2842//3700
f 2842//3701 2349//3701 2348//3701
f 2842//3702 2348//3702 2836//3702
f 2836//3703 2348//3703 2345//3703
f 2836//3704 2345//3704 2346//3704
f 2835//3705 2834//3705 2840//3705
f 2840//3706 2834//3706 2815//3706
f 2840//3707 2815//3707 2839//3707
f 2839//3708 2815//3708 2843//3708
f 2839//3709 2843//3709 2838//3709
f 2838//3710 2843//3710 2844//3710
f 2838//3711 2844//3711 2837//3711
f 2837//3712 2844//3712 2845//3712
f 2837//3713 2845//3713 2836//3713
f 2836//3714 2845//3714 2846//3714
f 2836//3715 2846//3715 2842//3715
f 2842//3716 2846//3716 2847//3716
f 2842//3717 2847//3717 2841//3717
f 2841//3718 2847//3718 2848//3718
f 2841//3719 2848//3719 2809//3719
f 2809//3720 2848//3720 2810//3720
f 2814//3721 2832//3721 2815//3721
f 2815//3722 2832//3722 2830//3722
f 2815//3723 2830//3723 2843//3723
f 2843//3724 2830//3724 2827//3724
f 2843//3725 2827//3725 2844//3725
f 2844//3726 2827//3726 2824//3726
f 2844//3727 2824//3727 2845//3727
f 2845//3728 2824//3728 2822//3728
f 2845//3729 2822//3729 2846//3729
f 2846//3730 2822//3730 2820//3730
f 2846//3731 2820//3731 2847//3731
f 2847//3732 2820//3732 2818//3732
f 2847//3733 2818//3733 2848//3733
f 2848//3734 2818//3734 2816//3734
f 2848//3735 2816//3735 2810//3735
f 2810//3736 2816//3736 2811//3736
f 2342//3737 2350//3737 2835//3737
f 2835//3738 2350//3738 2849//3738
f 2835//3739 2849//3739 2834//3739
f 2849//3740 2850//3740 2834//3740
f 2834//3741 2850//3741 2851//3741
f 2834//3742 2851//3742 2813//3742
f 2813//3743 2851//3743 2852//3743
f 2813//3744 2852//3744 2814//3744
f 2814//3745 2852//3745 2832//3745
f 2852//3746 2853//3746 2832//3746
f 2832//3747 2853//3747 2854//3747
f 2832//3748 2854//3748 2833//3748
f 2849//3749 2350//3749 2357//3749
f 2849//3750 2357//3750 2850//3750
f 2855//3751 2856//3751 2857//3751
f 2857//3752 2856//3752 2858//3752
f 2857//3753 2858//3753 2859//3753
f 2859//3754 2858//3754 2860//3754
f 2859//3755 2860//3755 2861//3755
f 2861//3756 2860//3756 2862//3756
f 2861//3757 2862//3757 2863//3757
f 2863//3758 2862//3758 2854//3758
f 2863//3759 2854//3759 2853//3759
f 2864//3760 2865//3760 2866//3760
f 2866//3761 2865//3761 2867//3761
f 2866//3762 2867//3762 2855//3762
f 2855//3763 2867//3763 2868//3763
f 2855//3764 2868//3764 2856//3764
f 2866//3765 2869//3765 2864//3765
f 2864//3766 2869//3766 2725//3766
f 2864//3767 2725//3767 2870//3767
f 2870//3768 2725//3768 2724//3768
f 2718//3769 2720//3769 2869//3769
f 2869//3770 2720//3770 2722//3770
f 2869//3771 2722//3771 2725//3771
f 2871//3772 2354//3772 2872//3772
f 2872//3773 2354//3773 2355//3773
f 2872//3774 2355//3774 2873//3774
f 2873//3775 2355//3775 2352//3775
f 2873//3776 2352//3776 2874//3776
f 2874//3777 2352//3777 2351//3777
f 2874//3778 2351//3778 2875//3778
f 2851//3779 2850//3779 2876//3779
f 2876//3780 2850//3780 2357//3780
f 2876//3781 2357//3781 2877//3781
f 2877//3782 2357//3782 2356//3782
f 2877//3783 2356//3783 2871//3783
f 2871//3784 2356//3784 2353//3784
f 2871//3785 2353//3785 2354//3785
f 2875//3786 2878//3786 2874//3786
f 2874//3787 2878//3787 2879//3787
f 2874//3788 2879//3788 2873//3788
f 2873//3789 2879//3789 2880//3789
f 2873//3790 2880//3790 2872//3790
f 2872//3791 2880//3791 2881//3791
f 2872//3792 2881//3792 2871//3792
f 2871//3793 2881//3793 2882//3793
f 2871//3794 2882//3794 2877//3794
f 2877//3795 2882//3795 2883//3795
f 2877//3796 2883//3796 2876//3796
f 2876//3797 2883//3797 2884//3797
f 2876//3798 2884//3798 2851//3798
f 2851//3799 2884//3799 2852//3799
f 2853//3800 2852//3800 2863//3800
f 2863//3801 2852//3801 2884//3801
f 2863//3802 2884//3802 2861//3802
f 2861//3803 2884//3803 2883//3803
f 2861//3804 2883//3804 2859//3804
f 2859//3805 2883//3805 2882//3805
f 2859//3806 2882//3806 2857//3806
f 2857//3807 2882//3807 2881//3807
f 2857//3808 2881//3808 2855//3808
f 2855//3809 2881//3809 2880//3809
f 2855//3810 2880//3810 2866//3810
f 2866//3811 2880//3811 2879//3811
f 2866//3812 2879//3812 2869//3812
f 2869//3813 2879//3813 2878//3813
f 2869//3814 2878//3814 2718//3814
f 2718//3815 2878//3815 2875//3815
f 2718//3816 2875//3816 2715//3816
f 2715//3817 2875//3817 2351//3817
f 2715//3818 2351//3818 2323//3818
f 2682//3819 2683//3819 2885//3819
f 2885//3820 2683//3820 2709//3820
f 2885//3821 2709//3821 2708//3821
f 2360//3822 2359//3822 2421//3822
f 2421//3822 2359//3822 2440//3822
f 2365//8 2364//8 2886//8
f 2886//8 2364//8 2887//8
f 2364//1276 2366//1276 2887//1276
f 2887//1276 2366//1276 2888//1276
f 2366//8 2368//8 2888//8
f 2888//8 2368//8 2889//8
f 2370//1306 2890//1306 2368//1306
f 2368//1306 2890//1306 2889//1306
f 2370//8 2371//8 2890//8
f 2890//8 2371//8 2891//8
f 2891//282 2371//282 2892//282
f 2892//282 2371//282 2369//282
f 2892//282 2369//282 2373//282
f 2893//113 2892//113 2372//113
f 2372//113 2892//113 2373//113
f 2365//323 2886//323 2367//323
f 2367//323 2886//323 2893//323
f 2367//323 2893//323 2372//323
f 2377//113 2375//113 2894//113
f 2894//113 2375//113 2895//113
f 2379//323 2896//323 2374//323
f 2374//323 2896//323 2895//323
f 2374//323 2895//323 2375//323
f 2379//8 2378//8 2896//8
f 2896//8 2378//8 2897//8
f 2378//1276 2380//1276 2897//1276
f 2897//1276 2380//1276 2898//1276
f 2380//8 2381//8 2898//8
f 2898//8 2381//8 2899//8
f 2382//1306 2900//1306 2381//1306
f 2381//1306 2900//1306 2899//1306
f 2382//8 2383//8 2900//8
f 2900//8 2383//8 2901//8
f 2901//282 2383//282 2894//282
f 2894//282 2383//282 2376//282
f 2894//282 2376//282 2377//282
f 2393//113 2902//113 2392//113
f 2392//113 2902//113 2903//113
f 2902//323 2393//323 2904//323
f 2904//323 2393//323 2386//323
f 2904//323 2386//323 2387//323
f 2385//8 2905//8 2387//8
f 2387//8 2905//8 2904//8
f 2389//1276 2906//1276 2384//1276
f 2384//1276 2906//1276 2905//1276
f 2384//282 2905//282 2385//282
f 2388//113 2907//113 2389//113
f 2389//113 2907//113 2906//113
f 2390//1306 2908//1306 2388//1306
f 2388//1306 2908//1306 2907//1306
f 2391//113 2909//113 2390//113
f 2390//113 2909//113 2908//113
f 2391//1276 2392//1276 2909//1276
f 2909//1276 2392//1276 2903//1276
f 2401//3823 2400//3823 2397//3823
f 2397//3824 2400//3824 2513//3824
f 2397//3825 2513//3825 2398//3825
f 2417//3826 2411//3826 2412//3826
f 2910//3827 2911//3827 2439//3827
f 2439//3828 2417//3828 2910//3828
f 2910//3829 2417//3829 2412//3829
f 2910//3830 2412//3830 2912//3830
f 2912//3831 2412//3831 2413//3831
f 2912//3832 2413//3832 2913//3832
f 2913//3833 2413//3833 2416//3833
f 2913//3834 2416//3834 2914//3834
f 2914//3835 2416//3835 2415//3835
f 2914//3836 2415//3836 2915//3836
f 2915//3837 2415//3837 2414//3837
f 2915//3838 2414//3838 2916//3838
f 2916//3839 2414//3839 2410//3839
f 2916//3840 2410//3840 2917//3840
f 2917//3841 2410//3841 2409//3841
f 2408//3842 2406//3842 2407//3842
f 2407//3843 2437//3843 2918//3843
f 2409//3844 2408//3844 2917//3844
f 2917//3845 2408//3845 2407//3845
f 2917//3846 2407//3846 2919//3846
f 2919//3847 2407//3847 2918//3847
f 2420//3848 2419//3848 2441//3848
f 2441//3848 2419//3848 2438//3848
f 2444//113 2453//113 2443//113
f 2443//117 2453//117 2452//117
f 2443//3849 2452//3849 2920//3849
f 2920//3850 2452//3850 2451//3850
f 2920//3851 2451//3851 2921//3851
f 2921//113 2451//113 2450//113
f 2921//113 2450//113 2922//113
f 2923//113 2924//113 2450//113
f 2450//113 2924//113 2925//113
f 2450//113 2925//113 2922//113
f 2448//113 2447//113 2454//113
f 2454//117 2447//117 2446//117
f 2454//113 2446//113 2445//113
f 2454//113 2926//113 2448//113
f 2448//113 2926//113 2927//113
f 2448//113 2927//113 2449//113
f 2449//113 2927//113 2928//113
f 2449//113 2928//113 2450//113
f 2450//113 2928//113 2929//113
f 2450//113 2929//113 2923//113
f 2460//1139 2930//1139 2456//1139
f 2456//1139 2930//1139 2931//1139
f 2456//1139 2931//1139 2458//1139
f 2932//113 2457//113 2931//113
f 2931//113 2457//113 2458//113
f 2933//338 2464//338 2932//338
f 2932//338 2464//338 2455//338
f 2932//338 2455//338 2457//338
f 2463//8 2464//8 2934//8
f 2934//8 2464//8 2933//8
f 2463//1139 2934//1139 2462//1139
f 2462//1139 2934//1139 2935//1139
f 2461//8 2462//8 2936//8
f 2936//8 2462//8 2935//8
f 2459//338 2461//338 2937//338
f 2937//338 2461//338 2936//338
f 2460//8 2459//8 2930//8
f 2930//8 2459//8 2937//8
f 2938//338 2472//338 2939//338
f 2939//338 2472//338 2470//338
f 2939//338 2470//338 2473//338
f 2471//8 2472//8 2940//8
f 2940//8 2472//8 2938//8
f 2471//1139 2940//1139 2469//1139
f 2469//1139 2940//1139 2941//1139
f 2467//8 2469//8 2942//8
f 2942//8 2469//8 2941//8
f 2465//338 2467//338 2943//338
f 2943//338 2467//338 2942//338
f 2466//8 2465//8 2944//8
f 2944//8 2465//8 2943//8
f 2466//1139 2944//1139 2468//1139
f 2468//1139 2944//1139 2945//1139
f 2468//1139 2945//1139 2474//1139
f 2473//113 2474//113 2939//113
f 2939//113 2474//113 2945//113
f 2479//338 2481//338 2946//338
f 2946//338 2481//338 2947//338
f 2479//117 2946//117 2477//117
f 2477//117 2946//117 2948//117
f 2477//1139 2948//1139 2475//1139
f 2475//1139 2948//1139 2949//1139
f 2475//113 2949//113 2476//113
f 2476//113 2949//113 2950//113
f 2476//338 2950//338 2478//338
f 2478//338 2950//338 2951//338
f 2478//338 2951//338 2484//338
f 2951//8 2952//8 2484//8
f 2484//8 2952//8 2483//8
f 2953//1139 2482//1139 2952//1139
f 2952//1139 2482//1139 2480//1139
f 2952//1139 2480//1139 2483//1139
f 2482//113 2953//113 2481//113
f 2481//113 2953//113 2947//113
f 2658//3852 2657//3852 2954//3852
f 2954//3853 2657//3853 2673//3853
f 2954//3854 2673//3854 2672//3854
f 2501//3855 2493//3855 2495//3855
f 2955//3856 2510//3856 2956//3856
f 2956//3857 2510//3857 2502//3857
f 2502//3858 2501//3858 2956//3858
f 2956//3859 2501//3859 2495//3859
f 2956//3860 2495//3860 2957//3860
f 2957//3861 2495//3861 2496//3861
f 2957//3862 2496//3862 2958//3862
f 2958//3863 2496//3863 2489//3863
f 2958//3864 2489//3864 2959//3864
f 2959//3865 2489//3865 2488//3865
f 2959//3866 2488//3866 2960//3866
f 2960//3867 2488//3867 2499//3867
f 2960//3868 2499//3868 2961//3868
f 2961//3869 2499//3869 2498//3869
f 2961//3870 2498//3870 2962//3870
f 2962//3871 2498//3871 2497//3871
f 2962//3872 2497//3872 2492//3872
f 2405//3873 2403//3873 2963//3873
f 2963//3874 2964//3874 2405//3874
f 2405//3875 2964//3875 2962//3875
f 2405//3876 2962//3876 2486//3876
f 2486//3877 2962//3877 2492//3877
f 2486//3878 2492//3878 2487//3878
f 2504//3879 2503//3879 2512//3879
f 2512//3880 2503//3880 2511//3880
f 2518//113 2527//113 2519//113
f 2519//113 2527//113 2520//113
f 2965//117 2966//117 2522//117
f 2523//117 2522//117 2967//117
f 2520//113 2527//113 2521//113
f 2521//113 2527//113 2968//113
f 2521//113 2968//113 2522//113
f 2522//113 2968//113 2969//113
f 2522//113 2969//113 2965//113
f 2517//113 2526//113 2516//113
f 2516//113 2526//113 2525//113
f 2516//113 2525//113 2970//113
f 2970//113 2525//113 2524//113
f 2970//113 2524//113 2971//113
f 2971//113 2524//113 2523//113
f 2971//113 2523//113 2972//113
f 2972//117 2523//117 2967//117
f 2966//113 2973//113 2522//113
f 2522//113 2973//113 2974//113
f 2522//113 2974//113 2967//113
f 2975//323 2535//323 2976//323
f 2976//323 2535//323 2533//323
f 2976//323 2533//323 2536//323
f 2534//8 2535//8 2977//8
f 2977//8 2535//8 2975//8
f 2532//1276 2534//1276 2978//1276
f 2978//1276 2534//1276 2977//1276
f 2530//8 2532//8 2979//8
f 2979//8 2532//8 2978//8
f 2530//1306 2979//1306 2528//1306
f 2528//1306 2979//1306 2980//1306
f 2529//8 2528//8 2981//8
f 2981//8 2528//8 2980//8
f 2529//282 2981//282 2531//282
f 2531//282 2981//282 2982//282
f 2531//282 2982//282 2537//282
f 2536//113 2537//113 2976//113
f 2976//113 2537//113 2982//113
f 2543//282 2983//282 2539//282
f 2539//282 2983//282 2984//282
f 2539//282 2984//282 2541//282
f 2984//113 2985//113 2541//113
f 2541//113 2985//113 2540//113
f 2986//323 2547//323 2985//323
f 2985//323 2547//323 2538//323
f 2985//323 2538//323 2540//323
f 2546//8 2547//8 2987//8
f 2987//8 2547//8 2986//8
f 2545//1276 2546//1276 2988//1276
f 2988//1276 2546//1276 2987//1276
f 2544//8 2545//8 2989//8
f 2989//8 2545//8 2988//8
f 2544//1306 2989//1306 2542//1306
f 2542//1306 2989//1306 2990//1306
f 2543//8 2542//8 2983//8
f 2983//8 2542//8 2990//8
f 2552//1276 2554//1276 2991//1276
f 2991//1276 2554//1276 2992//1276
f 2552//113 2991//113 2553//113
f 2553//113 2991//113 2993//113
f 2553//1306 2993//1306 2549//1306
f 2549//1306 2993//1306 2994//1306
f 2549//323 2994//323 2551//323
f 2995//8 2550//8 2994//8
f 2994//8 2550//8 2551//8
f 2996//282 2557//282 2995//282
f 2995//282 2557//282 2548//282
f 2995//282 2548//282 2550//282
f 2557//113 2996//113 2556//113
f 2556//113 2996//113 2997//113
f 2556//1306 2997//1306 2555//1306
f 2555//1306 2997//1306 2998//1306
f 2555//113 2998//113 2554//113
f 2554//113 2998//113 2992//113
f 2559//3881 2558//3881 2564//3881
f 2564//3881 2558//3881 2562//3881
f 2566//282 2561//282 2565//282
f 2565//282 2561//282 2560//282
f 2999//3882 3000//3882 3001//3882
f 3001//3882 3000//3882 3002//3882
f 2572//282 2574//282 2569//282
f 2569//282 2574//282 2568//282
f 2571//3883 2570//3883 2576//3883
f 2576//3883 2570//3883 2575//3883
f 3003//3884 3004//3884 3005//3884
f 3005//3884 3004//3884 3006//3884
f 3007//3885 2970//3885 3008//3885
f 3008//3886 2970//3886 2971//3886
f 3008//3887 2971//3887 3009//3887
f 3009//3888 2971//3888 2972//3888
f 3009//3889 2972//3889 3010//3889
f 3010//3890 2972//3890 2967//3890
f 3010//3891 2967//3891 3011//3891
f 3011//3892 2967//3892 2974//3892
f 3011//3893 2974//3893 3012//3893
f 3012//3894 2974//3894 2973//3894
f 3012//3895 2973//3895 3013//3895
f 3013//3896 2973//3896 2966//3896
f 3013//3897 2966//3897 3014//3897
f 3014//3898 2966//3898 2965//3898
f 3014//3899 2965//3899 3015//3899
f 2965//3900 2969//3900 3015//3900
f 3015//3901 2969//3901 2968//3901
f 3015//3902 2968//3902 3016//3902
f 3017//3903 2920//3903 3018//3903
f 3018//3904 2920//3904 2921//3904
f 3018//3905 2921//3905 3019//3905
f 3019//3906 2921//3906 2922//3906
f 3019//3907 2922//3907 3020//3907
f 3020//3908 2922//3908 2925//3908
f 3020//3909 2925//3909 3021//3909
f 3021//3910 2925//3910 2924//3910
f 3021//3911 2924//3911 3022//3911
f 3022//3912 2924//3912 2923//3912
f 3022//3913 2923//3913 3023//3913
f 3023//3914 2923//3914 2929//3914
f 3023//3915 2929//3915 3024//3915
f 3024//3916 2929//3916 2928//3916
f 3024//3917 2928//3917 3025//3917
f 2928//3918 2927//3918 3025//3918
f 3025//3919 2927//3919 2926//3919
f 3025//3920 2926//3920 3026//3920
f 2579//338 2583//338 2636//338
f 2618//338 2582//338 3027//338
f 3027//338 2582//338 2581//338
f 2636//338 3028//338 2579//338
f 2579//338 3028//338 2584//338
f 2579//338 2584//338 2581//338
f 2581//338 2584//338 2587//338
f 2581//338 2587//338 3027//338
f 3027//338 2587//338 2586//338
f 3027//338 2586//338 3028//338
f 3028//338 2586//338 2585//338
f 3028//338 2585//338 2584//338
f 3029//3921 2625//3921 2626//3921
f 3029//3921 2626//3921 3030//3921
f 3030//3922 2626//3922 2627//3922
f 3030//3922 2627//3922 3031//3922
f 3031//1330 2627//1330 2628//1330
f 3031//1330 2628//1330 3032//1330
f 3032//1329 2628//1329 2629//1329
f 3032//1329 2629//1329 3033//1329
f 3033//1328 2629//1328 2618//1328
f 3033//1328 2618//1328 3027//1328
f 2588//323 2590//323 2625//323
f 3029//323 2597//323 2595//323
f 2597//323 3029//323 2596//323
f 2596//323 3029//323 3034//323
f 2596//323 3034//323 2594//323
f 2623//323 2593//323 2592//323
f 2625//323 3029//323 2588//323
f 2588//323 3029//323 2595//323
f 2588//323 2595//323 2592//323
f 2592//323 2595//323 2594//323
f 2592//323 2594//323 2623//323
f 2623//323 2594//323 3034//323
f 3035//1337 2619//1337 2620//1337
f 3035//1337 2620//1337 3036//1337
f 3036//1336 2620//1336 2621//1336
f 3036//1336 2621//1336 3037//1336
f 3037//1335 2621//1335 2622//1335
f 3037//1335 2622//1335 3038//1335
f 3038//1334 2622//1334 2624//1334
f 3038//1334 2624//1334 3039//1334
f 3039//3923 2624//3923 2623//3923
f 3039//3923 2623//3923 3034//3923
f 2598//1139 2600//1139 2619//1139
f 2619//1139 3035//1139 2598//1139
f 2598//1139 3035//1139 2606//1139
f 2598//1139 2606//1139 2602//1139
f 2602//1139 2606//1139 2607//1139
f 2603//1139 2602//1139 2634//1139
f 2634//1139 2602//1139 2607//1139
f 2634//1139 2607//1139 3040//1139
f 3040//1139 2607//1139 2605//1139
f 3040//1139 2605//1139 3035//1139
f 3035//1139 2605//1139 2604//1139
f 3035//1139 2604//1139 2606//1139
f 3041//1342 2630//1342 2631//1342
f 3041//1342 2631//1342 3042//1342
f 3042//1341 2631//1341 2632//1341
f 3042//1341 2632//1341 3043//1341
f 3043//3924 2632//3924 2633//3924
f 3043//3924 2633//3924 3044//3924
f 3044//1339 2633//1339 2635//1339
f 3044//1339 2635//1339 3045//1339
f 3045//1338 2635//1338 2634//1338
f 3045//1338 2634//1338 3040//1338
f 2609//282 2613//282 2630//282
f 2616//282 2615//282 2611//282
f 2611//282 2609//282 2616//282
f 2616//282 2609//282 2630//282
f 2616//282 2630//282 2617//282
f 2617//282 2630//282 3041//282
f 2617//282 3041//282 2614//282
f 2614//282 3041//282 3046//282
f 2614//282 3046//282 2615//282
f 2615//282 3046//282 2640//282
f 2615//282 2640//282 2611//282
f 2611//282 2640//282 2612//282
f 3028//1327 2636//1327 2637//1327
f 3028//1327 2637//1327 3047//1327
f 3047//1326 2637//1326 2638//1326
f 3047//1326 2638//1326 3048//1326
f 3048//1325 2638//1325 2639//1325
f 3048//1325 2639//1325 3049//1325
f 3049//1324 2639//1324 2641//1324
f 3049//1324 2641//1324 3050//1324
f 3050//1323 2641//1323 2640//1323
f 3050//1323 2640//1323 3046//1323
f 3051//3925 2655//3925 3052//3925
f 3053//3926 3054//3926 3055//3926
f 2642//3927 3055//3927 2643//3927
f 2643//3928 3055//3928 3056//3928
f 2643//3929 3056//3929 2644//3929
f 2644//3930 3056//3930 3057//3930
f 2644//3930 3057//3930 2645//3930
f 2645//3931 3057//3931 3058//3931
f 2645//3932 3058//3932 2646//3932
f 2646//3933 3058//3933 3059//3933
f 2646//3437 3059//3437 2647//3437
f 2647//3934 3059//3934 3060//3934
f 2647//3934 3060//3934 2648//3934
f 2648//3935 3060//3935 3061//3935
f 2648//3936 3061//3936 2649//3936
f 2649//3937 3061//3937 3062//3937
f 2649//3938 3062//3938 2650//3938
f 2650//3939 3062//3939 3063//3939
f 2650//3939 3063//3939 2651//3939
f 2651//3940 3063//3940 3051//3940
f 2651//3941 3051//3941 2652//3941
f 2652//3942 3051//3942 3052//3942
f 2652//3943 3052//3943 2653//3943
f 2653//3944 3052//3944 3053//3944
f 2653//3944 3053//3944 2642//3944
f 2642//3945 3053//3945 3055//3945
f 3054//3432 3064//3432 3055//3432
f 3055//3432 3064//3432 3065//3432
f 2655//3946 3051//3946 2656//3946
f 2656//3947 3051//3947 3066//3947
f 3067//8 3068//8 3069//8
f 3069//8 3068//8 3064//8
f 3069//8 3064//8 3070//8
f 3070//8 3064//8 3054//8
f 3071//8 3072//8 3073//8
f 3073//3948 3072//3948 3074//3948
f 3073//3949 3074//3949 3075//3949
f 3075//3950 3074//3950 3076//3950
f 3077//3951 3078//3951 3079//3951
f 3075//3952 2666//3952 3073//3952
f 3073//3953 2666//3953 2665//3953
f 3073//3954 2665//3954 3071//3954
f 3071//3955 2665//3955 2664//3955
f 3071//3956 2664//3956 3079//3956
f 2663//3957 2676//3957 3080//3957
f 2659//3958 2658//3958 2954//3958
f 2676//3959 2663//3959 2674//3959
f 2674//3400 2663//3400 2662//3400
f 2674//3401 2662//3401 2672//3401
f 2672//3960 2662//3960 2661//3960
f 2672//3961 2661//3961 2954//3961
f 3079//3962 2664//3962 3077//3962
f 3077//3963 2664//3963 2663//3963
f 3077//3963 2663//3963 3081//3963
f 3081//3964 2663//3964 3080//3964
f 3081//3965 3080//3965 3082//3965
f 2954//3966 2661//3966 2659//3966
f 2659//3967 2661//3967 2660//3967
f 2659//3428 2660//3428 2654//3428
f 2654//3968 2660//3968 2671//3968
f 2654//3969 2671//3969 2655//3969
f 2655//3970 2671//3970 2670//3970
f 2655//3971 2670//3971 3052//3971
f 3052//3972 2670//3972 2669//3972
f 3052//3972 2669//3972 3053//3972
f 3053//3973 2669//3973 2668//3973
f 3053//3414 2668//3414 3054//3414
f 3054//3415 2668//3415 2667//3415
f 3054//3416 2667//3416 3070//3416
f 3070//3417 2667//3417 2666//3417
f 3070//3974 2666//3974 3069//3974
f 3069//3975 2666//3975 3075//3975
f 3069//3976 3075//3976 3067//3976
f 2676//3977 2677//3977 3080//3977
f 3080//3978 2677//3978 3083//3978
f 3080//3979 3083//3979 3082//3979
f 3082//3980 3083//3980 3084//3980
f 3085//8 3078//8 3086//8
f 3086//8 3078//8 3077//8
f 3086//8 3077//8 3087//8
f 3081//8 3082//8 3084//8
f 3084//8 3088//8 3081//8
f 3081//8 3088//8 3089//8
f 3081//8 3089//8 3090//8
f 3090//8 3091//8 3081//8
f 3081//8 3091//8 3092//8
f 3081//62 3092//62 3077//62
f 3077//8 3092//8 3093//8
f 3077//8 3093//8 3087//8
f 3078//3981 3085//3981 3079//3981
f 3079//3982 3085//3982 3094//3982
f 3079//3983 3094//3983 3071//3983
f 3071//3984 3094//3984 3072//3984
f 3095//3985 3096//3985 3097//3985
f 3097//3986 3096//3986 3098//3986
f 3097//3987 3098//3987 3099//3987
f 3099//3988 3098//3988 3100//3988
f 3101//8 3102//8 3103//8
f 3104//8 3105//8 3106//8
f 3106//62 3105//62 3103//62
f 3106//8 3103//8 3107//8
f 3107//8 3103//8 3102//8
f 3099//8 3100//8 3108//8
f 3108//8 3100//8 3109//8
f 3109//8 3110//8 3108//8
f 3108//8 3110//8 3111//8
f 3108//8 3111//8 3103//8
f 3103//8 3111//8 3112//8
f 3103//8 3112//8 3101//8
f 3105//3989 3104//3989 3113//3989
f 3113//3990 3104//3990 3114//3990
f 3113//3991 3114//3991 2678//3991
f 2678//3992 3114//3992 2679//3992
f 3115//8 3116//8 3117//8
f 3117//8 3116//8 3118//8
f 3117//3993 3118//3993 3095//3993
f 3095//3994 3118//3994 3096//3994
f 2694//3995 2682//3995 2885//3995
f 3103//3996 3105//3996 3113//3996
f 2682//3997 2694//3997 2680//3997
f 2680//3998 2694//3998 2693//3998
f 2680//3999 2693//3999 2678//3999
f 2678//4000 2693//4000 2692//4000
f 2678//4001 2692//4001 3113//4001
f 2691//4002 3095//4002 3097//4002
f 3095//4003 2691//4003 3117//4003
f 3117//4004 2691//4004 2690//4004
f 3117//4005 2690//4005 3115//4005
f 3115//4006 2690//4006 2689//4006
f 3115//4007 2689//4007 3119//4007
f 3119//4008 2689//4008 3120//4008
f 3120//4009 2689//4009 2688//4009
f 3120//4010 2688//4010 3121//4010
f 3113//4011 2692//4011 3103//4011
f 3103//4012 2692//4012 2691//4012
f 3103//4012 2691//4012 3108//4012
f 3108//4013 2691//4013 3097//4013
f 3108//4014 3097//4014 3099//4014
f 3121//4015 2688//4015 3122//4015
f 3122//4016 2688//4016 2687//4016
f 3122//4017 2687//4017 3123//4017
f 3123//4018 2687//4018 2686//4018
f 3123//4019 2686//4019 3124//4019
f 3124//4020 2686//4020 2685//4020
f 3124//4021 2685//4021 3125//4021
f 3125//4022 2685//4022 2684//4022
f 3125//3969 2684//3969 2713//3969
f 2713//4023 2684//4023 2695//4023
f 2713//4024 2695//4024 2712//4024
f 2712//4025 2695//4025 2694//4025
f 2712//4026 2694//4026 2710//4026
f 2710//4027 2694//4027 2885//4027
f 2710//4028 2885//4028 2708//4028
f 3121//8 3122//8 3126//8
f 3127//8 3119//8 3126//8
f 3126//8 3119//8 3120//8
f 3126//8 3120//8 3121//8
f 3128//4029 3129//4029 2705//4029
f 3125//4030 2713//4030 3130//4030
f 2705//4031 2704//4031 3128//4031
f 3128//4032 2704//4032 2703//4032
f 3128//4032 2703//4032 3131//4032
f 3131//4033 2703//4033 2702//4033
f 3131//4034 2702//4034 3132//4034
f 3132//4035 2702//4035 2701//4035
f 3132//4036 2701//4036 3133//4036
f 3133//4037 2701//4037 2700//4037
f 3133//4037 2700//4037 3134//4037
f 3134//4038 2700//4038 2699//4038
f 3134//4039 2699//4039 3135//4039
f 3135//3927 2699//3927 2698//3927
f 3135//4040 2698//4040 3136//4040
f 3136//4041 2698//4041 2697//4041
f 3136//4041 2697//4041 3137//4041
f 3137//3359 2697//3359 2696//3359
f 3137//4042 2696//4042 3130//4042
f 3130//4043 2696//4043 2707//4043
f 3130//4044 2707//4044 3125//4044
f 3125//3939 2707//3939 2706//3939
f 3125//4045 2706//4045 3124//4045
f 3124//4046 2706//4046 2705//4046
f 3124//4047 2705//4047 3123//4047
f 3123//4048 2705//4048 3129//4048
f 3123//4049 3129//4049 3122//4049
f 2711//3946 3138//3946 2713//3946
f 2713//3946 3138//3946 3130//3946
f 3122//3379 3129//3379 3126//3379
f 3126//3379 3129//3379 3139//3379
f 3140//4050 3141//4050 3142//4050
f 3142//4051 3141//4051 3143//4051
f 3142//4052 3143//4052 3144//4052
f 3144//4052 3143//4052 3145//4052
f 3144//4053 3145//4053 3146//4053
f 3146//4054 3145//4054 3147//4054
f 3143//323 3148//323 3145//323
f 3145//323 3148//323 3149//323
f 3150//323 3151//323 3152//323
f 3152//323 3151//323 3153//323
f 3154//4055 3155//4055 3156//4055
f 3156//4056 3155//4056 3150//4056
f 3156//4057 3150//4057 3157//4057
f 3157//4057 3150//4057 3152//4057
f 3157//4058 3152//4058 3158//4058
f 3158//4057 3152//4057 3159//4057
f 3160//4055 3161//4055 3162//4055
f 3162//4056 3161//4056 3163//4056
f 3162//4057 3163//4057 3164//4057
f 3164//4057 3163//4057 3165//4057
f 3164//4058 3165//4058 3166//4058
f 3166//4057 3165//4057 3167//4057
f 3163//323 3168//323 3165//323
f 3165//323 3168//323 3169//323
f 3170//4059 3171//4059 3172//4059
f 3172//4060 3171//4060 3173//4060
f 3172//4061 3173//4061 3174//4061
f 3174//4062 3173//4062 3175//4062
f 3174//4063 3175//4063 3176//4063
f 3176//4064 3175//4064 3177//4064
f 3178//4065 3179//4065 3180//4065
f 3180//4066 3179//4066 3181//4066
f 3180//4067 3181//4067 3182//4067
f 3182//4068 3181//4068 3183//4068
f 3182//4069 3183//4069 3184//4069
f 3184//4070 3183//4070 3185//4070
f 3186//4071 3187//4071 3188//4071
f 3188//4072 3187//4072 3189//4072
f 3188//4073 3189//4073 3190//4073
f 3190//4074 3189//4074 3191//4074
f 3190//4075 3191//4075 3192//4075
f 3192//4076 3191//4076 3193//4076
f 3194//4077 3195//4077 3196//4077
f 3196//4078 3195//4078 3197//4078
f 3196//4079 3197//4079 3198//4079
f 3198//4080 3197//4080 3199//4080
f 3198//4081 3199//4081 3200//4081
f 3200//4082 3199//4082 3201//4082
f 3003//282 3191//282 3202//282
f 3202//282 3191//282 3189//282
f 3203//282 3204//282 3179//282
f 3205//282 3000//282 3206//282
f 3206//282 3000//282 3183//282
f 3206//282 3183//282 3204//282
f 3204//1276 3183//1276 3181//1276
f 3204//282 3181//282 3179//282
f 3179//282 3177//282 3203//282
f 3203//1276 3177//1276 3175//1276
f 3203//282 3175//282 3207//282
f 3207//282 3175//282 3173//282
f 3207//282 3173//282 3208//282
f 3208//282 3173//282 3005//282
f 3005//282 3173//282 3171//282
f 3005//282 3171//282 3003//282
f 3003//282 3171//282 3193//282
f 3003//282 3193//282 3191//282
f 2999//282 3197//282 3195//282
f 1849//1276 1850//1276 3187//1276
f 3187//282 1850//282 1851//282
f 3209//282 2314//282 2319//282
f 2319//282 2318//282 3209//282
f 3209//282 2318//282 2320//282
f 3209//1276 2320//1276 2321//1276
f 2999//282 3195//282 3000//282
f 3000//282 3195//282 3185//282
f 3000//282 3185//282 3183//282
f 2999//282 3210//282 3197//282
f 3197//1276 3210//1276 3211//1276
f 3197//1276 3211//1276 3199//1276
f 3199//1276 3211//1276 3209//1276
f 3199//282 3209//282 3201//282
f 3201//1276 3209//1276 2321//1276
f 1851//1276 2074//1276 3187//1276
f 3187//282 2074//282 3212//282
f 3187//1276 3212//1276 3189//1276
f 3189//282 3212//282 3213//282
f 3189//282 3213//282 3202//282
f 2321//1276 2089//1276 3201//1276
f 3201//282 2089//282 1847//282
f 3201//282 1847//282 3187//282
f 3187//1276 1847//1276 1848//1276
f 3187//282 1848//282 1849//282
f 2823//4083 3214//4083 3215//4083
f 2856//4084 3216//4084 3217//4084
f 2747//4085 3218//4085 3219//4085
f 3220//4086 2780//4086 3221//4086
f 3221//4087 2780//4087 2782//4087
f 3221//4088 2782//4088 3222//4088
f 3222//4089 2782//4089 3223//4089
f 2823//4090 3215//4090 2821//4090
f 2856//4091 3217//4091 2858//4091
f 2747//4092 3219//4092 2745//4092
f 3220//4093 3224//4093 2780//4093
f 2780//4094 3224//4094 3225//4094
f 2780//4095 3225//4095 2778//4095
f 2782//4096 2783//4096 3223//4096
f 3223//4097 2783//4097 2785//4097
f 3223//4098 2785//4098 3226//4098
f 3226//113 2785//113 2786//113
f 3226//113 2786//113 3227//113
f 3215//4099 3228//4099 2821//4099
f 2821//4100 3228//4100 3229//4100
f 2821//4101 3229//4101 2819//4101
f 2819//4102 3229//4102 3230//4102
f 2819//113 3230//113 2817//113
f 2817//4103 3230//4103 3231//4103
f 2817//4104 3231//4104 2812//4104
f 2812//4105 3231//4105 3232//4105
f 2812//113 3232//113 2790//113
f 2790//113 3232//113 3227//113
f 2790//117 3227//117 2788//117
f 2788//113 3227//113 2786//113
f 3233//4106 3234//4106 2825//4106
f 2825//4107 3234//4107 3235//4107
f 2825//4108 3235//4108 2823//4108
f 2823//4109 3235//4109 3236//4109
f 2823//4110 3236//4110 3214//4110
f 3237//4111 3238//4111 2868//4111
f 2868//4112 3238//4112 3239//4112
f 2868//4113 3239//4113 2856//4113
f 2856//4114 3239//4114 3240//4114
f 2856//4115 3240//4115 3216//4115
f 3241//4116 3242//4116 2749//4116
f 2749//4117 3242//4117 3243//4117
f 2749//4118 3243//4118 2747//4118
f 2747//4119 3243//4119 3244//4119
f 2747//4120 3244//4120 3218//4120
f 2825//4121 2826//4121 3233//4121
f 3233//4122 2826//4122 2828//4122
f 3233//4123 2828//4123 3245//4123
f 3245//113 2828//113 2829//113
f 3245//113 2829//113 3246//113
f 2868//4124 2867//4124 3237//4124
f 3237//4125 2867//4125 2865//4125
f 3237//4126 2865//4126 3247//4126
f 3247//117 2865//117 2864//117
f 3247//117 2864//117 3248//117
f 2749//4127 2750//4127 3241//4127
f 3241//4128 2750//4128 2752//4128
f 3241//4129 2752//4129 3249//4129
f 3249//113 2752//113 2753//113
f 3249//117 2753//117 3250//117
f 3217//4130 3251//4130 2858//4130
f 2858//4131 3251//4131 3252//4131
f 2858//4132 3252//4132 2860//4132
f 2860//4133 3252//4133 3253//4133
f 2860//113 3253//113 2862//113
f 2862//4134 3253//4134 3254//4134
f 2862//4135 3254//4135 2854//4135
f 2854//4136 3254//4136 3255//4136
f 2854//113 3255//113 2833//113
f 2833//113 3255//113 3246//113
f 2833//113 3246//113 2831//113
f 2831//113 3246//113 2829//113
f 3219//4137 3256//4137 2745//4137
f 2745//4138 3256//4138 3257//4138
f 2745//4139 3257//4139 2743//4139
f 2743//4140 3257//4140 3258//4140
f 2743//113 3258//113 2741//113
f 2741//4141 3258//4141 3259//4141
f 2741//4142 3259//4142 2723//4142
f 2723//4143 3259//4143 3260//4143
f 2723//113 3260//113 2724//113
f 2724//113 3260//113 3248//113
f 2724//113 3248//113 2870//113
f 2870//113 3248//113 2864//113
f 3225//4144 3261//4144 2778//4144
f 2778//4145 3261//4145 3262//4145
f 2778//4146 3262//4146 2776//4146
f 2776//4147 3262//4147 3263//4147
f 2776//113 3263//113 2774//113
f 2774//4148 3263//4148 3264//4148
f 2774//4149 3264//4149 2764//4149
f 2764//4150 3264//4150 3265//4150
f 2764//113 3265//113 2757//113
f 2757//113 3265//113 3250//113
f 2757//113 3250//113 2755//113
f 2755//117 3250//117 2753//117
f 2887//1139 2888//1139 2889//1139
f 2905//4151 3266//4151 3138//4151
f 2907//4152 3017//4152 3267//4152
f 2709//1139 2683//1139 2891//1139
f 2890//1139 2891//1139 3268//1139
f 2709//1139 2891//1139 2711//1139
f 2711//1139 2891//1139 2892//1139
f 2711//1139 2892//1139 3138//1139
f 3138//1139 2892//1139 2893//1139
f 3138//1139 2893//1139 2905//1139
f 3266//4153 2905//4153 3267//4153
f 3267//4154 2905//4154 2906//4154
f 3267//4155 2906//4155 2907//4155
f 2898//1139 2899//1139 2897//1139
f 2897//1139 2899//1139 2900//1139
f 2908//1139 2909//1139 2907//1139
f 2907//1139 2909//1139 2903//1139
f 2907//4156 2903//4156 3017//4156
f 3017//4156 2903//4156 2902//4156
f 3017//4157 2902//4157 2920//4157
f 2920//4158 2902//4158 2904//4158
f 2920//4159 2904//4159 2443//4159
f 3268//1139 2901//1139 2894//1139
f 2683//4160 2681//4160 2891//4160
f 2891//4161 2681//4161 3269//4161
f 2891//4162 3269//4162 3268//4162
f 2440//1139 2359//1139 2358//1139
f 2889//1139 2890//1139 2887//1139
f 2887//1139 2890//1139 3268//1139
f 2887//1139 3268//1139 2886//1139
f 2886//1139 3268//1139 2894//1139
f 2904//1139 2905//1139 2443//1139
f 2443//1139 2905//1139 2893//1139
f 2443//1139 2893//1139 2358//1139
f 2358//1139 2893//1139 2886//1139
f 2358//1139 2886//1139 2440//1139
f 2440//1139 2886//1139 2894//1139
f 2440//4163 2894//4163 2437//4163
f 2437//4164 2894//4164 2895//4164
f 2437//4165 2895//4165 2918//4165
f 2918//4166 2895//4166 2896//4166
f 2918//4167 2896//4167 3270//4167
f 3270//1139 2896//1139 2897//1139
f 3270//1139 2897//1139 3268//1139
f 3268//1139 2897//1139 2900//1139
f 3268//1139 2900//1139 2901//1139
f 3271//4168 2911//4168 3272//4168
f 3272//4169 2911//4169 2910//4169
f 2918//4170 3270//4170 2919//4170
f 2919//4171 3270//4171 3273//4171
f 2919//4172 3273//4172 2917//4172
f 2917//4173 3273//4173 3274//4173
f 3275//4174 2915//4174 3274//4174
f 3274//4175 2915//4175 2916//4175
f 3274//4176 2916//4176 2917//4176
f 2910//4177 2912//4177 3272//4177
f 3272//4178 2912//4178 2913//4178
f 3272//4179 2913//4179 3275//4179
f 3275//4180 2913//4180 2914//4180
f 3275//4181 2914//4181 2915//4181
f 2942//282 2941//282 2943//282
f 2943//282 2941//282 2940//282
f 3007//4182 3026//4182 2949//4182
f 2949//4183 3026//4183 2950//4183
f 2950//4184 3026//4184 2951//4184
f 2951//4185 3026//4185 2926//4185
f 2951//4186 2926//4186 2454//4186
f 2948//282 2946//282 2949//282
f 2949//282 2946//282 2947//282
f 2949//4187 2947//4187 3007//4187
f 3007//4187 2947//4187 2953//4187
f 3007//4188 2953//4188 2970//4188
f 2970//4189 2953//4189 2952//4189
f 2970//4190 2952//4190 2516//4190
f 2516//282 2952//282 2951//282
f 2516//282 2951//282 2396//282
f 2396//282 2951//282 2454//282
f 2937//282 3271//282 2930//282
f 2930//1276 3271//1276 2938//1276
f 2930//282 2938//282 2931//282
f 2931//282 2938//282 2939//282
f 2401//4191 2939//4191 2403//4191
f 2403//4192 2939//4192 2945//4192
f 2403//4193 2945//4193 2963//4193
f 2963//4194 2945//4194 2944//4194
f 2963//4195 2944//4195 3276//4195
f 3276//282 2944//282 2943//282
f 3276//1276 2943//1276 3271//1276
f 3271//1276 2943//1276 2940//1276
f 3271//282 2940//282 2938//282
f 2442//282 2441//282 2438//282
f 2401//282 2397//282 2939//282
f 2939//282 2397//282 2396//282
f 2939//282 2396//282 2931//282
f 2931//282 2396//282 2454//282
f 2931//282 2454//282 2932//282
f 2932//282 2454//282 2442//282
f 2932//1276 2442//1276 2933//1276
f 2933//282 2442//282 2438//282
f 2933//4196 2438//4196 2439//4196
f 2936//282 2935//282 2937//282
f 2937//282 2935//282 2934//282
f 2937//1276 2934//1276 3271//1276
f 3271//282 2934//282 2933//282
f 3271//4197 2933//4197 2911//4197
f 2911//4198 2933//4198 2439//4198
f 3277//4199 2955//4199 3278//4199
f 3278//4200 2955//4200 2956//4200
f 2963//4201 3276//4201 2964//4201
f 2964//4202 3276//4202 3279//4202
f 2964//4203 3279//4203 2962//4203
f 2962//4204 3279//4204 3280//4204
f 2962//4205 3280//4205 2961//4205
f 2956//4206 2957//4206 3278//4206
f 3278//4207 2957//4207 2958//4207
f 3278//4208 2958//4208 3281//4208
f 3281//4209 2958//4209 2959//4209
f 3281//4210 2959//4210 3280//4210
f 3280//4211 2959//4211 2960//4211
f 3280//4212 2960//4212 2961//4212
f 2990//338 2989//338 2988//338
f 2994//4213 2968//4213 2527//4213
f 2991//4214 3282//4214 3016//4214
f 2979//338 2978//338 2980//338
f 2980//338 2978//338 2977//338
f 2504//338 2512//338 2986//338
f 2987//338 2986//338 3277//338
f 2504//338 2986//338 2506//338
f 2506//338 2986//338 2985//338
f 2506//338 2985//338 2527//338
f 2527//338 2985//338 2984//338
f 2527//338 2984//338 2994//338
f 2968//4215 2994//4215 3016//4215
f 3016//4216 2994//4216 2993//4216
f 3016//4217 2993//4217 2991//4217
f 2977//338 2975//338 3277//338
f 3277//338 2975//338 2976//338
f 2992//338 2998//338 2991//338
f 2991//338 2998//338 2997//338
f 2991//4218 2997//4218 3282//4218
f 3282//4218 2997//4218 2996//4218
f 3282//4219 2996//4219 3283//4219
f 3283//4220 2996//4220 2995//4220
f 3283//4221 2995//4221 3066//4221
f 2512//4222 2510//4222 2986//4222
f 2986//4223 2510//4223 2955//4223
f 2986//4224 2955//4224 3277//4224
f 2673//4225 2657//4225 2656//4225
f 2977//338 3277//338 2980//338
f 2980//338 3277//338 3284//338
f 2980//338 3284//338 2981//338
f 2981//4226 3284//4226 3285//4226
f 2981//4227 3285//4227 2982//4227
f 2995//338 2994//338 3066//338
f 3066//338 2994//338 2984//338
f 3066//4228 2984//4228 2656//4228
f 2656//4229 2984//4229 2983//4229
f 2656//4230 2983//4230 2673//4230
f 3285//4231 2675//4231 2982//4231
f 2982//4232 2675//4232 2673//4232
f 2982//338 2673//338 2976//338
f 2976//338 2673//338 2983//338
f 2976//338 2983//338 3277//338
f 3277//338 2983//338 2990//338
f 3277//338 2990//338 2987//338
f 2987//338 2990//338 2988//338
f 3286//4233 3287//4233 3288//4233
f 3288//4234 3287//4234 3289//4234
f 3288//4235 3289//4235 3290//4235
f 3285//4236 3284//4236 3291//4236
f 3291//4237 3284//4237 3292//4237
f 3291//4238 3292//4238 3293//4238
f 3293//4239 3292//4239 3294//4239
f 3295//4240 3296//4240 3294//4240
f 3294//4241 3296//4241 3297//4241
f 3294//4242 3297//4242 3293//4242
f 3288//4243 3298//4243 3286//4243
f 3286//4244 3298//4244 3299//4244
f 3286//4245 3299//4245 3295//4245
f 3295//4246 3299//4246 3300//4246
f 3295//4247 3300//4247 3296//4247
f 3268//4248 3269//4248 3301//4248
f 3301//4249 3269//4249 3302//4249
f 3303//4250 3304//4250 3305//4250
f 3305//4251 3304//4251 3306//4251
f 3305//4252 3306//4252 3307//4252
f 3307//4253 3306//4253 3308//4253
f 3307//4254 3308//4254 3309//4254
f 3302//4255 3310//4255 3301//4255
f 3301//4256 3310//4256 3311//4256
f 3301//4257 3311//4257 3312//4257
f 3312//4258 3311//4258 3313//4258
f 3312//4259 3313//4259 3308//4259
f 3308//4260 3313//4260 3314//4260
f 3308//4261 3314//4261 3309//4261
f 3248//4262 3260//4262 3315//4262
f 3315//4262 3260//4262 3316//4262
f 3315//4263 3316//4263 3317//4263
f 3317//4264 3316//4264 3318//4264
f 3317//4265 3318//4265 3319//4265
f 3319//4266 3318//4266 3320//4266
f 3319//4267 3320//4267 3321//4267
f 3321//4268 3320//4268 3322//4268
f 3323//4269 3324//4269 3325//4269
f 3326//4270 3319//4270 3321//4270
f 3248//4271 3315//4271 3327//4271
f 3248//4272 3327//4272 3247//4272
f 3247//4273 3327//4273 3328//4273
f 3247//4274 3328//4274 3237//4274
f 3237//4275 3328//4275 3329//4275
f 3237//4276 3329//4276 3238//4276
f 3330//4277 3240//4277 3329//4277
f 3329//4278 3240//4278 3239//4278
f 3329//4279 3239//4279 3238//4279
f 3331//4280 3217//4280 3330//4280
f 3330//4281 3217//4281 3216//4281
f 3330//4282 3216//4282 3240//4282
f 3332//4283 3252//4283 3331//4283
f 3331//4284 3252//4284 3251//4284
f 3331//4285 3251//4285 3217//4285
f 3333//4286 3255//4286 3334//4286
f 3334//4287 3255//4287 3254//4287
f 3334//4288 3254//4288 3332//4288
f 3332//4289 3254//4289 3253//4289
f 3332//4290 3253//4290 3252//4290
f 3321//4291 3335//4291 3326//4291
f 3326//4292 3335//4292 3336//4292
f 3326//4293 3336//4293 3337//4293
f 3337//4294 3336//4294 3338//4294
f 3337//4295 3338//4295 3339//4295
f 3339//4296 3338//4296 3340//4296
f 3339//4297 3340//4297 3341//4297
f 3341//4298 3340//4298 3342//4298
f 3341//4299 3342//4299 3343//4299
f 3343//4300 3342//4300 3344//4300
f 3343//4301 3344//4301 3345//4301
f 3345//4302 3344//4302 3346//4302
f 3345//4303 3346//4303 3347//4303
f 3347//4304 3346//4304 3348//4304
f 3347//4305 3348//4305 3325//4305
f 3325//4306 3348//4306 3349//4306
f 3325//4307 3349//4307 3323//4307
f 3325//4308 3350//4308 3347//4308
f 3347//4309 3350//4309 3351//4309
f 3347//4310 3351//4310 3345//4310
f 3345//4311 3351//4311 3352//4311
f 3345//4312 3352//4312 3343//4312
f 3343//4313 3352//4313 3353//4313
f 3343//4314 3353//4314 3341//4314
f 3341//4315 3353//4315 3354//4315
f 3341//4316 3354//4316 3339//4316
f 3339//4317 3354//4317 3355//4317
f 3339//4318 3355//4318 3337//4318
f 3337//4319 3355//4319 3356//4319
f 3337//4320 3356//4320 3326//4320
f 3326//4321 3356//4321 3357//4321
f 3326//4322 3357//4322 3319//4322
f 3319//4323 3357//4323 3317//4323
f 3350//4324 3333//4324 3351//4324
f 3351//4325 3333//4325 3334//4325
f 3351//4326 3334//4326 3352//4326
f 3352//4327 3334//4327 3332//4327
f 3352//4328 3332//4328 3353//4328
f 3353//4329 3332//4329 3331//4329
f 3353//4330 3331//4330 3354//4330
f 3354//4331 3331//4331 3330//4331
f 3354//4332 3330//4332 3355//4332
f 3355//4333 3330//4333 3329//4333
f 3355//4334 3329//4334 3356//4334
f 3356//4335 3329//4335 3328//4335
f 3356//4336 3328//4336 3357//4336
f 3357//4337 3328//4337 3327//4337
f 3357//4338 3327//4338 3317//4338
f 3317//4339 3327//4339 3315//4339
f 3246//4340 3255//4340 3358//4340
f 3358//4341 3255//4341 3333//4341
f 3358//4342 3333//4342 3359//4342
f 3359//4343 3333//4343 3350//4343
f 3359//4344 3350//4344 3360//4344
f 3360//4345 3350//4345 3325//4345
f 3360//4346 3325//4346 3361//4346
f 3361//4347 3325//4347 3324//4347
f 3362//4348 3203//4348 3363//4348
f 3363//4349 3203//4349 3207//4349
f 3005//4350 3006//4350 3208//4350
f 3208//4351 3006//4351 3364//4351
f 3208//4352 3364//4352 3207//4352
f 3207//4353 3364//4353 3365//4353
f 3207//4354 3365//4354 3363//4354
f 3363//4355 3365//4355 3366//4355
f 3367//4356 3368//4356 3369//4356
f 3206//4357 3204//4357 3370//4357
f 3370//4358 3367//4358 3206//4358
f 3206//4359 3367//4359 3369//4359
f 3206//4360 3369//4360 3205//4360
f 3205//4361 3369//4361 3371//4361
f 3205//4362 3371//4362 3000//4362
f 3000//4363 3371//4363 3002//4363
f 3372//282 3373//282 3370//282
f 3370//282 3373//282 3374//282
f 3370//282 3374//282 3367//282
f 3375//282 3376//282 3377//282
f 3377//282 3376//282 3378//282
f 3379//282 3380//282 3381//282
f 3381//282 3380//282 3362//282
f 3381//282 3362//282 3363//282
f 3382//1139 3383//1139 3384//1139
f 3384//1139 3383//1139 3385//1139
f 3386//4364 3387//4364 3384//4364
f 3384//4364 3387//4364 3382//4364
f 2567//1139 2564//1139 2563//1139
f 2563//1139 2564//1139 2562//1139
f 3372//4365 3370//4365 3204//4365
f 3375//4366 3388//4366 3380//4366
f 3380//4367 3388//4367 3389//4367
f 3390//4368 3391//4368 3377//4368
f 3377//4369 3391//4369 2561//4369
f 3377//4369 2561//4369 3375//4369
f 3375//4369 2561//4369 2566//4369
f 3375//4369 2566//4369 3388//4369
f 3377//4370 3372//4370 3390//4370
f 3390//4371 3372//4371 3204//4371
f 3390//4372 3204//4372 3389//4372
f 3389//4372 3204//4372 3203//4372
f 3389//4373 3203//4373 3380//4373
f 3380//4365 3203//4365 3362//4365
f 3392//282 3393//282 3368//282
f 3368//282 3393//282 3369//282
f 3394//282 3395//282 3396//282
f 3396//282 3395//282 3397//282
f 3398//282 3399//282 3397//282
f 3397//282 3399//282 3400//282
f 3397//282 3400//282 3396//282
f 3393//282 3401//282 3369//282
f 3369//282 3401//282 3402//282
f 3369//282 3402//282 3371//282
f 3371//282 3402//282 3403//282
f 3371//1276 3403//1276 3002//1276
f 3002//282 3403//282 3404//282
f 3002//282 3404//282 3001//282
f 3001//282 3404//282 3405//282
f 3001//282 3405//282 3398//282
f 3398//282 3405//282 3406//282
f 3398//282 3406//282 3399//282
f 3407//4374 3408//4374 3409//4374
f 3213//4375 3212//4375 3410//4375
f 3410//4376 3407//4376 3213//4376
f 3213//4377 3407//4377 3409//4377
f 3213//4378 3409//4378 3202//4378
f 3202//4379 3409//4379 3411//4379
f 3202//4380 3411//4380 3003//4380
f 3003//4381 3411//4381 3004//4381
f 3412//282 3413//282 3410//282
f 3410//282 3413//282 3414//282
f 3410//282 3414//282 3407//282
f 3415//4382 3209//4382 3416//4382
f 3416//4383 3209//4383 3211//4383
f 2999//4384 3001//4384 3210//4384
f 3210//4385 3001//4385 3398//4385
f 3210//4386 3398//4386 3211//4386
f 3211//4387 3398//4387 3397//4387
f 3211//4388 3397//4388 3416//4388
f 3416//4389 3397//4389 3395//4389
f 3417//282 3418//282 3419//282
f 3419//282 3418//282 3415//282
f 3419//282 3415//282 3416//282
f 3420//282 3421//282 3422//282
f 3422//282 3421//282 3423//282
f 3424//338 3425//338 3426//338
f 3426//338 3425//338 3427//338
f 3428//4390 3425//4390 3429//4390
f 3429//4390 3425//4390 3424//4390
f 3430//4391 3421//4391 3431//4391
f 3431//4392 3421//4392 3412//4392
f 3209//4393 3415//4393 3418//4393
f 3430//4394 2574//4394 3421//4394
f 3421//4394 2574//4394 2572//4394
f 3421//4394 2572//4394 3423//4394
f 3423//4394 2572//4394 3432//4394
f 3423//4395 3432//4395 3418//4395
f 3418//4396 3432//4396 3433//4396
f 3418//4397 3433//4397 3209//4397
f 3209//4398 3433//4398 2314//4398
f 2314//4398 3433//4398 2074//4398
f 2074//4398 3433//4398 3431//4398
f 2074//4398 3431//4398 3212//4398
f 3212//4399 3431//4399 3412//4399
f 3212//4393 3412//4393 3410//4393
f 2577//338 2573//338 2576//338
f 2576//338 2573//338 2571//338
f 3434//282 3435//282 3408//282
f 3408//282 3435//282 3409//282
f 3436//282 3365//282 3364//282
f 3437//282 3366//282 3438//282
f 3438//282 3366//282 3365//282
f 3438//282 3365//282 3439//282
f 3439//282 3365//282 3436//282
f 3435//282 3440//282 3409//282
f 3409//282 3440//282 3441//282
f 3409//282 3441//282 3411//282
f 3411//282 3441//282 3442//282
f 3411//1276 3442//1276 3004//1276
f 3004//282 3442//282 3443//282
f 3004//282 3443//282 3006//282
f 3006//282 3443//282 3444//282
f 3006//1276 3444//1276 3364//1276
f 3364//1276 3444//1276 3445//1276
f 3364//282 3445//282 3436//282
f 3048//8 3049//8 3446//8
f 3047//62 3447//62 3028//62
f 3028//8 3447//8 3267//8
f 3028//8 3267//8 3027//8
f 3446//8 3448//8 3048//8
f 3048//8 3448//8 3449//8
f 3048//8 3449//8 3047//8
f 3047//8 3449//8 3450//8
f 3047//62 3450//62 3447//62
f 3043//8 3044//8 3451//8
f 3037//8 3038//8 3011//8
f 3031//8 3032//8 3021//8
f 3267//62 3017//62 3027//62
f 3027//8 3017//8 3018//8
f 3027//62 3018//62 3033//62
f 3033//8 3018//8 3019//8
f 3033//8 3019//8 3032//8
f 3032//8 3019//8 3020//8
f 3032//62 3020//62 3021//62
f 3451//62 3452//62 3043//62
f 3043//62 3452//62 3453//62
f 3043//8 3453//8 3042//8
f 3011//8 3012//8 3037//8
f 3037//62 3012//62 3013//62
f 3037//8 3013//8 3036//8
f 3021//8 3022//8 3031//8
f 3031//8 3022//8 3023//8
f 3031//8 3023//8 3030//8
f 3040//8 3454//8 3045//8
f 3045//8 3454//8 3455//8
f 3045//8 3455//8 3044//8
f 3044//8 3455//8 3456//8
f 3044//62 3456//62 3451//62
f 3034//8 3008//8 3039//8
f 3039//8 3008//8 3009//8
f 3039//8 3009//8 3038//8
f 3038//62 3009//62 3010//62
f 3038//8 3010//8 3011//8
f 3453//62 3457//62 3042//62
f 3042//62 3457//62 3458//62
f 3042//62 3458//62 3041//62
f 3041//8 3458//8 3459//8
f 3013//8 3014//8 3036//8
f 3036//8 3014//8 3015//8
f 3036//8 3015//8 3035//8
f 3035//8 3015//8 3016//8
f 3035//8 3016//8 3040//8
f 3040//4400 3016//4400 3282//4400
f 3040//4401 3282//4401 3454//4401
f 3023//8 3024//8 3030//8
f 3030//62 3024//62 3025//62
f 3030//8 3025//8 3029//8
f 3029//62 3025//62 3026//62
f 3029//8 3026//8 3034//8
f 3034//8 3026//8 3007//8
f 3034//8 3007//8 3008//8
f 3460//8 3461//8 3046//8
f 3046//8 3461//8 3462//8
f 3046//8 3462//8 3050//8
f 3050//8 3462//8 3463//8
f 3050//8 3463//8 3049//8
f 3049//8 3463//8 3464//8
f 3049//8 3464//8 3446//8
f 3459//8 3465//8 3041//8
f 3041//62 3465//62 3466//62
f 3041//8 3466//8 3046//8
f 3046//8 3466//8 3467//8
f 3046//8 3467//8 3460//8
f 3468//4402 3469//4402 3470//4402
f 3471//4403 3472//4403 3458//4403
f 3458//4403 3472//4403 3473//4403
f 3458//4404 3473//4404 3459//4404
f 3470//4405 3471//4405 3468//4405
f 3468//4406 3471//4406 3458//4406
f 3468//4407 3458//4407 3474//4407
f 3474//4408 3458//4408 3457//4408
f 3474//4409 3457//4409 3475//4409
f 3475//4410 3457//4410 3453//4410
f 3475//4411 3453//4411 3476//4411
f 3476//4412 3453//4412 3452//4412
f 3476//4413 3452//4413 3477//4413
f 3477//4414 3452//4414 3451//4414
f 3477//4415 3451//4415 3478//4415
f 3478//4416 3451//4416 3456//4416
f 3478//4417 3456//4417 3479//4417
f 3479//4418 3456//4418 3455//4418
f 3479//4419 3455//4419 3480//4419
f 3480//4420 3455//4420 3454//4420
f 3480//4421 3454//4421 3283//4421
f 3283//4422 3454//4422 3282//4422
f 3058//117 3057//117 3065//117
f 3065//113 3057//113 3056//113
f 3065//113 3056//113 3055//113
f 3051//113 3063//113 3066//113
f 3066//113 3063//113 3062//113
f 3066//4423 3062//4423 3283//4423
f 3283//4424 3062//4424 3061//4424
f 3283//4425 3061//4425 3480//4425
f 3480//113 3061//113 3060//113
f 3480//113 3060//113 3479//113
f 3476//113 3477//113 3060//113
f 3060//113 3477//113 3478//113
f 3060//113 3478//113 3479//113
f 3065//4426 3469//4426 3058//4426
f 3058//4427 3469//4427 3468//4427
f 3058//113 3468//113 3059//113
f 3059//113 3468//113 3474//113
f 3059//113 3474//113 3060//113
f 3060//113 3474//113 3475//113
f 3060//113 3475//113 3476//113
f 3068//3823 3067//3823 3076//3823
f 3076//3823 3067//3823 3075//3823
f 3094//4428 3085//4428 3086//4428
f 3074//4429 3072//4429 3481//4429
f 3481//4430 3072//4430 3288//4430
f 3481//4431 3288//4431 3482//4431
f 3482//4432 3288//4432 3290//4432
f 3072//4433 3094//4433 3288//4433
f 3288//4434 3094//4434 3086//4434
f 3288//4435 3086//4435 3298//4435
f 3298//4436 3086//4436 3087//4436
f 3298//4437 3087//4437 3299//4437
f 3299//4438 3087//4438 3093//4438
f 3299//4439 3093//4439 3300//4439
f 3300//4440 3093//4440 3092//4440
f 3300//4441 3092//4441 3296//4441
f 3296//4442 3092//4442 3091//4442
f 3296//4443 3091//4443 3297//4443
f 3297//4444 3091//4444 3090//4444
f 3297//4445 3090//4445 3293//4445
f 3293//4446 3090//4446 3089//4446
f 3293//4447 3089//4447 3088//4447
f 2677//4448 2675//4448 3285//4448
f 3285//4449 3291//4449 2677//4449
f 2677//4450 3291//4450 3293//4450
f 2677//4451 3293//4451 3083//4451
f 3083//4452 3293//4452 3088//4452
f 3083//4453 3088//4453 3084//4453
f 3114//4454 3104//4454 3106//4454
f 3269//4455 2681//4455 3302//4455
f 3302//4456 2681//4456 2679//4456
f 2679//4457 3114//4457 3302//4457
f 3302//4458 3114//4458 3106//4458
f 3302//4459 3106//4459 3310//4459
f 3310//4460 3106//4460 3107//4460
f 3310//4461 3107//4461 3311//4461
f 3311//4462 3107//4462 3102//4462
f 3311//4463 3102//4463 3313//4463
f 3313//4464 3102//4464 3101//4464
f 3313//4465 3101//4465 3314//4465
f 3314//4466 3101//4466 3112//4466
f 3314//4467 3112//4467 3309//4467
f 3309//4468 3112//4468 3111//4468
f 3309//4469 3111//4469 3307//4469
f 3098//4470 3096//4470 3307//4470
f 3100//4471 3098//4471 3109//4471
f 3109//4472 3098//4472 3307//4472
f 3109//4473 3307//4473 3110//4473
f 3110//4474 3307//4474 3111//4474
f 3096//4475 3118//4475 3307//4475
f 3307//4476 3118//4476 3483//4476
f 3307//4477 3483//4477 3305//4477
f 3305//4478 3483//4478 3303//4478
f 3127//4479 3116//4479 3119//4479
f 3119//4479 3116//4479 3115//4479
f 3137//113 3130//113 3138//113
f 3137//117 3138//117 3136//117
f 3129//113 3128//113 3139//113
f 3139//113 3128//113 3131//113
f 3139//113 3131//113 3484//113
f 3484//113 3131//113 3132//113
f 3484//113 3132//113 3485//113
f 3485//113 3132//113 3133//113
f 3134//117 3486//117 3133//117
f 3133//113 3486//113 3487//113
f 3133//113 3487//113 3485//113
f 3488//117 3489//117 3134//117
f 3489//113 3490//113 3134//113
f 3134//113 3490//113 3491//113
f 3134//113 3491//113 3486//113
f 3136//113 3138//113 3135//113
f 3135//117 3138//117 3266//117
f 3135//113 3266//113 3134//113
f 3134//113 3266//113 3492//113
f 3134//117 3492//117 3488//117
f 3493//4480 3462//4480 3494//4480
f 3494//4481 3462//4481 3461//4481
f 3484//4482 3485//4482 3495//4482
f 3495//4483 3485//4483 3496//4483
f 3493//4484 3496//4484 3462//4484
f 3462//4485 3496//4485 3485//4485
f 3462//4486 3485//4486 3463//4486
f 3463//4487 3485//4487 3487//4487
f 3463//4488 3487//4488 3464//4488
f 3464//4489 3487//4489 3486//4489
f 3464//4490 3486//4490 3446//4490
f 3446//4491 3486//4491 3491//4491
f 3446//4492 3491//4492 3448//4492
f 3448//4493 3491//4493 3490//4493
f 3448//4494 3490//4494 3449//4494
f 3449//4495 3490//4495 3489//4495
f 3449//4496 3489//4496 3450//4496
f 3450//4497 3489//4497 3488//4497
f 3450//4498 3488//4498 3447//4498
f 3488//4499 3492//4499 3447//4499
f 3447//4500 3492//4500 3266//4500
f 3447//4501 3266//4501 3267//4501
f 3497//113 3142//113 3498//113
f 3498//117 3142//117 3144//117
f 3498//113 3144//113 3499//113
f 3146//1139 3500//1139 3144//1139
f 3144//1139 3500//1139 3499//1139
f 3147//113 3501//113 3146//113
f 3146//113 3501//113 3500//113
f 3501//338 3147//338 3502//338
f 3502//338 3147//338 3145//338
f 3502//338 3145//338 3149//338
f 3502//8 3149//8 3503//8
f 3503//8 3149//8 3148//8
f 3503//62 3148//62 3504//62
f 3141//1139 3505//1139 3143//1139
f 3143//1139 3505//1139 3504//1139
f 3143//1139 3504//1139 3148//1139
f 3140//113 3506//113 3141//113
f 3141//113 3506//113 3505//113
f 3140//338 3142//338 3506//338
f 3506//338 3142//338 3497//338
f 3507//113 3153//113 3508//113
f 3508//113 3153//113 3151//113
f 3508//113 3151//113 3509//113
f 3155//338 3510//338 3150//338
f 3150//338 3510//338 3509//338
f 3150//338 3509//338 3151//338
f 3510//8 3155//8 3511//8
f 3511//8 3155//8 3154//8
f 3511//8 3154//8 3512//8
f 3156//1139 3513//1139 3154//1139
f 3154//1139 3513//1139 3512//1139
f 3156//8 3157//8 3513//8
f 3513//8 3157//8 3514//8
f 3157//338 3158//338 3514//338
f 3514//338 3158//338 3515//338
f 3158//8 3159//8 3515//8
f 3515//8 3159//8 3516//8
f 3516//1139 3159//1139 3507//1139
f 3507//1139 3159//1139 3152//1139
f 3507//1139 3152//1139 3153//1139
f 3161//8 3160//8 3517//8
f 3517//8 3160//8 3518//8
f 3162//1139 3519//1139 3160//1139
f 3160//1139 3519//1139 3518//1139
f 3162//8 3164//8 3519//8
f 3519//8 3164//8 3520//8
f 3164//338 3166//338 3520//338
f 3520//338 3166//338 3521//338
f 3166//8 3167//8 3521//8
f 3521//8 3167//8 3522//8
f 3522//1139 3167//1139 3523//1139
f 3523//1139 3167//1139 3165//1139
f 3523//1139 3165//1139 3169//1139
f 3524//113 3523//113 3168//113
f 3168//113 3523//113 3169//113
f 3161//338 3517//338 3163//338
f 3163//338 3517//338 3524//338
f 3163//338 3524//338 3168//338
f 3171//4502 3170//4502 3193//4502
f 3193//4502 3170//4502 3525//4502
f 3193//4502 3525//4502 3192//4502
f 3177//4503 3179//4503 3176//4503
f 3176//4503 3179//4503 3178//4503
f 3195//4504 3194//4504 3185//4504
f 3185//4504 3194//4504 3526//4504
f 3185//4504 3526//4504 3184//4504
f 3187//4505 3186//4505 3201//4505
f 3201//4505 3186//4505 3200//4505
f 3246//4506 3358//4506 3527//4506
f 3246//4507 3527//4507 3245//4507
f 3245//4508 3527//4508 3528//4508
f 3245//4509 3528//4509 3233//4509
f 3233//4510 3528//4510 3529//4510
f 3233//4511 3529//4511 3234//4511
f 3530//4512 3236//4512 3529//4512
f 3529//4513 3236//4513 3235//4513
f 3529//4514 3235//4514 3234//4514
f 3531//4515 3215//4515 3530//4515
f 3530//4516 3215//4516 3214//4516
f 3530//4517 3214//4517 3236//4517
f 3532//4518 3229//4518 3531//4518
f 3531//4519 3229//4519 3228//4519
f 3531//4520 3228//4520 3215//4520
f 3533//4521 3232//4521 3534//4521
f 3534//4522 3232//4522 3231//4522
f 3534//4523 3231//4523 3532//4523
f 3532//4524 3231//4524 3230//4524
f 3532//4525 3230//4525 3229//4525
f 3535//4526 3536//4526 3537//4526
f 3537//4527 3536//4527 3538//4527
f 3537//4528 3538//4528 3539//4528
f 3539//4529 3538//4529 3540//4529
f 3541//4530 3542//4530 3543//4530
f 3543//4531 3542//4531 3544//4531
f 3543//4532 3544//4532 3540//4532
f 3540//4533 3544//4533 3545//4533
f 3540//4534 3545//4534 3539//4534
f 3360//4535 3361//4535 3546//4535
f 3546//4536 3361//4536 3547//4536
f 3546//4537 3547//4537 3548//4537
f 3548//4538 3547//4538 3549//4538
f 3548//4539 3549//4539 3550//4539
f 3550//4540 3549//4540 3551//4540
f 3550//4541 3551//4541 3541//4541
f 3541//4542 3551//4542 3552//4542
f 3541//4543 3552//4543 3542//4543
f 3536//4544 3553//4544 3538//4544
f 3538//4545 3553//4545 3554//4545
f 3538//4546 3554//4546 3540//4546
f 3540//4547 3554//4547 3555//4547
f 3540//4548 3555//4548 3543//4548
f 3543//4549 3555//4549 3556//4549
f 3543//4550 3556//4550 3541//4550
f 3541//4551 3556//4551 3557//4551
f 3541//4552 3557//4552 3550//4552
f 3550//4553 3557//4553 3558//4553
f 3550//4554 3558//4554 3548//4554
f 3548//4555 3558//4555 3559//4555
f 3548//4556 3559//4556 3546//4556
f 3546//4557 3559//4557 3560//4557
f 3546//4558 3560//4558 3360//4558
f 3360//4559 3560//4559 3359//4559
f 3553//4560 3533//4560 3554//4560
f 3554//4561 3533//4561 3534//4561
f 3554//4562 3534//4562 3555//4562
f 3555//4563 3534//4563 3532//4563
f 3555//4564 3532//4564 3556//4564
f 3556//4565 3532//4565 3531//4565
f 3556//4566 3531//4566 3557//4566
f 3557//4567 3531//4567 3530//4567
f 3557//4568 3530//4568 3558//4568
f 3558//4569 3530//4569 3529//4569
f 3558//4570 3529//4570 3559//4570
f 3559//4571 3529//4571 3528//4571
f 3559//4572 3528//4572 3560//4572
f 3560//4573 3528//4573 3527//4573
f 3560//4574 3527//4574 3359//4574
f 3359//4575 3527//4575 3358//4575
f 3227//4576 3232//4576 3561//4576
f 3561//4577 3232//4577 3533//4577
f 3561//4578 3533//4578 3562//4578
f 3562//4579 3533//4579 3553//4579
f 3562//4580 3553//4580 3563//4580
f 3563//4581 3553//4581 3536//4581
f 3563//4582 3536//4582 3564//4582
f 3564//4583 3536//4583 3535//4583
f 3565//4584 3563//4584 3564//4584
f 3227//4585 3561//4585 3566//4585
f 3227//4586 3566//4586 3226//4586
f 3226//4587 3566//4587 3567//4587
f 3226//4588 3567//4588 3223//4588
f 3223//4589 3567//4589 3568//4589
f 3223//4590 3568//4590 3222//4590
f 3569//4591 3220//4591 3568//4591
f 3568//4592 3220//4592 3221//4592
f 3568//4593 3221//4593 3222//4593
f 3570//4594 3225//4594 3569//4594
f 3569//4595 3225//4595 3224//4595
f 3569//4596 3224//4596 3220//4596
f 3571//4597 3262//4597 3570//4597
f 3570//4598 3262//4598 3261//4598
f 3570//4599 3261//4599 3225//4599
f 3572//4600 3265//4600 3573//4600
f 3573//4601 3265//4601 3264//4601
f 3573//4602 3264//4602 3571//4602
f 3571//4603 3264//4603 3263//4603
f 3571//4604 3263//4604 3262//4604
f 3574//4605 3575//4605 3576//4605
f 3576//4606 3577//4606 3574//4606
f 3574//4607 3577//4607 3578//4607
f 3574//4608 3578//4608 3579//4608
f 3579//4609 3578//4609 3580//4609
f 3579//4610 3580//4610 3581//4610
f 3581//4611 3580//4611 3582//4611
f 3581//4612 3582//4612 3583//4612
f 3564//4613 3584//4613 3565//4613
f 3565//4614 3584//4614 3585//4614
f 3565//4615 3585//4615 3586//4615
f 3586//4616 3585//4616 3587//4616
f 3586//4617 3587//4617 3588//4617
f 3588//4618 3587//4618 3589//4618
f 3588//4619 3589//4619 3582//4619
f 3582//4620 3589//4620 3590//4620
f 3582//4621 3590//4621 3583//4621
f 3576//4622 3591//4622 3577//4622
f 3577//4623 3591//4623 3592//4623
f 3577//4624 3592//4624 3578//4624
f 3578//4625 3592//4625 3593//4625
f 3578//4626 3593//4626 3580//4626
f 3580//4627 3593//4627 3594//4627
f 3580//4628 3594//4628 3582//4628
f 3582//4629 3594//4629 3595//4629
f 3582//4630 3595//4630 3588//4630
f 3588//4631 3595//4631 3596//4631
f 3588//4632 3596//4632 3586//4632
f 3586//4633 3596//4633 3597//4633
f 3586//4634 3597//4634 3565//4634
f 3565//4635 3597//4635 3598//4635
f 3565//4636 3598//4636 3563//4636
f 3563//4637 3598//4637 3562//4637
f 3591//4638 3572//4638 3592//4638
f 3592//4639 3572//4639 3573//4639
f 3592//4640 3573//4640 3593//4640
f 3593//4641 3573//4641 3571//4641
f 3593//4642 3571//4642 3594//4642
f 3594//4643 3571//4643 3570//4643
f 3594//4644 3570//4644 3595//4644
f 3595//4645 3570//4645 3569//4645
f 3595//4646 3569//4646 3596//4646
f 3596//4647 3569//4647 3568//4647
f 3596//4648 3568//4648 3597//4648
f 3597//4649 3568//4649 3567//4649
f 3597//4650 3567//4650 3598//4650
f 3598//4651 3567//4651 3566//4651
f 3598//4652 3566//4652 3562//4652
f 3562//4653 3566//4653 3561//4653
f 3575//4654 3599//4654 3576//4654
f 3576//4655 3599//4655 3600//4655
f 3576//4656 3600//4656 3591//4656
f 3591//4657 3600//4657 3601//4657
f 3591//4658 3601//4658 3572//4658
f 3572//4659 3601//4659 3602//4659
f 3572//4660 3602//4660 3265//4660
f 3265//4660 3602//4660 3250//4660
f 3322//4661 3320//4661 3603//4661
f 3322//4662 3603//4662 3604//4662
f 3604//4663 3603//4663 3605//4663
f 3604//4664 3605//4664 3606//4664
f 3606//4665 3605//4665 3607//4665
f 3607//4666 3605//4666 3608//4666
f 3607//4667 3608//4667 3609//4667
f 3609//4668 3608//4668 3610//4668
f 3609//4669 3610//4669 3611//4669
f 3611//4670 3610//4670 3612//4670
f 3612//4671 3610//4671 3613//4671
f 3612//4672 3613//4672 3614//4672
f 3614//4673 3613//4673 3615//4673
f 3614//4674 3615//4674 3616//4674
f 3615//4675 3617//4675 3616//4675
f 3616//4676 3617//4676 3600//4676
f 3616//4677 3600//4677 3599//4677
f 3250//4678 3602//4678 3618//4678
f 3250//4679 3618//4679 3249//4679
f 3249//4680 3618//4680 3619//4680
f 3249//4681 3619//4681 3241//4681
f 3241//4682 3619//4682 3620//4682
f 3241//4683 3620//4683 3242//4683
f 3621//4684 3244//4684 3620//4684
f 3620//4685 3244//4685 3243//4685
f 3620//4686 3243//4686 3242//4686
f 3622//4687 3219//4687 3621//4687
f 3621//4688 3219//4688 3218//4688
f 3621//4689 3218//4689 3244//4689
f 3623//4690 3257//4690 3622//4690
f 3622//4691 3257//4691 3256//4691
f 3622//4692 3256//4692 3219//4692
f 3316//4693 3260//4693 3624//4693
f 3624//4694 3260//4694 3259//4694
f 3624//4695 3259//4695 3623//4695
f 3623//4696 3259//4696 3258//4696
f 3623//4697 3258//4697 3257//4697
f 3320//4698 3318//4698 3603//4698
f 3603//4699 3318//4699 3625//4699
f 3603//4700 3625//4700 3605//4700
f 3605//4701 3625//4701 3626//4701
f 3605//4702 3626//4702 3608//4702
f 3608//4703 3626//4703 3627//4703
f 3608//4704 3627//4704 3610//4704
f 3610//4705 3627//4705 3628//4705
f 3610//4706 3628//4706 3613//4706
f 3613//4707 3628//4707 3629//4707
f 3613//4708 3629//4708 3615//4708
f 3615//4709 3629//4709 3630//4709
f 3615//4710 3630//4710 3617//4710
f 3617//4711 3630//4711 3631//4711
f 3617//4712 3631//4712 3600//4712
f 3600//4713 3631//4713 3601//4713
f 3318//4714 3316//4714 3625//4714
f 3625//4715 3316//4715 3624//4715
f 3625//4716 3624//4716 3626//4716
f 3626//4717 3624//4717 3623//4717
f 3626//4718 3623//4718 3627//4718
f 3627//4719 3623//4719 3622//4719
f 3627//4720 3622//4720 3628//4720
f 3628//4721 3622//4721 3621//4721
f 3628//4722 3621//4722 3629//4722
f 3629//4723 3621//4723 3620//4723
f 3629//4724 3620//4724 3630//4724
f 3630//4725 3620//4725 3619//4725
f 3630//4726 3619//4726 3631//4726
f 3631//4727 3619//4727 3618//4727
f 3631//4728 3618//4728 3601//4728
f 3601//4729 3618//4729 3602//4729
f 3273//8 3270//8 3632//8
f 3308//8 3633//8 3634//8
f 3274//8 3635//8 3636//8
f 3308//8 3634//8 3312//8
f 3295//8 3294//8 3637//8
f 3281//8 3280//8 3638//8
f 3274//8 3636//8 3275//8
f 3632//8 3270//8 3639//8
f 3639//8 3270//8 3268//8
f 3639//8 3268//8 3640//8
f 3640//8 3268//8 3301//8
f 3640//62 3301//62 3641//62
f 3634//62 3642//62 3312//62
f 3312//8 3642//8 3643//8
f 3312//8 3643//8 3301//8
f 3301//8 3643//8 3644//8
f 3301//8 3644//8 3641//8
f 3306//62 3645//62 3646//62
f 3637//8 3647//8 3295//8
f 3295//8 3647//8 3648//8
f 3295//8 3648//8 3286//8
f 3638//8 3649//8 3281//8
f 3281//8 3649//8 3650//8
f 3281//8 3650//8 3278//8
f 3632//62 3651//62 3273//62
f 3273//8 3651//8 3652//8
f 3273//8 3652//8 3274//8
f 3274//8 3652//8 3653//8
f 3274//8 3653//8 3635//8
f 3306//8 3646//8 3308//8
f 3308//8 3646//8 3654//8
f 3308//8 3654//8 3633//8
f 3645//62 3306//62 3655//62
f 3655//62 3306//62 3304//62
f 3655//8 3304//8 3656//8
f 3657//62 3287//62 3658//62
f 3658//8 3287//8 3286//8
f 3658//8 3286//8 3659//8
f 3659//8 3286//8 3648//8
f 3660//8 3272//8 3661//8
f 3661//8 3272//8 3275//8
f 3661//8 3275//8 3662//8
f 3662//8 3275//8 3636//8
f 3650//62 3663//62 3278//62
f 3278//8 3663//8 3664//8
f 3278//8 3664//8 3277//8
f 3277//4730 3664//4730 3665//4730
f 3277//4731 3665//4731 3284//4731
f 3284//4732 3665//4732 3666//4732
f 3284//4733 3666//4733 3292//4733
f 3292//4734 3666//4734 3667//4734
f 3292//8 3667//8 3294//8
f 3294//8 3667//8 3668//8
f 3294//8 3668//8 3637//8
f 3660//8 3669//8 3272//8
f 3272//8 3669//8 3670//8
f 3272//8 3670//8 3271//8
f 3271//4735 3670//4735 3671//4735
f 3271//4736 3671//4736 3276//4736
f 3276//4736 3671//4736 3672//4736
f 3276//4737 3672//4737 3279//4737
f 3279//4738 3672//4738 3673//4738
f 3279//8 3673//8 3280//8
f 3280//8 3673//8 3674//8
f 3280//8 3674//8 3638//8
f 3656//8 3675//8 3655//8
f 3655//8 3675//8 3676//8
f 3655//8 3676//8 3657//8
f 3657//8 3676//8 3677//8
f 3657//8 3677//8 3287//8
f 3321//4739 3322//4739 3678//4739
f 3678//4740 3322//4740 3679//4740
f 3335//4741 3321//4741 3678//4741
f 3680//4742 3336//4742 3681//4742
f 3681//4743 3336//4743 3335//4743
f 3681//4744 3335//4744 3682//4744
f 3682//4745 3335//4745 3678//4745
f 3683//4746 3684//4746 3324//4746
f 3324//4747 3323//4747 3683//4747
f 3683//4748 3323//4748 3349//4748
f 3683//4749 3349//4749 3685//4749
f 3685//4750 3349//4750 3348//4750
f 3685//4751 3348//4751 3686//4751
f 3686//4752 3348//4752 3346//4752
f 3344//4753 3687//4753 3346//4753
f 3346//4754 3687//4754 3688//4754
f 3346//4755 3688//4755 3686//4755
f 3689//4756 3690//4756 3340//4756
f 3340//4757 3690//4757 3691//4757
f 3340//4758 3691//4758 3342//4758
f 3342//4759 3691//4759 3692//4759
f 3342//4760 3692//4760 3344//4760
f 3344//4761 3692//4761 3693//4761
f 3344//4762 3693//4762 3687//4762
f 3689//4763 3340//4763 3694//4763
f 3694//4764 3340//4764 3338//4764
f 3694//4765 3338//4765 3695//4765
f 3680//4766 3696//4766 3336//4766
f 3336//4767 3696//4767 3697//4767
f 3336//4768 3697//4768 3338//4768
f 3338//4769 3697//4769 3698//4769
f 3338//4770 3698//4770 3695//4770
f 3361//4771 3324//4771 3699//4771
f 3699//4772 3324//4772 3684//4772
f 3700//113 3381//113 3363//113
f 3701//113 3702//113 3437//113
f 3437//113 3702//113 3700//113
f 3437//117 3700//117 3366//117
f 3366//113 3700//113 3363//113
f 3437//4773 3438//4773 3701//4773
f 3701//4774 3438//4774 3703//4774
f 3703//4775 3704//4775 3701//4775
f 3701//4776 3704//4776 3705//4776
f 3701//4777 3705//4777 3702//4777
f 3706//4778 3700//4778 3707//4778
f 3707//4779 3700//4779 3702//4779
f 3707//4780 3702//4780 3708//4780
f 3708//4781 3702//4781 3705//4781
f 3393//4782 3392//4782 3709//4782
f 3709//4783 3392//4783 3710//4783
f 3709//4775 3710//4775 3711//4775
f 3711//4776 3710//4776 3712//4776
f 3712//4784 3710//4784 3713//4784
f 3712//4781 3713//4781 3714//4781
f 3714//4780 3713//4780 3715//4780
f 3715//4785 3713//4785 3716//4785
f 3715//4778 3716//4778 3717//4778
f 3716//8 3713//8 3710//8
f 3367//8 3374//8 3368//8
f 3368//8 3374//8 3716//8
f 3368//62 3716//62 3392//62
f 3392//8 3716//8 3710//8
f 3718//113 3373//113 3372//113
f 3719//113 3720//113 3378//113
f 3378//113 3720//113 3718//113
f 3378//113 3718//113 3377//113
f 3377//113 3718//113 3372//113
f 3378//4786 3376//4786 3721//4786
f 3378//4786 3721//4786 3719//4786
f 3719//4787 3721//4787 3722//4787
f 3719//4787 3722//4787 3720//4787
f 3720//4788 3722//4788 3723//4788
f 3720//4788 3723//4788 3718//4788
f 3723//8 3722//8 3721//8
f 3380//8 3379//8 3375//8
f 3375//62 3379//62 3723//62
f 3375//8 3723//8 3376//8
f 3376//8 3723//8 3721//8
f 3724//1306 3385//1306 3725//1306
f 3725//1306 3385//1306 3383//1306
f 3387//8 3726//8 3382//8
f 3382//8 3726//8 3725//8
f 3382//8 3725//8 3383//8
f 3727//282 3726//282 3386//282
f 3386//282 3726//282 3387//282
f 3727//113 3386//113 3724//113
f 3724//113 3386//113 3384//113
f 3724//113 3384//113 3385//113
f 3390//282 3389//282 3728//282
f 3728//282 3389//282 3729//282
f 3388//113 3730//113 3389//113
f 3389//113 3730//113 3729//113
f 3388//323 2566//323 2567//323
f 2561//323 3391//323 2563//323
f 2563//323 3391//323 3731//323
f 2563//1306 3731//1306 2567//1306
f 2567//323 3731//323 3730//323
f 2567//323 3730//323 3388//323
f 3391//8 3390//8 3731//8
f 3731//8 3390//8 3728//8
f 3732//4789 3403//4789 3402//4789
f 3404//4790 3403//4790 3733//4790
f 3733//4791 3403//4791 3732//4791
f 3733//4792 3732//4792 3734//4792
f 3734//4793 3732//4793 3735//4793
f 3734//4794 3735//4794 3736//4794
f 3736//4795 3735//4795 3737//4795
f 3737//4796 3735//4796 3738//4796
f 3737//4797 3738//4797 3739//4797
f 3740//4798 3741//4798 3742//4798
f 3743//4799 3744//4799 3741//4799
f 3717//4800 3744//4800 3715//4800
f 3715//4801 3744//4801 3743//4801
f 3715//4802 3743//4802 3714//4802
f 3714//4803 3743//4803 3745//4803
f 3393//4804 3709//4804 3746//4804
f 3746//4805 3709//4805 3711//4805
f 3746//4806 3711//4806 3745//4806
f 3745//4807 3711//4807 3712//4807
f 3745//4808 3712//4808 3714//4808
f 3741//4809 3740//4809 3743//4809
f 3743//4810 3740//4810 3747//4810
f 3743//4811 3747//4811 3745//4811
f 3745//4812 3747//4812 3748//4812
f 3745//4813 3748//4813 3746//4813
f 3746//4814 3748//4814 3401//4814
f 3746//4815 3401//4815 3393//4815
f 3749//4816 3739//4816 3742//4816
f 3742//4817 3739//4817 3738//4817
f 3742//4818 3738//4818 3740//4818
f 3740//4819 3738//4819 3735//4819
f 3740//4820 3735//4820 3747//4820
f 3747//4821 3735//4821 3732//4821
f 3747//4822 3732//4822 3748//4822
f 3748//4823 3732//4823 3402//4823
f 3748//4824 3402//4824 3401//4824
f 3749//4825 3750//4825 3739//4825
f 3739//4825 3750//4825 3751//4825
f 3739//4826 3751//4826 3737//4826
f 3737//4826 3751//4826 3752//4826
f 3737//4827 3752//4827 3736//4827
f 3736//4827 3752//4827 3753//4827
f 3736//4828 3753//4828 3734//4828
f 3734//4828 3753//4828 3754//4828
f 3734//4829 3754//4829 3733//4829
f 3733//4829 3754//4829 3755//4829
f 3733//4830 3755//4830 3404//4830
f 3404//4830 3755//4830 3405//4830
f 3754//4831 3753//4831 3756//4831
f 3752//4832 3751//4832 3757//4832
f 3758//4833 3759//4833 3760//4833
f 3761//4834 3762//4834 3763//4834
f 3405//4835 3755//4835 3764//4835
f 3405//4836 3764//4836 3406//4836
f 3406//4837 3764//4837 3765//4837
f 3406//4838 3765//4838 3399//4838
f 3399//4839 3765//4839 3763//4839
f 3399//4840 3763//4840 3400//4840
f 3400//4841 3763//4841 3762//4841
f 3400//4842 3762//4842 3396//4842
f 3766//4843 3767//4843 3768//4843
f 3768//4844 3769//4844 3766//4844
f 3766//4845 3769//4845 3770//4845
f 3766//4846 3770//4846 3771//4846
f 3771//4847 3770//4847 3757//4847
f 3771//4848 3757//4848 3772//4848
f 3772//4849 3757//4849 3751//4849
f 3772//4850 3751//4850 3750//4850
f 3768//4851 3758//4851 3769//4851
f 3769//4852 3758//4852 3760//4852
f 3769//4853 3760//4853 3770//4853
f 3770//4854 3760//4854 3773//4854
f 3770//4855 3773//4855 3757//4855
f 3757//4856 3773//4856 3756//4856
f 3757//4857 3756//4857 3752//4857
f 3752//4858 3756//4858 3753//4858
f 3759//4859 3761//4859 3760//4859
f 3760//4860 3761//4860 3763//4860
f 3760//4861 3763//4861 3773//4861
f 3773//4862 3763//4862 3765//4862
f 3773//4863 3765//4863 3756//4863
f 3756//4864 3765//4864 3764//4864
f 3756//4865 3764//4865 3754//4865
f 3754//4866 3764//4866 3755//4866
f 3774//8 3413//8 3412//8
f 3775//8 3776//8 3420//8
f 3420//8 3776//8 3774//8
f 3420//8 3774//8 3421//8
f 3421//8 3774//8 3412//8
f 3777//113 3778//113 3779//113
f 3407//113 3414//113 3408//113
f 3408//113 3414//113 3777//113
f 3408//117 3777//117 3434//117
f 3434//113 3777//113 3779//113
f 3435//4867 3434//4867 3780//4867
f 3780//4868 3434//4868 3779//4868
f 3780//4869 3779//4869 3781//4869
f 3781//4870 3779//4870 3782//4870
f 3782//4871 3779//4871 3778//4871
f 3782//4872 3778//4872 3783//4872
f 3783//4873 3778//4873 3784//4873
f 3784//4874 3778//4874 3777//4874
f 3784//4875 3777//4875 3785//4875
f 3396//4867 3762//4867 3394//4867
f 3394//4876 3762//4876 3786//4876
f 3762//4869 3761//4869 3786//4869
f 3786//4870 3761//4870 3759//4870
f 3786//4877 3759//4877 3787//4877
f 3767//4875 3788//4875 3768//4875
f 3768//4878 3788//4878 3787//4878
f 3768//4873 3787//4873 3758//4873
f 3758//4872 3787//4872 3759//4872
f 3788//8 3419//8 3416//8
f 3786//8 3787//8 3394//8
f 3394//8 3787//8 3788//8
f 3394//62 3788//62 3395//62
f 3395//8 3788//8 3416//8
f 3789//113 3790//113 3791//113
f 3418//113 3417//113 3423//113
f 3423//117 3417//117 3789//117
f 3423//113 3789//113 3422//113
f 3422//113 3789//113 3791//113
f 3420//4879 3422//4879 3791//4879
f 3420//4879 3791//4879 3775//4879
f 3775//4880 3791//4880 3790//4880
f 3775//4880 3790//4880 3776//4880
f 3776//4881 3790//4881 3789//4881
f 3776//4881 3789//4881 3774//4881
f 3428//113 3792//113 3425//113
f 3425//113 3792//113 3793//113
f 3425//113 3793//113 3427//113
f 3794//1306 3426//1306 3793//1306
f 3793//1306 3426//1306 3427//1306
f 3795//8 3429//8 3794//8
f 3794//8 3429//8 3424//8
f 3794//8 3424//8 3426//8
f 3428//282 3429//282 3792//282
f 3792//282 3429//282 3795//282
f 3433//8 3432//8 3796//8
f 3796//8 3432//8 3797//8
f 3431//282 3433//282 3798//282
f 3798//282 3433//282 3796//282
f 3431//113 3798//113 3430//113
f 3430//113 3798//113 3799//113
f 3432//323 2572//323 2573//323
f 2574//323 3430//323 2577//323
f 2577//323 3430//323 3799//323
f 2577//1306 3799//1306 2573//1306
f 2573//323 3799//323 3797//323
f 2573//323 3797//323 3432//323
f 3800//4882 3442//4882 3441//4882
f 3443//4883 3442//4883 3801//4883
f 3801//4884 3442//4884 3800//4884
f 3801//4885 3800//4885 3802//4885
f 3802//4886 3800//4886 3803//4886
f 3802//4887 3803//4887 3804//4887
f 3804//4888 3803//4888 3805//4888
f 3805//4889 3803//4889 3806//4889
f 3805//4890 3806//4890 3807//4890
f 3808//4891 3809//4891 3810//4891
f 3811//4892 3812//4892 3809//4892
f 3785//4893 3812//4893 3784//4893
f 3784//4894 3812//4894 3811//4894
f 3784//4895 3811//4895 3783//4895
f 3783//4896 3811//4896 3813//4896
f 3435//4897 3780//4897 3814//4897
f 3814//4898 3780//4898 3781//4898
f 3814//4899 3781//4899 3813//4899
f 3813//4900 3781//4900 3782//4900
f 3813//4901 3782//4901 3783//4901
f 3809//4902 3808//4902 3811//4902
f 3811//4903 3808//4903 3815//4903
f 3811//4904 3815//4904 3813//4904
f 3813//4905 3815//4905 3816//4905
f 3813//4906 3816//4906 3814//4906
f 3814//4907 3816//4907 3440//4907
f 3814//4908 3440//4908 3435//4908
f 3817//4909 3807//4909 3810//4909
f 3810//4910 3807//4910 3806//4910
f 3810//4911 3806//4911 3808//4911
f 3808//4912 3806//4912 3803//4912
f 3808//4913 3803//4913 3815//4913
f 3815//4914 3803//4914 3800//4914
f 3815//4915 3800//4915 3816//4915
f 3816//4916 3800//4916 3441//4916
f 3816//4917 3441//4917 3440//4917
f 3817//4918 3818//4918 3807//4918
f 3807//4918 3818//4918 3819//4918
f 3807//4919 3819//4919 3805//4919
f 3805//4919 3819//4919 3820//4919
f 3805//4920 3820//4920 3804//4920
f 3804//4920 3820//4920 3821//4920
f 3804//4921 3821//4921 3802//4921
f 3802//4921 3821//4921 3822//4921
f 3802//4922 3822//4922 3801//4922
f 3801//4922 3822//4922 3823//4922
f 3801//4923 3823//4923 3443//4923
f 3443//4923 3823//4923 3444//4923
f 3822//4924 3821//4924 3824//4924
f 3820//4925 3819//4925 3825//4925
f 3708//4926 3705//4926 3826//4926
f 3704//4927 3703//4927 3827//4927
f 3444//4928 3823//4928 3828//4928
f 3444//4929 3828//4929 3445//4929
f 3445//4930 3828//4930 3829//4930
f 3445//4931 3829//4931 3436//4931
f 3436//4932 3829//4932 3827//4932
f 3436//4933 3827//4933 3439//4933
f 3439//4934 3827//4934 3703//4934
f 3439//4935 3703//4935 3438//4935
f 3830//4936 3706//4936 3707//4936
f 3707//4937 3831//4937 3830//4937
f 3830//4938 3831//4938 3832//4938
f 3830//4939 3832//4939 3833//4939
f 3833//4940 3832//4940 3825//4940
f 3833//4941 3825//4941 3834//4941
f 3834//4942 3825//4942 3819//4942
f 3834//4943 3819//4943 3818//4943
f 3707//4944 3708//4944 3831//4944
f 3831//4945 3708//4945 3826//4945
f 3831//4946 3826//4946 3832//4946
f 3832//4947 3826//4947 3835//4947
f 3832//4948 3835//4948 3825//4948
f 3825//4949 3835//4949 3824//4949
f 3825//4950 3824//4950 3820//4950
f 3820//4951 3824//4951 3821//4951
f 3705//4952 3704//4952 3826//4952
f 3826//4953 3704//4953 3827//4953
f 3826//4954 3827//4954 3835//4954
f 3835//4955 3827//4955 3829//4955
f 3835//4956 3829//4956 3824//4956
f 3824//4957 3829//4957 3828//4957
f 3824//4958 3828//4958 3822//4958
f 3822//4959 3828//4959 3823//4959
f 3836//323 3837//323 3838//323
f 3139//4960 3484//4960 3495//4960
f 3126//4961 3139//4961 3839//4961
f 3507//323 3508//323 3840//323
f 3840//1306 3508//1306 3509//1306
f 3524//323 3517//323 3841//323
f 3841//323 3517//323 3518//323
f 3841//4962 3518//4962 3289//4962
f 3519//323 3520//323 3518//323
f 3518//323 3520//323 3521//323
f 3518//4963 3521//4963 3289//4963
f 3289//4963 3521//4963 3522//4963
f 3289//4964 3522//4964 3290//4964
f 3290//4965 3522//4965 3482//4965
f 3842//323 3843//323 3482//323
f 3843//323 3844//323 3482//323
f 3482//323 3844//323 3845//323
f 3482//323 3845//323 3481//323
f 3481//323 3845//323 3846//323
f 3522//323 3523//323 3482//323
f 3482//323 3523//323 3847//323
f 3482//323 3847//323 3842//323
f 3470//4966 3469//4966 3065//4966
f 3064//4967 3848//4967 3065//4967
f 3065//323 3848//323 3849//323
f 3065//323 3849//323 3470//323
f 3074//4968 3481//4968 3076//4968
f 3076//323 3481//323 3848//323
f 3076//4969 3848//4969 3068//4969
f 3068//4970 3848//4970 3064//4970
f 3850//323 3851//323 3494//323
f 3494//1306 3851//1306 3493//1306
f 3139//323 3495//323 3839//323
f 3839//323 3495//323 3496//323
f 3839//323 3496//323 3852//323
f 3853//323 3839//323 3854//323
f 3854//1306 3839//1306 3852//1306
f 3854//323 3852//323 3855//323
f 3855//323 3852//323 3856//323
f 3857//323 3858//323 3859//323
f 3859//1306 3858//1306 3860//1306
f 3859//323 3860//323 3861//323
f 3861//323 3860//323 3862//323
f 3861//323 3862//323 3863//323
f 3853//323 3864//323 3839//323
f 3839//323 3864//323 3865//323
f 3839//1306 3865//1306 3866//1306
f 3866//323 3865//323 3867//323
f 3866//323 3867//323 3859//323
f 3859//323 3867//323 3868//323
f 3859//1306 3868//1306 3857//1306
f 3863//1306 3869//1306 3861//1306
f 3861//323 3869//323 3870//323
f 3861//1306 3870//1306 3871//1306
f 3871//323 3870//323 3872//323
f 3871//323 3872//323 3852//323
f 3852//323 3872//323 3873//323
f 3852//323 3873//323 3856//323
f 3861//323 3874//323 3875//323
f 3874//323 3861//323 3876//323
f 3876//1306 3861//1306 3877//1306
f 3876//323 3877//323 3878//323
f 3875//323 3879//323 3861//323
f 3861//323 3879//323 3880//323
f 3861//1306 3880//1306 3881//1306
f 3881//323 3880//323 3882//323
f 3881//323 3882//323 3471//323
f 3471//323 3882//323 3883//323
f 3471//1306 3883//1306 3884//1306
f 3884//1306 3885//1306 3471//1306
f 3471//323 3885//323 3886//323
f 3471//323 3886//323 3472//323
f 3472//323 3886//323 3887//323
f 3472//323 3887//323 3888//323
f 3888//323 3889//323 3472//323
f 3472//323 3889//323 3890//323
f 3472//323 3890//323 3891//323
f 3891//1306 3890//1306 3892//1306
f 3891//323 3892//323 3877//323
f 3877//1306 3892//1306 3893//1306
f 3877//323 3893//323 3878//323
f 3894//323 3895//323 3852//323
f 3896//323 3897//323 3851//323
f 3496//323 3493//323 3852//323
f 3852//323 3493//323 3851//323
f 3852//1306 3851//1306 3894//1306
f 3894//323 3851//323 3897//323
f 3895//323 3898//323 3852//323
f 3852//323 3898//323 3899//323
f 3852//1306 3899//1306 3871//1306
f 3871//323 3899//323 3900//323
f 3871//323 3900//323 3861//323
f 3861//323 3900//323 3901//323
f 3861//323 3901//323 3902//323
f 3902//1306 3903//1306 3861//1306
f 3861//1306 3903//1306 3904//1306
f 3861//323 3904//323 3877//323
f 3877//323 3904//323 3905//323
f 3877//323 3905//323 3906//323
f 3906//1306 3907//1306 3877//1306
f 3877//323 3907//323 3908//323
f 3877//1306 3908//1306 3909//1306
f 3909//323 3908//323 3910//323
f 3909//1306 3910//1306 3851//1306
f 3851//1306 3910//1306 3911//1306
f 3851//323 3911//323 3896//323
f 3838//1306 3837//1306 3912//1306
f 3912//323 3837//323 3913//323
f 3912//1306 3913//1306 3914//1306
f 3914//323 3915//323 3912//323
f 3912//323 3915//323 3916//323
f 3912//323 3916//323 3877//323
f 3877//323 3916//323 3917//323
f 3918//323 3919//323 3473//323
f 3917//323 3920//323 3877//323
f 3877//323 3920//323 3921//323
f 3877//323 3921//323 3891//323
f 3891//323 3921//323 3922//323
f 3891//323 3922//323 3472//323
f 3472//323 3922//323 3923//323
f 3472//1306 3923//1306 3924//1306
f 3924//1306 3925//1306 3472//1306
f 3472//323 3925//323 3926//323
f 3472//323 3926//323 3473//323
f 3473//323 3926//323 3927//323
f 3473//323 3927//323 3918//323
f 3928//323 3851//323 3929//323
f 3929//323 3851//323 3850//323
f 3929//1306 3850//1306 3930//1306
f 3930//323 3850//323 3931//323
f 3932//323 3933//323 3912//323
f 3912//323 3933//323 3934//323
f 3912//323 3934//323 3935//323
f 3935//323 3934//323 3936//323
f 3935//1306 3936//1306 3850//1306
f 3850//323 3936//323 3937//323
f 3850//323 3937//323 3931//323
f 3928//323 3938//323 3851//323
f 3851//323 3938//323 3939//323
f 3851//1306 3939//1306 3909//1306
f 3909//323 3939//323 3940//323
f 3909//323 3940//323 3877//323
f 3877//323 3940//323 3941//323
f 3877//323 3941//323 3942//323
f 3942//323 3943//323 3877//323
f 3877//1306 3943//1306 3944//1306
f 3877//323 3944//323 3912//323
f 3912//323 3944//323 3945//323
f 3912//323 3945//323 3932//323
f 3466//323 3498//323 3499//323
f 3497//323 3498//323 3506//323
f 3506//323 3498//323 3466//323
f 3506//1306 3466//1306 3505//1306
f 3505//1306 3466//1306 3465//1306
f 3505//323 3465//323 3504//323
f 3504//323 3465//323 3838//323
f 3504//323 3838//323 3503//323
f 3503//323 3838//323 3912//323
f 3503//323 3912//323 3502//323
f 3502//323 3912//323 3935//323
f 3502//323 3935//323 3501//323
f 3116//4971 3946//4971 3118//4971
f 3118//4972 3946//4972 3840//4972
f 3118//4973 3840//4973 3483//4973
f 3483//323 3840//323 3509//323
f 3483//4974 3509//4974 3303//4974
f 3303//4975 3509//4975 3510//4975
f 3303//4976 3510//4976 3947//4976
f 3947//323 3510//323 3511//323
f 3947//323 3511//323 3512//323
f 3513//323 3514//323 3512//323
f 3512//323 3514//323 3515//323
f 3512//323 3515//323 3947//323
f 3947//323 3515//323 3948//323
f 3846//1306 3949//1306 3481//1306
f 3481//323 3949//323 3950//323
f 3481//323 3950//323 3848//323
f 3848//323 3950//323 3951//323
f 3848//1306 3951//1306 3952//1306
f 3952//323 3951//323 3953//323
f 3953//323 3954//323 3952//323
f 3952//323 3954//323 3955//323
f 3952//323 3955//323 3956//323
f 3956//323 3955//323 3957//323
f 3956//323 3957//323 3958//323
f 3958//323 3959//323 3956//323
f 3956//323 3959//323 3960//323
f 3956//323 3960//323 3847//323
f 3847//1306 3960//1306 3961//1306
f 3847//323 3961//323 3842//323
f 3962//1306 3963//1306 3946//1306
f 3946//323 3963//323 3964//323
f 3946//323 3964//323 3840//323
f 3840//323 3964//323 3965//323
f 3840//323 3965//323 3966//323
f 3966//1306 3967//1306 3840//1306
f 3840//323 3967//323 3968//323
f 3840//323 3968//323 3507//323
f 3507//323 3968//323 3516//323
f 3969//1306 3970//1306 3956//1306
f 3956//323 3970//323 3952//323
f 3952//323 3970//323 3971//323
f 3952//323 3971//323 3972//323
f 3972//323 3973//323 3952//323
f 3952//323 3973//323 3974//323
f 3952//323 3974//323 3975//323
f 3975//323 3974//323 3976//323
f 3975//323 3976//323 3946//323
f 3946//323 3976//323 3977//323
f 3946//323 3977//323 3962//323
f 3967//323 3978//323 3968//323
f 3968//1306 3978//1306 3979//1306
f 3968//323 3979//323 3956//323
f 3956//323 3979//323 3980//323
f 3956//323 3980//323 3969//323
f 3186//323 3188//323 3975//323
f 3196//323 3198//323 3866//323
f 3186//323 3975//323 3200//323
f 3188//1306 3190//1306 3975//1306
f 3975//323 3190//323 3192//323
f 3975//323 3192//323 3952//323
f 3952//1306 3192//1306 3525//1306
f 3952//1306 3525//1306 3848//1306
f 3848//323 3525//323 3170//323
f 3848//323 3170//323 3172//323
f 3180//323 3182//323 3849//323
f 3849//323 3182//323 3184//323
f 3849//323 3184//323 3859//323
f 3859//323 3184//323 3526//323
f 3859//323 3526//323 3866//323
f 3866//323 3526//323 3194//323
f 3866//323 3194//323 3196//323
f 3172//1306 3174//1306 3848//1306
f 3848//323 3174//323 3176//323
f 3848//1306 3176//1306 3849//1306
f 3849//323 3176//323 3178//323
f 3849//323 3178//323 3180//323
f 3981//323 3982//323 3861//323
f 3861//323 3982//323 3983//323
f 3861//323 3983//323 3859//323
f 3859//323 3983//323 3984//323
f 3985//323 3986//323 3470//323
f 3470//323 3986//323 3987//323
f 3470//323 3987//323 3471//323
f 3471//323 3987//323 3988//323
f 3471//323 3988//323 3989//323
f 3989//323 3990//323 3471//323
f 3471//1306 3990//1306 3991//1306
f 3471//323 3991//323 3881//323
f 3881//323 3991//323 3992//323
f 3881//323 3992//323 3861//323
f 3861//323 3992//323 3993//323
f 3861//323 3993//323 3981//323
f 3984//323 3994//323 3859//323
f 3859//323 3994//323 3995//323
f 3859//323 3995//323 3849//323
f 3849//323 3995//323 3996//323
f 3849//323 3996//323 3470//323
f 3470//323 3996//323 3997//323
f 3470//323 3997//323 3985//323
f 3919//323 3836//323 3473//323
f 3473//323 3836//323 3838//323
f 3473//4977 3838//4977 3459//4977
f 3459//4978 3838//4978 3465//4978
f 3523//323 3524//323 3847//323
f 3847//323 3524//323 3841//323
f 3847//323 3841//323 3956//323
f 3956//1306 3841//1306 3998//1306
f 3956//323 3998//323 3968//323
f 3968//323 3998//323 3948//323
f 3968//323 3948//323 3516//323
f 3516//323 3948//323 3515//323
f 3499//1306 3500//1306 3466//1306
f 3466//323 3500//323 3501//323
f 3466//323 3501//323 3467//323
f 3467//323 3501//323 3935//323
f 3467//323 3935//323 3460//323
f 3460//323 3935//323 3850//323
f 3460//4979 3850//4979 3461//4979
f 3461//4980 3850//4980 3494//4980
f 3198//323 3200//323 3866//323
f 3866//1306 3200//1306 3975//1306
f 3866//323 3975//323 3839//323
f 3839//323 3975//323 3946//323
f 3839//4981 3946//4981 3126//4981
f 3126//4982 3946//4982 3116//4982
f 3126//4983 3116//4983 3127//4983
f 3289//4984 3287//4984 3841//4984
f 3841//323 3287//323 3677//323
f 3841//1306 3677//1306 3998//1306
f 3998//323 3677//323 3676//323
f 3998//323 3676//323 3948//323
f 3948//1306 3676//1306 3675//1306
f 3948//323 3675//323 3947//323
f 3947//323 3675//323 3656//323
f 3947//4985 3656//4985 3303//4985
f 3303//4986 3656//4986 3304//4986
f 3361//4987 3699//4987 3999//4987
f 3361//4988 3999//4988 3547//4988
f 4000//4989 3535//4989 4001//4989
f 4001//4990 3535//4990 3537//4990
f 4001//4991 3537//4991 4002//4991
f 4002//4992 3537//4992 3539//4992
f 4002//4993 3539//4993 4003//4993
f 4003//4994 3539//4994 3545//4994
f 4003//4995 3545//4995 4004//4995
f 4004//4996 3545//4996 3544//4996
f 4004//4997 3544//4997 4005//4997
f 4005//4998 3544//4998 3542//4998
f 4005//4999 3542//4999 4006//4999
f 4006//5000 3542//5000 3552//5000
f 3551//5001 4007//5001 3552//5001
f 3552//5002 4007//5002 4008//5002
f 3552//5003 4008//5003 4006//5003
f 3999//5004 4009//5004 3547//5004
f 3547//5005 4009//5005 4010//5005
f 3547//5006 4010//5006 3549//5006
f 3549//5007 4010//5007 4011//5007
f 3549//5008 4011//5008 3551//5008
f 3551//5009 4011//5009 4012//5009
f 3551//5010 4012//5010 4007//5010
f 3535//5011 4000//5011 3564//5011
f 3564//5012 4000//5012 4013//5012
f 3589//5013 3587//5013 4014//5013
f 4015//5014 4016//5014 3574//5014
f 3564//5015 4013//5015 3584//5015
f 3584//5016 4013//5016 4017//5016
f 3584//5017 4017//5017 3585//5017
f 4016//5018 4018//5018 3574//5018
f 3574//5019 4018//5019 4019//5019
f 3574//5020 4019//5020 3575//5020
f 3575//5021 4019//5021 4020//5021
f 4015//5022 3574//5022 4021//5022
f 4021//5023 3574//5023 3579//5023
f 4021//5024 3579//5024 4022//5024
f 3581//5025 4023//5025 3579//5025
f 3579//5026 4023//5026 4024//5026
f 3579//5027 4024//5027 4022//5027
f 3583//5028 4025//5028 3581//5028
f 3581//5029 4025//5029 4026//5029
f 3581//5030 4026//5030 4023//5030
f 4014//5031 4027//5031 3589//5031
f 3589//5032 4027//5032 4028//5032
f 3589//5033 4028//5033 3590//5033
f 3590//5034 4028//5034 4029//5034
f 3590//5035 4029//5035 3583//5035
f 3583//5036 4029//5036 4030//5036
f 3583//5037 4030//5037 4025//5037
f 4017//5038 4031//5038 3585//5038
f 3585//5039 4031//5039 4032//5039
f 3585//5040 4032//5040 3587//5040
f 3587//5041 4032//5041 4033//5041
f 3587//5042 4033//5042 4014//5042
f 3575//5043 4020//5043 3599//5043
f 3599//5044 4020//5044 4034//5044
f 3599//5045 4034//5045 4035//5045
f 3599//5046 4035//5046 3616//5046
f 3679//5047 3322//5047 4036//5047
f 4036//5048 3322//5048 3604//5048
f 4036//5049 3604//5049 4037//5049
f 3611//5050 4038//5050 3609//5050
f 3609//5051 4038//5051 4039//5051
f 3609//5052 4039//5052 3607//5052
f 3607//5053 4039//5053 4040//5053
f 3607//5054 4040//5054 3606//5054
f 3606//5055 4040//5055 4041//5055
f 3606//5056 4041//5056 3604//5056
f 3604//5057 4041//5057 4042//5057
f 3604//5058 4042//5058 4037//5058
f 3612//5059 4043//5059 3611//5059
f 3611//5060 4043//5060 4044//5060
f 3611//5061 4044//5061 4038//5061
f 4035//5062 4045//5062 3616//5062
f 3616//5063 4045//5063 4046//5063
f 3616//5064 4046//5064 3614//5064
f 3614//5065 4046//5065 4047//5065
f 3614//5066 4047//5066 3612//5066
f 3612//5067 4047//5067 4048//5067
f 3612//5068 4048//5068 4043//5068
f 4049//5069 3671//5069 4050//5069
f 4050//5070 3671//5070 3670//5070
f 4050//5071 3670//5071 4051//5071
f 3670//5072 3669//5072 4051//5072
f 4051//5073 3669//5073 3660//5073
f 4051//5074 3660//5074 4052//5074
f 4052//5075 3660//5075 3661//5075
f 4052//5076 3661//5076 4053//5076
f 4053//5077 3661//5077 4054//5077
f 3661//5078 3662//5078 4054//5078
f 4054//5079 3662//5079 3636//5079
f 4054//5080 3636//5080 4055//5080
f 4055//5081 3636//5081 3635//5081
f 4055//5082 3635//5082 4056//5082
f 4056//5083 3635//5083 3653//5083
f 3632//5084 4057//5084 3651//5084
f 3651//5085 4057//5085 4058//5085
f 3651//5086 4058//5086 3652//5086
f 3652//5087 4058//5087 4059//5087
f 3652//5088 4059//5088 3653//5088
f 3653//5089 4059//5089 4060//5089
f 3653//5090 4060//5090 4056//5090
f 4061//5091 3672//5091 4049//5091
f 4049//5092 3672//5092 3671//5092
f 4062//5093 4063//5093 3665//5093
f 3665//5094 3664//5094 4062//5094
f 4062//5095 3664//5095 3663//5095
f 4062//5096 3663//5096 4064//5096
f 4064//5097 3663//5097 4065//5097
f 4065//5098 3663//5098 3650//5098
f 4065//5099 3650//5099 4066//5099
f 4066//5100 3650//5100 3649//5100
f 4066//5101 3649//5101 4067//5101
f 4067//5102 3649//5102 4068//5102
f 4068//5103 3649//5103 3638//5103
f 4068//5104 3638//5104 4069//5104
f 4069//5105 3638//5105 3674//5105
f 4069//5106 3674//5106 4070//5106
f 4070//5107 3674//5107 4071//5107
f 4071//5108 3674//5108 3673//5108
f 4071//5109 3673//5109 4072//5109
f 4072//5110 3673//5110 3672//5110
f 4072//5111 3672//5111 4061//5111
f 4073//5112 3666//5112 4063//5112
f 4063//5113 3666//5113 3665//5113
f 4074//5114 3657//5114 4075//5114
f 4075//5115 3657//5115 3658//5115
f 4075//5116 3658//5116 4076//5116
f 4076//5117 3658//5117 3659//5117
f 4076//5118 3659//5118 4077//5118
f 4077//5119 3659//5119 4078//5119
f 4078//5120 3659//5120 3648//5120
f 4078//5121 3648//5121 4079//5121
f 4079//5122 3648//5122 3647//5122
f 4079//5123 3647//5123 4080//5123
f 4080//5124 3647//5124 4081//5124
f 4081//5125 3647//5125 3637//5125
f 4081//5126 3637//5126 4082//5126
f 4082//5127 3637//5127 3668//5127
f 4082//5128 3668//5128 4083//5128
f 4083//5129 3668//5129 4084//5129
f 4084//5130 3668//5130 3667//5130
f 4084//5131 3667//5131 4085//5131
f 4085//5132 3667//5132 3666//5132
f 4085//5133 3666//5133 4073//5133
f 4074//5134 4086//5134 3657//5134
f 3657//5135 4086//5135 3655//5135
f 4087//5136 3639//5136 4088//5136
f 4088//5137 3639//5137 3640//5137
f 4088//5138 3640//5138 4089//5138
f 3640//5139 3641//5139 4089//5139
f 4089//5140 3641//5140 3644//5140
f 4089//5141 3644//5141 4090//5141
f 4090//5142 3644//5142 3643//5142
f 4090//5143 3643//5143 4091//5143
f 4091//5144 3643//5144 4092//5144
f 3643//5145 3642//5145 4092//5145
f 4092//5146 3642//5146 3634//5146
f 4092//5147 3634//5147 4093//5147
f 4093//5148 3634//5148 3633//5148
f 4093//5149 3633//5149 4094//5149
f 4094//5150 3633//5150 3654//5150
f 3655//5151 4086//5151 3645//5151
f 3645//5152 4086//5152 4095//5152
f 3645//5153 4095//5153 3646//5153
f 3646//5154 4095//5154 4096//5154
f 3646//5155 4096//5155 3654//5155
f 3654//5156 4096//5156 4097//5156
f 3654//5157 4097//5157 4094//5157
f 4087//5158 4057//5158 3639//5158
f 3639//5158 4057//5158 3632//5158
f 4098//5159 4099//5159 3679//5159
f 3679//5160 4099//5160 3678//5160
f 3685//5161 3686//5161 4100//5161
f 3682//5162 3678//5162 4101//5162
f 4102//5163 3680//5163 4101//5163
f 4101//5164 3680//5164 3681//5164
f 4101//5165 3681//5165 3682//5165
f 4103//5166 3694//5166 3695//5166
f 3695//5167 3698//5167 4103//5167
f 4103//5168 3698//5168 3697//5168
f 4103//5169 3697//5169 4102//5169
f 4102//5170 3697//5170 3696//5170
f 4102//5171 3696//5171 3680//5171
f 3694//5172 4103//5172 3689//5172
f 3689//5173 4103//5173 4104//5173
f 3689//5174 4104//5174 3690//5174
f 4105//5175 3692//5175 4104//5175
f 4104//5176 3692//5176 3691//5176
f 4104//5177 3691//5177 3690//5177
f 3686//5178 3688//5178 4100//5178
f 4100//5179 3688//5179 3687//5179
f 4100//5180 3687//5180 4105//5180
f 4105//5181 3687//5181 3693//5181
f 4105//5182 3693//5182 3692//5182
f 3684//5183 3683//5183 4106//5183
f 4106//5184 3683//5184 3685//5184
f 4100//5185 4107//5185 4108//5185
f 3685//5186 4100//5186 4106//5186
f 4106//5187 4100//5187 4108//5187
f 4106//5188 4108//5188 4109//5188
f 4107//5189 4100//5189 4110//5189
f 4110//5190 4100//5190 4105//5190
f 4110//5191 4105//5191 4111//5191
f 4112//5192 4113//5192 4104//5192
f 4104//5193 4113//5193 4114//5193
f 4104//5194 4114//5194 4105//5194
f 4105//5195 4114//5195 4115//5195
f 4105//5196 4115//5196 4111//5196
f 4112//5197 4104//5197 4116//5197
f 4116//5198 4104//5198 4103//5198
f 4116//5199 4103//5199 4117//5199
f 4118//5200 4119//5200 4102//5200
f 4102//5201 4119//5201 4120//5201
f 4102//5202 4120//5202 4103//5202
f 4103//5203 4120//5203 4121//5203
f 4103//5204 4121//5204 4117//5204
f 4118//5205 4102//5205 4122//5205
f 4122//5206 4102//5206 4101//5206
f 4122//5207 4101//5207 4123//5207
f 4123//5208 4101//5208 3678//5208
f 4123//5209 3678//5209 4099//5209
f 4124//5210 4125//5210 3699//5210
f 3699//5211 3684//5211 4124//5211
f 4124//5212 3684//5212 4106//5212
f 4124//5213 4106//5213 4109//5213
f 4126//4398 3728//4398 3729//4398
f 3700//5214 3706//5214 3381//5214
f 3381//5215 3706//5215 4127//5215
f 3381//4393 4127//4393 3379//4393
f 4127//4393 4126//4393 3379//4393
f 3379//5216 4126//5216 3729//5216
f 3379//5217 3729//5217 3723//5217
f 3723//5218 3729//5218 3730//5218
f 3731//4396 3728//4396 3373//4396
f 3373//5219 3728//5219 4126//5219
f 3373//4393 4126//4393 3374//4393
f 3374//5220 4126//5220 3717//5220
f 3374//5214 3717//5214 3716//5214
f 3730//5221 3731//5221 3724//5221
f 3724//5222 3731//5222 3373//5222
f 3724//5223 3373//5223 3727//5223
f 3727//5224 3373//5224 3718//5224
f 3727//5225 3718//5225 3726//5225
f 3726//5225 3718//5225 3723//5225
f 3726//5226 3723//5226 3725//5226
f 3725//5227 3723//5227 3730//5227
f 3725//5228 3730//5228 3724//5228
f 4128//5229 3749//5229 4129//5229
f 4129//5230 3749//5230 3742//5230
f 4129//5231 3742//5231 4130//5231
f 4130//5232 3742//5232 3741//5232
f 4130//5233 3741//5233 4131//5233
f 4131//5234 3741//5234 3744//5234
f 4131//5235 3744//5235 4126//5235
f 4126//5236 3744//5236 3717//5236
f 4132//5237 3750//5237 4133//5237
f 4133//5237 3750//5237 3749//5237
f 4133//5237 3749//5237 4128//5237
f 4134//5238 3767//5238 4135//5238
f 4135//5239 3767//5239 3766//5239
f 4135//5240 3766//5240 4136//5240
f 4136//5241 3766//5241 3771//5241
f 4136//5242 3771//5242 4137//5242
f 4137//5243 3771//5243 3772//5243
f 4137//5244 3772//5244 4132//5244
f 4132//5245 3772//5245 3750//5245
f 4134//4372 4138//4372 3798//4372
f 3799//4367 3798//4367 3413//4367
f 3413//5246 3798//5246 4138//5246
f 3413//4365 4138//4365 3414//4365
f 3414//5247 4138//5247 3785//5247
f 3414//5248 3785//5248 3777//5248
f 3788//5248 3767//5248 3419//5248
f 3419//5249 3767//5249 4134//5249
f 3419//4365 4134//4365 3417//4365
f 3794//5250 3793//5250 3797//5250
f 3798//4372 3796//4372 4134//4372
f 4134//5251 3796//5251 3797//5251
f 4134//5252 3797//5252 3417//5252
f 3417//5253 3797//5253 3793//5253
f 3417//5254 3793//5254 3789//5254
f 3789//5255 3793//5255 3792//5255
f 3789//5256 3792//5256 3774//5256
f 3774//5256 3792//5256 3795//5256
f 3774//5257 3795//5257 3413//5257
f 3413//5258 3795//5258 3794//5258
f 3413//5259 3794//5259 3799//5259
f 3799//5250 3794//5250 3797//5250
f 4139//5260 3817//5260 4140//5260
f 4140//5261 3817//5261 3810//5261
f 4140//5262 3810//5262 4141//5262
f 4141//5263 3810//5263 3809//5263
f 4141//5264 3809//5264 4142//5264
f 4142//5265 3809//5265 3812//5265
f 4142//5266 3812//5266 4138//5266
f 4138//5267 3812//5267 3785//5267
f 4143//5268 3818//5268 4144//5268
f 4144//5268 3818//5268 3817//5268
f 4144//5268 3817//5268 4139//5268
f 4127//5269 3706//5269 4145//5269
f 4145//5270 3706//5270 3830//5270
f 4145//5271 3830//5271 4146//5271
f 4146//5272 3830//5272 3833//5272
f 4146//5273 3833//5273 4147//5273
f 4147//5274 3833//5274 3834//5274
f 4147//5275 3834//5275 4143//5275
f 4143//5276 3834//5276 3818//5276
f 4148//4502 3997//4502 4149//4502
f 4149//4502 3997//4502 3996//4502
f 4149//4502 3996//4502 3995//4502
f 3997//5277 4148//5277 3985//5277
f 3985//5278 4148//5278 4150//5278
f 3985//5279 4150//5279 3986//5279
f 3986//5280 4150//5280 4151//5280
f 3986//5281 4151//5281 3987//5281
f 3987//5282 4151//5282 4152//5282
f 3987//5283 4152//5283 3988//5283
f 3988//5283 4152//5283 4153//5283
f 3988//5284 4153//5284 3989//5284
f 3989//5285 4153//5285 4154//5285
f 3989//5286 4154//5286 3990//5286
f 3990//5287 4154//5287 4155//5287
f 3990//5288 4155//5288 3991//5288
f 3991//5289 4155//5289 4156//5289
f 3991//4504 4156//4504 3992//4504
f 3992//4504 4156//4504 4157//4504
f 3992//4504 4157//4504 3993//4504
f 3993//5290 4157//5290 3981//5290
f 3981//4078 4157//4078 4158//4078
f 3981//5291 4158//5291 3982//5291
f 3982//5292 4158//5292 4159//5292
f 3982//5293 4159//5293 3983//5293
f 3983//5294 4159//5294 4160//5294
f 3983//5295 4160//5295 3984//5295
f 3984//5296 4160//5296 4161//5296
f 3984//5297 4161//5297 3994//5297
f 3994//5298 4161//5298 4162//5298
f 3994//5299 4162//5299 3995//5299
f 3995//4076 4162//4076 4149//4076
f 3865//4502 4163//4502 3867//4502
f 3867//4502 4163//4502 4164//4502
f 3867//4502 4164//4502 3868//4502
f 3868//5300 4164//5300 3857//5300
f 3857//5301 4164//5301 4165//5301
f 3857//5302 4165//5302 3858//5302
f 3858//5303 4165//5303 4166//5303
f 3858//5304 4166//5304 3860//5304
f 3860//5305 4166//5305 4167//5305
f 3860//5306 4167//5306 3862//5306
f 3862//5306 4167//5306 4168//5306
f 3862//5307 4168//5307 3863//5307
f 3863//5308 4168//5308 4169//5308
f 3863//5309 4169//5309 3869//5309
f 3869//5310 4169//5310 4170//5310
f 3869//5311 4170//5311 3870//5311
f 3870//5312 4170//5312 4171//5312
f 4172//4504 3873//4504 4171//4504
f 4171//4504 3873//4504 3872//4504
f 4171//4504 3872//4504 3870//4504
f 3873//5290 4172//5290 3856//5290
f 3856//5313 4172//5313 4173//5313
f 3856//5314 4173//5314 3855//5314
f 3855//5315 4173//5315 4174//5315
f 3855//5316 4174//5316 3854//5316
f 3854//5317 4174//5317 4175//5317
f 3854//5318 4175//5318 3853//5318
f 3853//5319 4175//5319 4176//5319
f 3853//5320 4176//5320 3864//5320
f 3864//5321 4176//5321 4177//5321
f 3864//5322 4177//5322 3865//5322
f 3865//5323 4177//5323 4163//5323
f 4178//5324 3883//5324 4179//5324
f 4179//5324 3883//5324 3882//5324
f 4179//5324 3882//5324 3880//5324
f 3883//5325 4178//5325 3884//5325
f 3884//5278 4178//5278 4180//5278
f 3884//5326 4180//5326 3885//5326
f 3885//5327 4180//5327 4181//5327
f 3885//5328 4181//5328 3886//5328
f 3886//5329 4181//5329 4182//5329
f 3886//5283 4182//5283 3887//5283
f 3887//5283 4182//5283 4183//5283
f 3887//5330 4183//5330 3888//5330
f 3888//5285 4183//5285 4184//5285
f 3888//5331 4184//5331 3889//5331
f 3889//5332 4184//5332 4185//5332
f 3889//5333 4185//5333 3890//5333
f 3890//5334 4185//5334 4186//5334
f 3890//5335 4186//5335 3892//5335
f 3892//5335 4186//5335 4187//5335
f 3892//5335 4187//5335 3893//5335
f 3893//5336 4187//5336 3878//5336
f 3878//5337 4187//5337 4188//5337
f 3878//5338 4188//5338 3876//5338
f 3876//5339 4188//5339 4189//5339
f 3876//5340 4189//5340 3874//5340
f 3874//5341 4189//5341 4190//5341
f 3874//5295 4190//5295 3875//5295
f 3875//5342 4190//5342 4191//5342
f 3875//5343 4191//5343 3879//5343
f 3879//5344 4191//5344 4192//5344
f 3879//5345 4192//5345 3880//5345
f 3880//5346 4192//5346 4179//5346
f 3899//5324 4193//5324 3900//5324
f 3900//5324 4193//5324 4194//5324
f 3900//5324 4194//5324 3901//5324
f 3901//5347 4194//5347 3902//5347
f 3902//5301 4194//5301 4195//5301
f 3902//5348 4195//5348 3903//5348
f 3903//5349 4195//5349 4196//5349
f 3903//5350 4196//5350 3904//5350
f 3904//5351 4196//5351 4197//5351
f 3904//5306 4197//5306 3905//5306
f 3905//5306 4197//5306 4198//5306
f 3905//5352 4198//5352 3906//5352
f 3906//5308 4198//5308 4199//5308
f 3906//5353 4199//5353 3907//5353
f 3907//5354 4199//5354 4200//5354
f 3907//5355 4200//5355 3908//5355
f 3908//5356 4200//5356 4201//5356
f 4202//5335 3911//5335 4201//5335
f 4201//5335 3911//5335 3910//5335
f 4201//5335 3910//5335 3908//5335
f 3911//5336 4202//5336 3896//5336
f 3896//5357 4202//5357 4203//5357
f 3896//5358 4203//5358 3897//5358
f 3897//5359 4203//5359 4204//5359
f 3897//5360 4204//5360 3894//5360
f 3894//5361 4204//5361 4205//5361
f 3894//5318 4205//5318 3895//5318
f 3895//5362 4205//5362 4206//5362
f 3895//5363 4206//5363 3898//5363
f 3898//5364 4206//5364 4207//5364
f 3898//5365 4207//5365 3899//5365
f 3899//5366 4207//5366 4193//5366
f 4208//5324 3923//5324 4209//5324
f 4209//5324 3923//5324 3922//5324
f 4209//5324 3922//5324 3921//5324
f 3923//5325 4208//5325 3924//5325
f 3924//5367 4208//5367 4210//5367
f 3924//5368 4210//5368 3925//5368
f 3925//5369 4210//5369 4211//5369
f 3925//5328 4211//5328 3926//5328
f 3926//5329 4211//5329 4212//5329
f 3926//5283 4212//5283 3927//5283
f 3927//5283 4212//5283 4213//5283
f 3927//5330 4213//5330 3918//5330
f 3918//5285 4213//5285 4214//5285
f 3918//5331 4214//5331 3919//5331
f 3919//5332 4214//5332 4215//5332
f 3919//5333 4215//5333 3836//5333
f 3836//5334 4215//5334 4216//5334
f 3836//5335 4216//5335 3837//5335
f 3837//5335 4216//5335 4217//5335
f 3837//5335 4217//5335 3913//5335
f 3913//5336 4217//5336 3914//5336
f 3914//5337 4217//5337 4218//5337
f 3914//5338 4218//5338 3915//5338
f 3915//5339 4218//5339 4219//5339
f 3915//5340 4219//5340 3916//5340
f 3916//5341 4219//5341 4220//5341
f 3916//5295 4220//5295 3917//5295
f 3917//5342 4220//5342 4221//5342
f 3917//5343 4221//5343 3920//5343
f 3920//5344 4221//5344 4222//5344
f 3920//5345 4222//5345 3921//5345
f 3921//5346 4222//5346 4209//5346
f 3939//5324 4223//5324 3940//5324
f 3940//5324 4223//5324 4224//5324
f 3940//5324 4224//5324 3941//5324
f 3941//5347 4224//5347 3942//5347
f 3942//5370 4224//5370 4225//5370
f 3942//5371 4225//5371 3943//5371
f 3943//5372 4225//5372 4226//5372
f 3943//5350 4226//5350 3944//5350
f 3944//5351 4226//5351 4227//5351
f 3944//5306 4227//5306 3945//5306
f 3945//5306 4227//5306 4228//5306
f 3945//5352 4228//5352 3932//5352
f 3932//5308 4228//5308 4229//5308
f 3932//5353 4229//5353 3933//5353
f 3933//5354 4229//5354 4230//5354
f 3933//5355 4230//5355 3934//5355
f 3934//5356 4230//5356 4231//5356
f 4232//5335 3937//5335 4231//5335
f 4231//5335 3937//5335 3936//5335
f 4231//5335 3936//5335 3934//5335
f 3937//5336 4232//5336 3931//5336
f 3931//5357 4232//5357 4233//5357
f 3931//5358 4233//5358 3930//5358
f 3930//5359 4233//5359 4234//5359
f 3930//5360 4234//5360 3929//5360
f 3929//5361 4234//5361 4235//5361
f 3929//5318 4235//5318 3928//5318
f 3928//5362 4235//5362 4236//5362
f 3928//5363 4236//5363 3938//5363
f 3938//5364 4236//5364 4237//5364
f 3938//5365 4237//5365 3939//5365
f 3939//5366 4237//5366 4223//5366
f 4238//5373 3842//5373 4239//5373
f 4239//5373 3842//5373 3961//5373
f 4239//5373 3961//5373 3960//5373
f 3842//5374 4238//5374 3843//5374
f 3843//5375 4238//5375 4240//5375
f 3843//5376 4240//5376 3844//5376
f 3844//5377 4240//5377 4241//5377
f 3844//5378 4241//5378 3845//5378
f 3845//5379 4241//5379 4242//5379
f 3845//5380 4242//5380 3846//5380
f 3846//5381 4242//5381 4243//5381
f 3846//5382 4243//5382 3949//5382
f 3949//5383 4243//5383 4244//5383
f 3949//5384 4244//5384 3950//5384
f 3950//5385 4244//5385 4245//5385
f 3950//5386 4245//5386 3951//5386
f 3951//5386 4245//5386 4246//5386
f 3951//5386 4246//5386 3953//5386
f 3953//5387 4246//5387 3954//5387
f 3954//5388 4246//5388 4247//5388
f 3954//5389 4247//5389 3955//5389
f 3955//5390 4247//5390 4248//5390
f 3955//5391 4248//5391 3957//5391
f 3957//5392 4248//5392 4249//5392
f 3957//5295 4249//5295 3958//5295
f 3958//5393 4249//5393 4250//5393
f 3958//5394 4250//5394 3959//5394
f 3959//5394 4250//5394 4251//5394
f 3959//5395 4251//5395 3960//5395
f 3960//5396 4251//5396 4239//5396
f 3967//5373 4252//5373 3978//5373
f 3978//5373 4252//5373 4253//5373
f 3978//5373 4253//5373 3979//5373
f 3979//5397 4253//5397 3980//5397
f 3980//5398 4253//5398 4254//5398
f 3980//5399 4254//5399 3969//5399
f 3969//5400 4254//5400 4255//5400
f 3969//5401 4255//5401 3970//5401
f 3970//5402 4255//5402 4256//5402
f 3970//5306 4256//5306 3971//5306
f 3971//5306 4256//5306 4257//5306
f 3971//5403 4257//5403 3972//5403
f 3972//5404 4257//5404 4258//5404
f 3972//5405 4258//5405 3973//5405
f 3973//5406 4258//5406 4259//5406
f 3973//5407 4259//5407 3974//5407
f 3974//5408 4259//5408 4260//5408
f 4261//5386 3977//5386 4260//5386
f 4260//5386 3977//5386 3976//5386
f 4260//5386 3976//5386 3974//5386
f 3977//5387 4261//5387 3962//5387
f 3962//5409 4261//5409 4262//5409
f 3962//5410 4262//5410 3963//5410
f 3963//5314 4262//5314 4263//5314
f 3963//5411 4263//5411 3964//5411
f 3964//5412 4263//5412 4264//5412
f 3964//5318 4264//5318 3965//5318
f 3965//5413 4264//5413 4265//5413
f 3965//5414 4265//5414 3966//5414
f 3966//5415 4265//5415 4266//5415
f 3966//5416 4266//5416 3967//5416
f 3967//5417 4266//5417 4252//5417
f 4011//5418 4010//5418 4267//5418
f 4267//5419 4010//5419 4009//5419
f 4267//5420 4009//5420 4268//5420
f 4268//5421 4009//5421 3999//5421
f 4268//5422 3999//5422 3699//5422
f 4269//5423 4012//5423 4011//5423
f 4008//5424 4007//5424 4270//5424
f 4012//5425 4269//5425 4007//5425
f 4271//5426 4005//5426 4270//5426
f 4270//5427 4005//5427 4006//5427
f 4270//5428 4006//5428 4008//5428
f 4001//5429 4002//5429 4272//5429
f 4272//5430 4002//5430 4003//5430
f 4272//5431 4003//5431 4271//5431
f 4271//5432 4003//5432 4004//5432
f 4271//5433 4004//5433 4005//5433
f 4272//5434 4273//5434 4274//5434
f 4001//5435 4272//5435 4000//5435
f 4000//5436 4272//5436 4274//5436
f 4000//5437 4274//5437 4275//5437
f 4273//5438 4272//5438 4276//5438
f 4276//5439 4272//5439 4271//5439
f 4276//5440 4271//5440 4277//5440
f 4278//5441 4279//5441 4270//5441
f 4270//5442 4279//5442 4280//5442
f 4270//5443 4280//5443 4271//5443
f 4271//5444 4280//5444 4281//5444
f 4271//5445 4281//5445 4277//5445
f 4007//5446 4269//5446 4270//5446
f 4270//5447 4269//5447 4282//5447
f 4270//5448 4282//5448 4278//5448
f 4267//5449 4283//5449 4284//5449
f 4285//5450 4286//5450 4269//5450
f 4269//5451 4286//5451 4287//5451
f 4269//5452 4287//5452 4282//5452
f 4011//5453 4267//5453 4269//5453
f 4269//5454 4267//5454 4284//5454
f 4269//5455 4284//5455 4285//5455
f 4285//5456 4284//5456 4288//5456
f 4285//5457 4288//5457 4286//5457
f 4283//5458 4267//5458 4289//5458
f 4289//5459 4267//5459 4268//5459
f 4289//5460 4268//5460 4290//5460
f 4290//5461 4268//5461 3699//5461
f 4290//5462 3699//5462 4125//5462
f 4275//5463 4291//5463 4000//5463
f 4000//5464 4291//5464 4013//5464
f 4292//5465 4031//5465 4293//5465
f 4293//5466 4031//5466 4017//5466
f 4293//5467 4017//5467 4013//5467
f 4014//5468 4292//5468 4027//5468
f 4027//5469 4292//5469 4294//5469
f 4014//5470 4033//5470 4292//5470
f 4292//5471 4033//5471 4032//5471
f 4292//5472 4032//5472 4031//5472
f 4025//5473 4030//5473 4295//5473
f 4295//5474 4030//5474 4029//5474
f 4295//5475 4029//5475 4294//5475
f 4294//5476 4029//5476 4028//5476
f 4294//5477 4028//5477 4027//5477
f 4025//5478 4295//5478 4026//5478
f 4026//5479 4295//5479 4296//5479
f 4026//5480 4296//5480 4023//5480
f 4023//5481 4296//5481 4024//5481
f 4024//5482 4296//5482 4297//5482
f 4024//5483 4297//5483 4022//5483
f 4020//5484 4019//5484 4298//5484
f 4298//5485 4019//5485 4018//5485
f 4298//5486 4018//5486 4016//5486
f 4016//5487 4015//5487 4297//5487
f 4297//5488 4015//5488 4021//5488
f 4297//5489 4021//5489 4022//5489
f 4297//5490 4299//5490 4300//5490
f 4016//5491 4297//5491 4298//5491
f 4298//5492 4297//5492 4300//5492
f 4298//5493 4300//5493 4301//5493
f 4299//5494 4297//5494 4302//5494
f 4302//5495 4297//5495 4296//5495
f 4302//5496 4296//5496 4303//5496
f 4304//5497 4305//5497 4295//5497
f 4295//5498 4305//5498 4306//5498
f 4295//5499 4306//5499 4296//5499
f 4296//5500 4306//5500 4307//5500
f 4296//5501 4307//5501 4303//5501
f 4304//5502 4295//5502 4308//5502
f 4308//5503 4295//5503 4294//5503
f 4308//5504 4294//5504 4309//5504
f 4310//5505 4311//5505 4292//5505
f 4292//5506 4311//5506 4312//5506
f 4292//5507 4312//5507 4294//5507
f 4294//5508 4312//5508 4313//5508
f 4294//5509 4313//5509 4309//5509
f 4310//5510 4292//5510 4314//5510
f 4314//5511 4292//5511 4293//5511
f 4314//5512 4293//5512 4315//5512
f 4315//5513 4293//5513 4013//5513
f 4315//5514 4013//5514 4291//5514
f 4301//5515 4316//5515 4298//5515
f 4298//5516 4316//5516 4034//5516
f 4298//5517 4034//5517 4020//5517
f 4036//5518 4037//5518 4317//5518
f 4047//5519 4046//5519 4318//5519
f 4318//5520 4046//5520 4045//5520
f 4318//5521 4045//5521 4319//5521
f 4319//5522 4045//5522 4035//5522
f 4319//5523 4035//5523 4034//5523
f 4320//5524 4048//5524 4047//5524
f 4044//5525 4043//5525 4321//5525
f 4048//5526 4320//5526 4043//5526
f 4322//5527 4039//5527 4321//5527
f 4321//5528 4039//5528 4038//5528
f 4321//5529 4038//5529 4044//5529
f 4037//5530 4042//5530 4317//5530
f 4317//5531 4042//5531 4041//5531
f 4317//5532 4041//5532 4322//5532
f 4322//5533 4041//5533 4040//5533
f 4322//5534 4040//5534 4039//5534
f 4317//5535 4323//5535 4324//5535
f 4036//5536 4317//5536 3679//5536
f 3679//5537 4317//5537 4324//5537
f 3679//5538 4324//5538 4098//5538
f 4323//5539 4317//5539 4325//5539
f 4325//5540 4317//5540 4322//5540
f 4325//5541 4322//5541 4326//5541
f 4327//5542 4328//5542 4321//5542
f 4321//5543 4328//5543 4329//5543
f 4321//5544 4329//5544 4322//5544
f 4322//5545 4329//5545 4330//5545
f 4322//5546 4330//5546 4326//5546
f 4043//5547 4320//5547 4321//5547
f 4321//5548 4320//5548 4331//5548
f 4321//5549 4331//5549 4327//5549
f 4318//5550 4332//5550 4333//5550
f 4334//5551 4335//5551 4320//5551
f 4320//5552 4335//5552 4336//5552
f 4320//5553 4336//5553 4331//5553
f 4047//5554 4318//5554 4320//5554
f 4320//5555 4318//5555 4333//5555
f 4320//5556 4333//5556 4334//5556
f 4334//5557 4333//5557 4337//5557
f 4334//5558 4337//5558 4335//5558
f 4332//5559 4318//5559 4338//5559
f 4338//5560 4318//5560 4319//5560
f 4338//5561 4319//5561 4339//5561
f 4339//5562 4319//5562 4034//5562
f 4339//5563 4034//5563 4316//5563
f 4093//8 4340//8 4341//8
f 4093//8 4341//8 4092//8
f 4092//8 4341//8 4342//8
f 4092//8 4342//8 4091//8
f 4091//8 4342//8 4343//8
f 4091//8 4343//8 4090//8
f 4090//8 4343//8 4344//8
f 4090//8 4344//8 4089//8
f 4089//8 4344//8 4345//8
f 4089//8 4345//8 4088//8
f 4088//8 4345//8 4346//8
f 4088//8 4346//8 4087//8
f 4087//8 4346//8 4347//8
f 4087//8 4347//8 4057//8
f 4057//8 4347//8 4348//8
f 4057//8 4348//8 4058//8
f 4058//8 4348//8 4349//8
f 4058//8 4349//8 4059//8
f 4059//8 4349//8 4350//8
f 4059//8 4350//8 4060//8
f 4060//8 4350//8 4351//8
f 4060//8 4351//8 4056//8
f 4056//62 4351//62 4352//62
f 4056//8 4352//8 4055//8
f 4340//8 4093//8 4353//8
f 4353//8 4093//8 4094//8
f 4353//8 4094//8 4354//8
f 4354//8 4094//8 4097//8
f 4354//8 4097//8 4355//8
f 4355//8 4097//8 4096//8
f 4355//8 4096//8 4356//8
f 4356//8 4096//8 4095//8
f 4356//8 4095//8 4357//8
f 4068//8 4358//8 4067//8
f 4067//8 4358//8 4359//8
f 4067//8 4359//8 4066//8
f 4066//62 4359//62 4360//62
f 4066//8 4360//8 4065//8
f 4065//8 4360//8 4361//8
f 4065//62 4361//62 4064//62
f 4064//8 4361//8 4362//8
f 4064//8 4362//8 4062//8
f 4062//8 4362//8 4363//8
f 4062//8 4363//8 4063//8
f 4063//8 4363//8 4364//8
f 4063//5564 4364//5564 4073//5564
f 4073//5565 4364//5565 4365//5565
f 4073//5566 4365//5566 4085//5566
f 4085//8 4365//8 4366//8
f 4085//8 4366//8 4084//8
f 4084//8 4366//8 4367//8
f 4084//8 4367//8 4083//8
f 4083//8 4367//8 4368//8
f 4083//8 4368//8 4082//8
f 4082//62 4368//62 4369//62
f 4082//8 4369//8 4081//8
f 4369//8 4370//8 4081//8
f 4081//8 4370//8 4371//8
f 4081//62 4371//62 4080//62
f 4080//8 4371//8 4372//8
f 4080//8 4372//8 4079//8
f 4079//8 4372//8 4373//8
f 4079//8 4373//8 4078//8
f 4078//62 4373//62 4374//62
f 4078//8 4374//8 4077//8
f 4077//8 4374//8 4375//8
f 4077//8 4375//8 4076//8
f 4076//8 4375//8 4376//8
f 4076//62 4376//62 4075//62
f 4075//8 4376//8 4377//8
f 4075//8 4377//8 4074//8
f 4074//62 4377//62 4357//62
f 4074//5567 4357//5567 4086//5567
f 4086//5568 4357//5568 4095//5568
f 4352//8 4378//8 4055//8
f 4055//8 4378//8 4379//8
f 4055//8 4379//8 4054//8
f 4054//8 4379//8 4380//8
f 4054//8 4380//8 4053//8
f 4053//62 4380//62 4381//62
f 4053//8 4381//8 4052//8
f 4052//8 4381//8 4382//8
f 4052//8 4382//8 4051//8
f 4051//8 4382//8 4383//8
f 4051//8 4383//8 4050//8
f 4050//8 4383//8 4384//8
f 4050//8 4384//8 4049//8
f 4049//62 4384//62 4385//62
f 4049//5569 4385//5569 4061//5569
f 4061//5570 4385//5570 4386//5570
f 4061//5571 4386//5571 4072//5571
f 4072//8 4386//8 4387//8
f 4072//8 4387//8 4071//8
f 4071//8 4387//8 4388//8
f 4071//8 4388//8 4070//8
f 4070//8 4388//8 4389//8
f 4070//8 4389//8 4069//8
f 4069//8 4389//8 4390//8
f 4069//8 4390//8 4068//8
f 4068//8 4390//8 4391//8
f 4068//8 4391//8 4358//8
f 4099//338 4098//338 4392//338
f 4392//338 4098//338 4393//338
f 4121//5572 4120//5572 4394//5572
f 4123//5573 4099//5573 4395//5573
f 4120//5574 4119//5574 4394//5574
f 4394//5575 4119//5575 4118//5575
f 4394//5576 4118//5576 4395//5576
f 4395//5577 4118//5577 4122//5577
f 4395//5578 4122//5578 4123//5578
f 4121//5579 4394//5579 4117//5579
f 4117//5580 4394//5580 4396//5580
f 4117//5581 4396//5581 4116//5581
f 4116//5582 4396//5582 4112//5582
f 4112//5583 4396//5583 4397//5583
f 4112//5584 4397//5584 4113//5584
f 4113//5585 4397//5585 4114//5585
f 4114//5586 4397//5586 4398//5586
f 4114//5587 4398//5587 4115//5587
f 4108//5588 4107//5588 4399//5588
f 4399//5589 4107//5589 4110//5589
f 4399//5590 4110//5590 4398//5590
f 4398//5591 4110//5591 4111//5591
f 4398//5592 4111//5592 4115//5592
f 4400//5593 4401//5593 4399//5593
f 4399//5594 4401//5594 4402//5594
f 4399//5595 4402//5595 4108//5595
f 4108//5596 4402//5596 4403//5596
f 4108//5597 4403//5597 4109//5597
f 4404//5598 4405//5598 4406//5598
f 4099//5599 4392//5599 4395//5599
f 4395//5600 4392//5600 4407//5600
f 4395//5601 4407//5601 4394//5601
f 4394//5602 4407//5602 4408//5602
f 4394//5603 4408//5603 4396//5603
f 4396//5604 4408//5604 4409//5604
f 4396//5605 4409//5605 4397//5605
f 4397//5606 4409//5606 4410//5606
f 4397//5607 4410//5607 4398//5607
f 4398//5608 4410//5608 4411//5608
f 4398//5609 4411//5609 4399//5609
f 4399//5610 4411//5610 4404//5610
f 4399//5611 4404//5611 4400//5611
f 4400//5612 4404//5612 4406//5612
f 4154//282 4153//282 4412//282
f 4259//282 4258//282 4413//282
f 4413//282 4258//282 4257//282
f 4413//282 4257//282 4414//282
f 4257//282 4256//282 4414//282
f 4414//282 4256//282 4255//282
f 4414//282 4255//282 4254//282
f 4406//282 4265//282 4400//282
f 4400//282 4265//282 4264//282
f 4400//1276 4264//1276 4263//1276
f 4254//282 4253//282 4414//282
f 4414//282 4253//282 4252//282
f 4414//282 4252//282 4406//282
f 4406//282 4252//282 4266//282
f 4406//1276 4266//1276 4265//1276
f 4263//282 4262//282 4400//282
f 4400//282 4262//282 4261//282
f 4400//282 4261//282 4413//282
f 4413//1276 4261//1276 4260//1276
f 4413//1276 4260//1276 4259//1276
f 4135//282 4136//282 4401//282
f 4413//282 4139//282 4400//282
f 4400//282 4139//282 4140//282
f 4400//282 4140//282 4141//282
f 4136//282 4137//282 4401//282
f 4401//282 4137//282 4132//282
f 4401//282 4132//282 4415//282
f 4141//1276 4142//1276 4400//1276
f 4400//1276 4142//1276 4138//1276
f 4400//282 4138//282 4401//282
f 4401//282 4138//282 4134//282
f 4401//282 4134//282 4135//282
f 4415//282 4166//282 4165//282
f 4174//282 4402//282 4175//282
f 4175//282 4402//282 4401//282
f 4175//282 4401//282 4176//282
f 4170//282 4169//282 4416//282
f 4416//282 4169//282 4168//282
f 4416//282 4168//282 4415//282
f 4415//282 4168//282 4167//282
f 4415//1276 4167//1276 4166//1276
f 4165//282 4164//282 4415//282
f 4415//1276 4164//1276 4163//1276
f 4415//282 4163//282 4401//282
f 4401//282 4163//282 4177//282
f 4401//282 4177//282 4176//282
f 4174//282 4173//282 4402//282
f 4402//1276 4173//1276 4172//1276
f 4402//282 4172//282 4416//282
f 4416//282 4172//282 4171//282
f 4416//282 4171//282 4170//282
f 4204//282 4203//282 4403//282
f 4201//282 4200//282 4417//282
f 4196//282 4195//282 4416//282
f 4201//282 4417//282 4202//282
f 4402//282 4206//282 4403//282
f 4403//282 4206//282 4205//282
f 4403//282 4205//282 4204//282
f 4200//282 4199//282 4417//282
f 4417//282 4199//282 4198//282
f 4417//282 4198//282 4416//282
f 4416//282 4198//282 4197//282
f 4416//1276 4197//1276 4196//1276
f 4195//282 4194//282 4416//282
f 4416//282 4194//282 4193//282
f 4416//282 4193//282 4402//282
f 4402//282 4193//282 4207//282
f 4402//1276 4207//1276 4206//1276
f 4223//282 4237//282 4403//282
f 4226//282 4225//282 4417//282
f 4417//282 4225//282 4224//282
f 4230//282 4229//282 4124//282
f 4124//1276 4229//1276 4228//1276
f 4124//282 4228//282 4417//282
f 4417//282 4228//282 4227//282
f 4417//282 4227//282 4226//282
f 4203//282 4202//282 4403//282
f 4403//1276 4202//1276 4417//1276
f 4403//1276 4417//1276 4223//1276
f 4223//282 4417//282 4224//282
f 4237//282 4236//282 4403//282
f 4403//282 4236//282 4235//282
f 4403//282 4235//282 4109//282
f 4109//1276 4235//1276 4234//1276
f 4234//1276 4233//1276 4109//1276
f 4109//282 4233//282 4232//282
f 4109//282 4232//282 4124//282
f 4124//282 4232//282 4231//282
f 4124//282 4231//282 4230//282
f 4209//282 4222//282 4417//282
f 4211//1276 4210//1276 4418//1276
f 4209//282 4417//282 4208//282
f 4215//282 4214//282 4125//282
f 4125//282 4214//282 4213//282
f 4125//282 4213//282 4418//282
f 4418//282 4213//282 4212//282
f 4418//282 4212//282 4211//282
f 4222//282 4221//282 4417//282
f 4417//282 4221//282 4220//282
f 4417//282 4220//282 4124//282
f 4124//282 4220//282 4219//282
f 4219//282 4218//282 4124//282
f 4124//282 4218//282 4217//282
f 4124//1276 4217//1276 4125//1276
f 4125//282 4217//282 4216//282
f 4125//1276 4216//1276 4215//1276
f 4186//282 4185//282 4418//282
f 4189//282 4188//282 4417//282
f 4417//282 4188//282 4187//282
f 4210//282 4208//282 4418//282
f 4418//282 4208//282 4417//282
f 4418//282 4417//282 4186//282
f 4186//282 4417//282 4187//282
f 4185//282 4184//282 4418//282
f 4418//1276 4184//1276 4183//1276
f 4418//282 4183//282 4412//282
f 4412//282 4183//282 4182//282
f 4412//282 4182//282 4181//282
f 4179//282 4416//282 4178//282
f 4178//282 4416//282 4412//282
f 4178//1276 4412//1276 4180//1276
f 4180//282 4412//282 4181//282
f 4179//282 4192//282 4416//282
f 4416//282 4192//282 4191//282
f 4416//282 4191//282 4417//282
f 4417//282 4191//282 4190//282
f 4417//282 4190//282 4189//282
f 4412//282 4153//282 4419//282
f 4419//282 4153//282 4152//282
f 4419//1276 4152//1276 4151//1276
f 4162//282 4161//282 4415//282
f 4415//282 4161//282 4160//282
f 4415//282 4160//282 4416//282
f 4416//282 4160//282 4159//282
f 4416//1276 4159//1276 4158//1276
f 4151//282 4150//282 4419//282
f 4419//282 4150//282 4148//282
f 4419//1276 4148//1276 4415//1276
f 4415//1276 4148//1276 4149//1276
f 4415//282 4149//282 4162//282
f 4158//1276 4157//1276 4416//1276
f 4416//282 4157//282 4156//282
f 4416//282 4156//282 4412//282
f 4412//282 4156//282 4155//282
f 4412//1276 4155//1276 4154//1276
f 4145//282 4146//282 4420//282
f 4146//282 4147//282 4420//282
f 4420//1276 4147//1276 4143//1276
f 4420//282 4143//282 4413//282
f 4413//282 4143//282 4144//282
f 4413//282 4144//282 4139//282
f 4132//282 4133//282 4415//282
f 4415//282 4133//282 4128//282
f 4415//1276 4128//1276 4419//1276
f 4419//282 4128//282 4129//282
f 4419//282 4129//282 4130//282
f 4130//282 4131//282 4419//282
f 4419//282 4131//282 4126//282
f 4419//282 4126//282 4420//282
f 4420//282 4126//282 4127//282
f 4420//282 4127//282 4145//282
f 4248//282 4247//282 4413//282
f 4241//282 4421//282 4242//282
f 4242//282 4421//282 4420//282
f 4242//1276 4420//1276 4243//1276
f 4239//282 4414//282 4238//282
f 4238//282 4414//282 4421//282
f 4238//282 4421//282 4240//282
f 4240//282 4421//282 4241//282
f 4239//1276 4251//1276 4414//1276
f 4414//282 4251//282 4250//282
f 4414//282 4250//282 4413//282
f 4413//282 4250//282 4249//282
f 4413//282 4249//282 4248//282
f 4247//282 4246//282 4413//282
f 4413//1276 4246//1276 4245//1276
f 4413//282 4245//282 4420//282
f 4420//282 4245//282 4244//282
f 4420//282 4244//282 4243//282
f 4406//282 4405//282 4414//282
f 4414//282 4405//282 4422//282
f 4414//1276 4422//1276 4421//1276
f 4421//5613 4422//5613 4423//5613
f 4290//5614 4125//5614 4424//5614
f 4424//5615 4125//5615 4418//5615
f 4424//5616 4418//5616 4412//5616
f 4419//5617 4420//5617 4425//5617
f 4425//5618 4420//5618 4421//5618
f 4425//5619 4421//5619 4423//5619
f 4288//5620 4284//5620 4426//5620
f 4426//5621 4284//5621 4283//5621
f 4426//5622 4283//5622 4424//5622
f 4424//5623 4283//5623 4289//5623
f 4424//5624 4289//5624 4290//5624
f 4427//5625 4287//5625 4426//5625
f 4426//5626 4287//5626 4286//5626
f 4426//5627 4286//5627 4288//5627
f 4428//5628 4278//5628 4427//5628
f 4427//5629 4278//5629 4282//5629
f 4427//5630 4282//5630 4287//5630
f 4277//5631 4281//5631 4429//5631
f 4429//5632 4281//5632 4280//5632
f 4429//5633 4280//5633 4428//5633
f 4428//5634 4280//5634 4279//5634
f 4428//5635 4279//5635 4278//5635
f 4277//5636 4429//5636 4276//5636
f 4276//5637 4429//5637 4430//5637
f 4276//5638 4430//5638 4273//5638
f 4431//5639 4275//5639 4430//5639
f 4430//5640 4275//5640 4274//5640
f 4430//5641 4274//5641 4273//5641
f 4412//5642 4419//5642 4424//5642
f 4424//5643 4419//5643 4425//5643
f 4424//5644 4425//5644 4426//5644
f 4426//5645 4425//5645 4432//5645
f 4426//5646 4432//5646 4427//5646
f 4427//5647 4432//5647 4433//5647
f 4427//5648 4433//5648 4428//5648
f 4428//5649 4433//5649 4434//5649
f 4428//5650 4434//5650 4429//5650
f 4429//5651 4434//5651 4435//5651
f 4429//5652 4435//5652 4430//5652
f 4430//5653 4435//5653 4436//5653
f 4430//5654 4436//5654 4431//5654
f 4275//1139 4431//1139 4291//1139
f 4291//1139 4431//1139 4437//1139
f 4315//5655 4291//5655 4438//5655
f 4312//5656 4311//5656 4439//5656
f 4439//5657 4311//5657 4310//5657
f 4439//5658 4310//5658 4438//5658
f 4438//5659 4310//5659 4314//5659
f 4438//5660 4314//5660 4315//5660
f 4440//5661 4309//5661 4439//5661
f 4439//5662 4309//5662 4313//5662
f 4439//5663 4313//5663 4312//5663
f 4441//5664 4304//5664 4440//5664
f 4440//5665 4304//5665 4308//5665
f 4440//5666 4308//5666 4309//5666
f 4303//5667 4307//5667 4442//5667
f 4442//5668 4307//5668 4306//5668
f 4442//5669 4306//5669 4441//5669
f 4441//5670 4306//5670 4305//5670
f 4441//5671 4305//5671 4304//5671
f 4303//5672 4442//5672 4302//5672
f 4302//5673 4442//5673 4443//5673
f 4302//5674 4443//5674 4299//5674
f 4444//5675 4301//5675 4443//5675
f 4443//5676 4301//5676 4300//5676
f 4443//5677 4300//5677 4299//5677
f 4291//5678 4437//5678 4438//5678
f 4438//5679 4437//5679 4445//5679
f 4438//5680 4445//5680 4439//5680
f 4439//5681 4445//5681 4446//5681
f 4439//5682 4446//5682 4440//5682
f 4440//5683 4446//5683 4447//5683
f 4440//5684 4447//5684 4441//5684
f 4441//5685 4447//5685 4448//5685
f 4441//5686 4448//5686 4442//5686
f 4442//5687 4448//5687 4449//5687
f 4442//5688 4449//5688 4443//5688
f 4443//5689 4449//5689 4450//5689
f 4443//5690 4450//5690 4444//5690
f 4301//323 4444//323 4316//323
f 4316//1306 4444//1306 4451//1306
f 4339//5691 4316//5691 4452//5691
f 4337//5692 4333//5692 4453//5692
f 4453//5693 4333//5693 4332//5693
f 4453//5694 4332//5694 4452//5694
f 4452//5695 4332//5695 4338//5695
f 4452//5696 4338//5696 4339//5696
f 4454//5697 4336//5697 4453//5697
f 4453//5698 4336//5698 4335//5698
f 4453//5699 4335//5699 4337//5699
f 4455//5700 4327//5700 4454//5700
f 4454//5701 4327//5701 4331//5701
f 4454//5702 4331//5702 4336//5702
f 4326//5703 4330//5703 4456//5703
f 4456//5704 4330//5704 4329//5704
f 4456//5705 4329//5705 4455//5705
f 4455//5706 4329//5706 4328//5706
f 4455//5707 4328//5707 4327//5707
f 4326//5708 4456//5708 4325//5708
f 4325//5709 4456//5709 4457//5709
f 4325//5710 4457//5710 4323//5710
f 4393//5711 4098//5711 4457//5711
f 4457//5712 4098//5712 4324//5712
f 4457//5713 4324//5713 4323//5713
f 4316//5714 4451//5714 4452//5714
f 4452//5715 4451//5715 4458//5715
f 4452//5716 4458//5716 4453//5716
f 4453//5717 4458//5717 4459//5717
f 4453//5718 4459//5718 4454//5718
f 4454//5719 4459//5719 4460//5719
f 4454//5720 4460//5720 4455//5720
f 4455//5721 4460//5721 4461//5721
f 4455//5722 4461//5722 4456//5722
f 4456//5723 4461//5723 4462//5723
f 4456//5724 4462//5724 4457//5724
f 4457//5725 4462//5725 4463//5725
f 4457//5726 4463//5726 4393//5726
f 4347//5727 4464//5727 4348//5727
f 4348//5727 4464//5727 4465//5727
f 4347//5728 4346//5728 4464//5728
f 4464//5729 4346//5729 4466//5729
f 4466//5730 4346//5730 4467//5730
f 4467//5731 4346//5731 4345//5731
f 4467//5732 4345//5732 4468//5732
f 4345//5733 4344//5733 4468//5733
f 4468//5734 4344//5734 4343//5734
f 4468//5735 4343//5735 4469//5735
f 4469//5736 4343//5736 4342//5736
f 4469//5737 4342//5737 4470//5737
f 4470//5738 4342//5738 4471//5738
f 4342//5739 4341//5739 4471//5739
f 4471//5740 4341//5740 4340//5740
f 4471//5741 4340//5741 4472//5741
f 4472//5742 4340//5742 4353//5742
f 4472//5743 4353//5743 4473//5743
f 4473//5744 4353//5744 4354//5744
f 4473//5745 4354//5745 4474//5745
f 4354//5746 4355//5746 4474//5746
f 4474//5747 4355//5747 4356//5747
f 4474//5748 4356//5748 4475//5748
f 4475//5749 4356//5749 4357//5749
f 4475//5750 4357//5750 4476//5750
f 4377//5751 4477//5751 4357//5751
f 4357//5752 4477//5752 4476//5752
f 4377//5753 4376//5753 4477//5753
f 4477//5754 4376//5754 4478//5754
f 4478//5755 4376//5755 4479//5755
f 4479//5756 4376//5756 4375//5756
f 4479//5757 4375//5757 4480//5757
f 4375//5758 4374//5758 4480//5758
f 4480//5759 4374//5759 4373//5759
f 4480//5760 4373//5760 4481//5760
f 4481//5761 4373//5761 4372//5761
f 4481//5762 4372//5762 4482//5762
f 4482//5763 4372//5763 4483//5763
f 4372//5764 4371//5764 4483//5764
f 4483//5765 4371//5765 4370//5765
f 4483//5766 4370//5766 4484//5766
f 4484//5767 4370//5767 4369//5767
f 4484//5768 4369//5768 4485//5768
f 4485//5769 4369//5769 4368//5769
f 4485//5770 4368//5770 4486//5770
f 4368//5771 4367//5771 4486//5771
f 4486//5772 4367//5772 4366//5772
f 4486//5773 4366//5773 4487//5773
f 4487//5774 4366//5774 4365//5774
f 4487//5775 4365//5775 4488//5775
f 4365//5776 4364//5776 4488//5776
f 4488//5776 4364//5776 4489//5776
f 4364//5777 4363//5777 4489//5777
f 4489//5778 4363//5778 4490//5778
f 4490//5779 4363//5779 4491//5779
f 4491//5780 4363//5780 4362//5780
f 4491//5781 4362//5781 4492//5781
f 4362//5782 4361//5782 4492//5782
f 4492//5783 4361//5783 4360//5783
f 4492//5784 4360//5784 4493//5784
f 4493//5785 4360//5785 4359//5785
f 4493//5786 4359//5786 4494//5786
f 4494//5787 4359//5787 4495//5787
f 4359//5788 4358//5788 4495//5788
f 4495//5789 4358//5789 4391//5789
f 4495//5790 4391//5790 4496//5790
f 4496//5791 4391//5791 4390//5791
f 4496//5792 4390//5792 4497//5792
f 4497//5793 4390//5793 4389//5793
f 4497//5794 4389//5794 4498//5794
f 4389//5795 4388//5795 4498//5795
f 4498//5796 4388//5796 4387//5796
f 4498//5797 4387//5797 4499//5797
f 4499//5798 4387//5798 4386//5798
f 4499//5799 4386//5799 4500//5799
f 4386//5800 4385//5800 4500//5800
f 4500//5800 4385//5800 4501//5800
f 4385//5801 4384//5801 4501//5801
f 4501//5802 4384//5802 4502//5802
f 4502//5803 4384//5803 4503//5803
f 4503//5804 4384//5804 4383//5804
f 4503//5805 4383//5805 4504//5805
f 4383//5806 4382//5806 4504//5806
f 4504//5807 4382//5807 4381//5807
f 4504//5808 4381//5808 4505//5808
f 4505//5809 4381//5809 4380//5809
f 4505//5810 4380//5810 4506//5810
f 4506//5811 4380//5811 4507//5811
f 4380//5812 4379//5812 4507//5812
f 4507//5813 4379//5813 4378//5813
f 4507//5814 4378//5814 4508//5814
f 4508//5815 4378//5815 4352//5815
f 4508//5816 4352//5816 4509//5816
f 4509//5817 4352//5817 4351//5817
f 4509//5818 4351//5818 4510//5818
f 4351//5819 4350//5819 4510//5819
f 4510//5820 4350//5820 4349//5820
f 4510//5821 4349//5821 4511//5821
f 4511//5822 4349//5822 4348//5822
f 4511//5823 4348//5823 4465//5823
f 4512//8 4422//8 4513//8
f 4513//62 4422//62 4405//62
f 4513//8 4405//8 4514//8
f 4515//8 4449//8 4516//8
f 4516//62 4449//62 4448//62
f 4516//8 4448//8 4517//8
f 4517//8 4448//8 4447//8
f 4517//8 4447//8 4518//8
f 4518//8 4447//8 4446//8
f 4518//8 4446//8 4519//8
f 4519//8 4446//8 4445//8
f 4519//62 4445//62 4520//62
f 4520//8 4445//8 4437//8
f 4520//8 4437//8 4521//8
f 4521//8 4437//8 4431//8
f 4521//62 4431//62 4522//62
f 4405//8 4404//8 4514//8
f 4514//8 4404//8 4411//8
f 4514//8 4411//8 4523//8
f 4523//8 4411//8 4410//8
f 4523//8 4410//8 4524//8
f 4524//8 4410//8 4409//8
f 4524//8 4409//8 4525//8
f 4525//8 4409//8 4408//8
f 4525//8 4408//8 4526//8
f 4526//62 4408//62 4407//62
f 4526//8 4407//8 4527//8
f 4527//8 4407//8 4392//8
f 4527//8 4392//8 4528//8
f 4528//62 4392//62 4393//62
f 4528//8 4393//8 4529//8
f 4431//8 4436//8 4522//8
f 4522//8 4436//8 4435//8
f 4522//8 4435//8 4530//8
f 4530//8 4435//8 4434//8
f 4530//8 4434//8 4531//8
f 4531//8 4434//8 4433//8
f 4531//8 4433//8 4532//8
f 4532//8 4433//8 4432//8
f 4532//8 4432//8 4533//8
f 4533//8 4432//8 4425//8
f 4533//8 4425//8 4512//8
f 4512//8 4425//8 4423//8
f 4512//62 4423//62 4422//62
f 4393//8 4463//8 4529//8
f 4529//8 4463//8 4462//8
f 4529//62 4462//62 4534//62
f 4534//8 4462//8 4461//8
f 4534//8 4461//8 4535//8
f 4535//8 4461//8 4460//8
f 4535//62 4460//62 4536//62
f 4536//8 4460//8 4459//8
f 4536//8 4459//8 4537//8
f 4537//8 4459//8 4458//8
f 4537//8 4458//8 4538//8
f 4538//8 4458//8 4451//8
f 4538//8 4451//8 4539//8
f 4539//8 4451//8 4444//8
f 4539//62 4444//62 4515//62
f 4515//8 4444//8 4450//8
f 4515//8 4450//8 4449//8
f 4480//113 4481//113 4540//113
f 4540//117 4481//117 4541//117
f 4481//113 4482//113 4541//113
f 4541//113 4482//113 4483//113
f 4541//113 4483//113 4542//113
f 4492//117 4493//117 4543//117
f 4543//113 4493//113 4544//113
f 4545//113 4490//113 4543//113
f 4543//113 4490//113 4491//113
f 4543//113 4491//113 4492//113
f 4546//113 4487//113 4547//113
f 4547//113 4487//113 4488//113
f 4547//113 4488//113 4545//113
f 4545//113 4488//113 4489//113
f 4545//113 4489//113 4490//113
f 4468//113 4469//113 4548//113
f 4548//113 4469//113 4549//113
f 4504//113 4505//113 4550//113
f 4550//113 4505//113 4551//113
f 4493//113 4494//113 4544//113
f 4544//113 4494//113 4495//113
f 4544//113 4495//113 4552//113
f 4483//113 4484//113 4542//113
f 4542//113 4484//113 4485//113
f 4542//113 4485//113 4546//113
f 4546//113 4485//113 4486//113
f 4546//113 4486//113 4487//113
f 4505//113 4506//113 4551//113
f 4551//113 4506//113 4507//113
f 4551//113 4507//113 4553//113
f 4495//113 4496//113 4552//113
f 4552//113 4496//113 4497//113
f 4552//117 4497//117 4554//117
f 4469//113 4470//113 4549//113
f 4549//113 4470//113 4471//113
f 4549//113 4471//113 4555//113
f 4471//113 4472//113 4555//113
f 4555//117 4472//117 4473//117
f 4555//113 4473//113 4556//113
f 4507//117 4508//117 4553//117
f 4553//113 4508//113 4509//113
f 4553//113 4509//113 4557//113
f 4558//113 4502//113 4550//113
f 4550//113 4502//113 4503//113
f 4550//113 4503//113 4504//113
f 4497//113 4498//113 4554//113
f 4554//113 4498//113 4499//113
f 4554//113 4499//113 4559//113
f 4559//113 4499//113 4500//113
f 4559//113 4500//113 4558//113
f 4558//117 4500//117 4501//117
f 4558//113 4501//113 4502//113
f 4560//113 4478//113 4540//113
f 4540//113 4478//113 4479//113
f 4540//117 4479//117 4480//117
f 4473//113 4474//113 4556//113
f 4556//113 4474//113 4475//113
f 4556//113 4475//113 4561//113
f 4561//113 4475//113 4476//113
f 4561//113 4476//113 4560//113
f 4560//113 4476//113 4477//113
f 4560//113 4477//113 4478//113
f 4562//113 4466//113 4548//113
f 4548//113 4466//113 4467//113
f 4548//113 4467//113 4468//113
f 4509//113 4510//113 4557//113
f 4557//113 4510//113 4511//113
f 4557//113 4511//113 4563//113
f 4563//113 4511//113 4465//113
f 4563//113 4465//113 4562//113
f 4562//113 4465//113 4464//113
f 4562//113 4464//113 4466//113
f 4527//338 4528//338 4564//338
f 4564//338 4528//338 4565//338
f 4564//338 4565//338 4566//338
f 4566//338 4565//338 4567//338
f 4568//5824 4569//5824 4570//5824
f 4570//5825 4569//5825 4571//5825
f 4570//5826 4571//5826 4572//5826
f 4572//5827 4571//5827 4573//5827
f 4572//5828 4573//5828 4574//5828
f 4574//5829 4573//5829 4575//5829
f 4574//5830 4575//5830 4576//5830
f 4576//5831 4575//5831 4577//5831
f 4576//5832 4577//5832 4578//5832
f 4578//5833 4577//5833 4579//5833
f 4578//5834 4579//5834 4565//5834
f 4565//5835 4579//5835 4567//5835
f 4538//5836 4568//5836 4537//5836
f 4537//5837 4568//5837 4570//5837
f 4537//5838 4570//5838 4536//5838
f 4536//5839 4570//5839 4572//5839
f 4536//5840 4572//5840 4535//5840
f 4535//5841 4572//5841 4574//5841
f 4535//5842 4574//5842 4534//5842
f 4534//5843 4574//5843 4576//5843
f 4534//5844 4576//5844 4529//5844
f 4529//5845 4576//5845 4578//5845
f 4529//5846 4578//5846 4528//5846
f 4528//5847 4578//5847 4565//5847
f 4580//323 4569//323 4581//323
f 4581//323 4569//323 4568//323
f 4581//323 4568//323 4539//323
f 4539//323 4568//323 4538//323
f 4582//5848 4583//5848 4584//5848
f 4584//5849 4583//5849 4585//5849
f 4584//5850 4585//5850 4586//5850
f 4586//5851 4585//5851 4587//5851
f 4586//5852 4587//5852 4588//5852
f 4588//5853 4587//5853 4589//5853
f 4588//5854 4589//5854 4590//5854
f 4590//5855 4589//5855 4591//5855
f 4590//5856 4591//5856 4592//5856
f 4592//5857 4591//5857 4593//5857
f 4592//5858 4593//5858 4581//5858
f 4581//5859 4593//5859 4580//5859
f 4520//5860 4582//5860 4519//5860
f 4519//5861 4582//5861 4584//5861
f 4519//5862 4584//5862 4518//5862
f 4518//5863 4584//5863 4586//5863
f 4518//5864 4586//5864 4517//5864
f 4517//5865 4586//5865 4588//5865
f 4517//5866 4588//5866 4516//5866
f 4516//5867 4588//5867 4590//5867
f 4516//5868 4590//5868 4515//5868
f 4515//5869 4590//5869 4592//5869
f 4515//5870 4592//5870 4539//5870
f 4539//5871 4592//5871 4581//5871
f 4594//1139 4583//1139 4595//1139
f 4595//1139 4583//1139 4582//1139
f 4595//1139 4582//1139 4521//1139
f 4521//1139 4582//1139 4520//1139
f 4596//5872 4597//5872 4598//5872
f 4598//5873 4597//5873 4599//5873
f 4598//5874 4599//5874 4600//5874
f 4600//5875 4599//5875 4601//5875
f 4600//5876 4601//5876 4602//5876
f 4602//5877 4601//5877 4603//5877
f 4602//5878 4603//5878 4604//5878
f 4604//5879 4603//5879 4605//5879
f 4604//5880 4605//5880 4606//5880
f 4606//5881 4605//5881 4607//5881
f 4606//5882 4607//5882 4595//5882
f 4595//5883 4607//5883 4594//5883
f 4512//5884 4596//5884 4533//5884
f 4533//5885 4596//5885 4598//5885
f 4533//5886 4598//5886 4532//5886
f 4532//5887 4598//5887 4600//5887
f 4532//5888 4600//5888 4531//5888
f 4531//5889 4600//5889 4602//5889
f 4531//5890 4602//5890 4530//5890
f 4530//5891 4602//5891 4604//5891
f 4530//5892 4604//5892 4522//5892
f 4522//5893 4604//5893 4606//5893
f 4522//5894 4606//5894 4521//5894
f 4521//5895 4606//5895 4595//5895
f 4512//282 4513//282 4596//282
f 4596//282 4513//282 4608//282
f 4596//282 4608//282 4597//282
f 4597//282 4608//282 4609//282
f 4564//5896 4566//5896 4610//5896
f 4610//5897 4566//5897 4611//5897
f 4610//5898 4611//5898 4612//5898
f 4612//5899 4611//5899 4613//5899
f 4612//5900 4613//5900 4614//5900
f 4614//5901 4613//5901 4615//5901
f 4614//5902 4615//5902 4616//5902
f 4616//5903 4615//5903 4617//5903
f 4616//5904 4617//5904 4618//5904
f 4618//5905 4617//5905 4619//5905
f 4618//5906 4619//5906 4608//5906
f 4608//5907 4619//5907 4609//5907
f 4527//5908 4564//5908 4526//5908
f 4526//5909 4564//5909 4610//5909
f 4526//5910 4610//5910 4525//5910
f 4525//5911 4610//5911 4612//5911
f 4525//5912 4612//5912 4524//5912
f 4524//5913 4612//5913 4614//5913
f 4524//5914 4614//5914 4523//5914
f 4523//5915 4614//5915 4616//5915
f 4523//5916 4616//5916 4514//5916
f 4514//5917 4616//5917 4618//5917
f 4514//5918 4618//5918 4513//5918
f 4513//5919 4618//5919 4608//5919
f 4620//323 4621//323 4622//323
f 4561//5920 4623//5920 4624//5920
f 4561//5920 4624//5920 4556//5920
f 4556//5921 4624//5921 4625//5921
f 4556//5921 4625//5921 4555//5921
f 4555//5922 4625//5922 4626//5922
f 4555//5922 4626//5922 4549//5922
f 4549//5923 4626//5923 4627//5923
f 4549//5923 4627//5923 4548//5923
f 4548//5924 4627//5924 4628//5924
f 4548//5924 4628//5924 4562//5924
f 4629//1139 4630//1139 4631//1139
f 4632//5925 4633//5925 4629//5925
f 4629//5925 4633//5925 4630//5925
f 4633//338 4632//338 4634//338
f 4635//1139 4636//1139 4637//1139
f 4638//5925 4639//5925 4635//5925
f 4635//5925 4639//5925 4636//5925
f 4639//338 4638//338 4640//338
f 4547//5926 4641//5926 4642//5926
f 4547//5926 4642//5926 4546//5926
f 4546//5927 4642//5927 4643//5927
f 4546//5927 4643//5927 4542//5927
f 4542//5928 4643//5928 4644//5928
f 4542//5928 4644//5928 4541//5928
f 4541//5929 4644//5929 4645//5929
f 4541//5929 4645//5929 4540//5929
f 4540//5930 4645//5930 4646//5930
f 4540//5930 4646//5930 4560//5930
f 4647//323 4648//323 4649//323
f 4650//5931 4648//5931 4651//5931
f 4651//5931 4648//5931 4647//5931
f 4650//282 4651//282 4652//282
f 4653//323 4654//323 4655//323
f 4656//5931 4654//5931 4657//5931
f 4657//5931 4654//5931 4653//5931
f 4656//282 4657//282 4658//282
f 4659//1139 4658//1139 4657//1139
f 4545//1139 4659//1139 4660//1139
f 4660//1139 4659//1139 4657//1139
f 4660//1139 4657//1139 4661//1139
f 4661//1139 4657//1139 4653//1139
f 4660//1139 4662//1139 4545//1139
f 4545//1139 4662//1139 4663//1139
f 4545//1139 4663//1139 4547//1139
f 4547//1139 4663//1139 4664//1139
f 4547//1139 4664//1139 4665//1139
f 4666//1139 4651//1139 4667//1139
f 4667//1139 4651//1139 4647//1139
f 4652//1139 4651//1139 4655//1139
f 4655//1139 4651//1139 4666//1139
f 4655//1139 4666//1139 4653//1139
f 4653//1139 4666//1139 4664//1139
f 4653//1139 4664//1139 4661//1139
f 4661//1139 4664//1139 4663//1139
f 4649//1139 4641//1139 4647//1139
f 4647//1139 4641//1139 4547//1139
f 4647//1139 4547//1139 4667//1139
f 4667//1139 4547//1139 4665//1139
f 4559//5932 4668//5932 4669//5932
f 4559//5932 4669//5932 4554//5932
f 4554//5933 4669//5933 4670//5933
f 4554//5933 4670//5933 4552//5933
f 4552//5934 4670//5934 4671//5934
f 4552//5934 4671//5934 4544//5934
f 4544//5935 4671//5935 4672//5935
f 4544//5935 4672//5935 4543//5935
f 4543//5936 4672//5936 4659//5936
f 4543//5936 4659//5936 4545//5936
f 4673//338 4674//338 4675//338
f 4676//5937 4674//5937 4677//5937
f 4677//5937 4674//5937 4673//5937
f 4676//1139 4677//1139 4678//1139
f 4679//338 4680//338 4681//338
f 4682//5937 4680//5937 4683//5937
f 4683//5937 4680//5937 4679//5937
f 4682//1139 4683//1139 4684//1139
f 4685//323 4684//323 4683//323
f 4558//323 4685//323 4686//323
f 4686//1306 4685//1306 4683//1306
f 4686//323 4683//323 4687//323
f 4687//323 4683//323 4679//323
f 4686//323 4688//323 4558//323
f 4558//323 4688//323 4689//323
f 4558//323 4689//323 4559//323
f 4559//323 4689//323 4690//323
f 4559//323 4690//323 4691//323
f 4692//323 4677//323 4693//323
f 4693//323 4677//323 4673//323
f 4678//323 4677//323 4681//323
f 4681//323 4677//323 4692//323
f 4681//323 4692//323 4679//323
f 4679//323 4692//323 4690//323
f 4679//323 4690//323 4687//323
f 4687//323 4690//323 4689//323
f 4675//323 4668//323 4673//323
f 4673//1306 4668//1306 4559//1306
f 4673//323 4559//323 4693//323
f 4693//323 4559//323 4691//323
f 4563//5938 4694//5938 4695//5938
f 4563//5938 4695//5938 4557//5938
f 4557//5939 4695//5939 4696//5939
f 4557//5939 4696//5939 4553//5939
f 4553//5940 4696//5940 4697//5940
f 4553//5940 4697//5940 4551//5940
f 4551//5941 4697//5941 4698//5941
f 4551//5941 4698//5941 4550//5941
f 4550//5942 4698//5942 4685//5942
f 4550//5942 4685//5942 4558//5942
f 4699//282 4700//282 4701//282
f 4702//5943 4703//5943 4699//5943
f 4699//5943 4703//5943 4700//5943
f 4703//323 4702//323 4704//323
f 4699//338 4701//338 4694//338
f 4705//338 4706//338 4562//338
f 4562//338 4706//338 4707//338
f 4562//338 4707//338 4563//338
f 4707//338 4708//338 4709//338
f 4628//338 4622//338 4621//338
f 4707//338 4709//338 4563//338
f 4563//338 4709//338 4710//338
f 4563//338 4710//338 4711//338
f 4562//338 4628//338 4705//338
f 4705//338 4628//338 4621//338
f 4705//338 4621//338 4708//338
f 4708//338 4621//338 4712//338
f 4708//338 4712//338 4709//338
f 4709//338 4712//338 4713//338
f 4714//338 4704//338 4702//338
f 4694//338 4563//338 4699//338
f 4699//338 4563//338 4711//338
f 4699//338 4711//338 4702//338
f 4702//338 4711//338 4713//338
f 4702//338 4713//338 4714//338
f 4714//338 4713//338 4712//338
f 4712//282 4715//282 4714//282
f 4621//5943 4620//5943 4712//5943
f 4712//5943 4620//5943 4715//5943
f 4629//282 4631//282 4623//282
f 4716//282 4717//282 4560//282
f 4646//282 4640//282 4638//282
f 4560//282 4646//282 4716//282
f 4716//282 4646//282 4638//282
f 4716//282 4638//282 4718//282
f 4718//282 4638//282 4635//282
f 4719//282 4632//282 4720//282
f 4720//282 4632//282 4629//282
f 4720//282 4629//282 4561//282
f 4561//1276 4629//1276 4623//1276
f 4634//282 4632//282 4637//282
f 4637//282 4632//282 4719//282
f 4637//282 4719//282 4635//282
f 4635//282 4719//282 4721//282
f 4635//282 4721//282 4718//282
f 4718//282 4721//282 4722//282
f 4717//282 4722//282 4560//282
f 4560//282 4722//282 4721//282
f 4560//282 4721//282 4561//282
f 4561//282 4721//282 4723//282
f 4561//1276 4723//1276 4720//1276
f 4571//113 4724//113 4573//113
f 4573//113 4724//113 4725//113
f 4573//113 4725//113 4575//113
f 4599//113 4726//113 4601//113
f 4601//113 4726//113 4727//113
f 4601//113 4727//113 4603//113
f 4603//113 4727//113 4605//113
f 4605//113 4727//113 4728//113
f 4605//113 4728//113 4607//113
f 4607//113 4728//113 4729//113
f 4607//117 4729//117 4594//117
f 4594//113 4729//113 4730//113
f 4594//113 4730//113 4583//113
f 4583//113 4730//113 4731//113
f 4583//113 4731//113 4585//113
f 4585//117 4731//117 4732//117
f 4585//117 4732//117 4587//117
f 4587//117 4732//117 4733//117
f 4587//113 4733//113 4589//113
f 4589//113 4733//113 4734//113
f 4589//113 4734//113 4591//113
f 4591//113 4734//113 4735//113
f 4591//113 4735//113 4593//113
f 4593//113 4735//113 4736//113
f 4593//113 4736//113 4580//113
f 4580//117 4736//117 4737//117
f 4580//113 4737//113 4569//113
f 4569//117 4737//117 4738//117
f 4569//113 4738//113 4571//113
f 4571//113 4738//113 4739//113
f 4571//113 4739//113 4724//113
f 4575//113 4725//113 4577//113
f 4577//113 4725//113 4740//113
f 4577//113 4740//113 4579//113
f 4579//113 4740//113 4741//113
f 4579//113 4741//113 4567//113
f 4567//113 4741//113 4742//113
f 4567//113 4742//113 4566//113
f 4566//113 4742//113 4743//113
f 4566//113 4743//113 4611//113
f 4611//113 4743//113 4744//113
f 4611//113 4744//113 4613//113
f 4613//113 4744//113 4745//113
f 4613//113 4745//113 4615//113
f 4615//113 4745//113 4746//113
f 4615//117 4746//117 4617//117
f 4617//113 4746//113 4747//113
f 4617//113 4747//113 4619//113
f 4619//113 4747//113 4748//113
f 4619//117 4748//117 4609//117
f 4609//113 4748//113 4749//113
f 4609//113 4749//113 4597//113
f 4597//117 4749//117 4750//117
f 4597//113 4750//113 4599//113
f 4599//113 4750//113 4751//113
f 4599//113 4751//113 4726//113
f 4661//323 4663//323 4752//323
f 4752//323 4663//323 4753//323
f 4754//8 4660//8 4752//8
f 4752//8 4660//8 4661//8
f 4755//282 4662//282 4754//282
f 4754//282 4662//282 4660//282
f 4663//113 4662//113 4753//113
f 4753//113 4662//113 4755//113
f 4756//8 4666//8 4757//8
f 4757//8 4666//8 4667//8
f 4758//282 4664//282 4756//282
f 4756//282 4664//282 4666//282
f 4665//113 4664//113 4759//113
f 4759//113 4664//113 4758//113
f 4667//323 4665//323 4757//323
f 4757//323 4665//323 4759//323
f 4690//1139 4692//1139 4760//1139
f 4760//1139 4692//1139 4761//1139
f 4691//113 4690//113 4762//113
f 4762//113 4690//113 4760//113
f 4763//338 4693//338 4762//338
f 4762//338 4693//338 4691//338
f 4761//8 4692//8 4763//8
f 4763//8 4692//8 4693//8
f 4764//8 4686//8 4765//8
f 4765//8 4686//8 4687//8
f 4688//1139 4686//1139 4766//1139
f 4766//1139 4686//1139 4764//1139
f 4689//113 4688//113 4767//113
f 4767//113 4688//113 4766//113
f 4765//338 4687//338 4767//338
f 4767//338 4687//338 4689//338
f 4768//8 4713//8 4769//8
f 4769//8 4713//8 4711//8
f 4769//282 4711//282 4770//282
f 4770//282 4711//282 4710//282
f 4710//113 4709//113 4770//113
f 4770//113 4709//113 4771//113
f 4709//323 4713//323 4771//323
f 4771//323 4713//323 4768//323
f 4772//282 4708//282 4773//282
f 4773//282 4708//282 4707//282
f 4707//113 4706//113 4773//113
f 4773//113 4706//113 4774//113
f 4706//323 4705//323 4774//323
f 4774//323 4705//323 4775//323
f 4775//8 4705//8 4772//8
f 4772//8 4705//8 4708//8
f 4656//113 4658//113 4659//113
f 4634//113 4637//113 4633//113
f 4633//113 4637//113 4636//113
f 4646//113 4645//113 4776//113
f 4678//113 4681//113 4676//113
f 4676//113 4681//113 4680//113
f 4675//113 4674//113 4668//113
f 4668//113 4674//113 4777//113
f 4668//113 4777//113 4669//113
f 4669//113 4777//113 4778//113
f 4669//113 4778//113 4670//113
f 4670//113 4778//113 4779//113
f 4670//113 4779//113 4671//113
f 4671//113 4779//113 4672//113
f 4654//113 4656//113 4780//113
f 4780//113 4656//113 4659//113
f 4780//113 4659//113 4781//113
f 4781//113 4659//113 4672//113
f 4781//113 4672//113 4782//113
f 4782//113 4672//113 4779//113
f 4783//117 4648//117 4650//117
f 4652//113 4655//113 4650//113
f 4650//113 4655//113 4654//113
f 4650//113 4654//113 4783//113
f 4783//113 4654//113 4780//113
f 4784//5944 4785//5944 4703//5944
f 4703//5945 4785//5945 4700//5945
f 4786//113 4787//113 4627//113
f 4627//113 4787//113 4788//113
f 4627//113 4788//113 4628//113
f 4624//113 4789//113 4625//113
f 4625//113 4789//113 4786//113
f 4625//113 4786//113 4626//113
f 4626//113 4786//113 4627//113
f 4790//113 4791//113 4698//113
f 4698//113 4791//113 4792//113
f 4698//113 4792//113 4685//113
f 4631//113 4630//113 4623//113
f 4623//5946 4630//5946 4793//5946
f 4623//5947 4793//5947 4624//5947
f 4624//5948 4793//5948 4794//5948
f 4624//113 4794//113 4789//113
f 4704//113 4714//113 4703//113
f 4703//113 4714//113 4715//113
f 4703//5949 4715//5949 4784//5949
f 4784//5950 4715//5950 4620//5950
f 4784//5951 4620//5951 4788//5951
f 4788//117 4620//117 4622//117
f 4788//113 4622//113 4628//113
f 4695//113 4795//113 4696//113
f 4696//113 4795//113 4790//113
f 4696//117 4790//117 4697//117
f 4697//113 4790//113 4698//113
f 4649//113 4648//113 4641//113
f 4641//113 4648//113 4783//113
f 4641//113 4783//113 4642//113
f 4642//117 4783//117 4796//117
f 4642//113 4796//113 4643//113
f 4643//113 4796//113 4797//113
f 4643//113 4797//113 4644//113
f 4644//117 4797//117 4798//117
f 4644//117 4798//117 4645//117
f 4645//113 4798//113 4799//113
f 4645//113 4799//113 4776//113
f 4630//5952 4633//5952 4793//5952
f 4793//5952 4633//5952 4636//5952
f 4793//5952 4636//5952 4800//5952
f 4800//5952 4636//5952 4639//5952
f 4800//5953 4639//5953 4776//5953
f 4776//117 4639//117 4640//117
f 4776//113 4640//113 4646//113
f 4701//113 4700//113 4694//113
f 4694//5954 4700//5954 4785//5954
f 4694//5955 4785//5955 4695//5955
f 4695//5956 4785//5956 4801//5956
f 4695//113 4801//113 4795//113
f 4674//113 4676//113 4777//113
f 4777//113 4676//113 4680//113
f 4777//5957 4680//5957 4802//5957
f 4802//5958 4680//5958 4682//5958
f 4802//5959 4682//5959 4792//5959
f 4792//113 4682//113 4684//113
f 4792//113 4684//113 4685//113
f 4722//113 4717//113 4803//113
f 4803//113 4717//113 4804//113
f 4804//338 4717//338 4805//338
f 4805//338 4717//338 4716//338
f 4805//8 4716//8 4806//8
f 4806//8 4716//8 4718//8
f 4718//1139 4722//1139 4806//1139
f 4806//1139 4722//1139 4803//1139
f 4720//1139 4723//1139 4807//1139
f 4807//1139 4723//1139 4808//1139
f 4723//113 4721//113 4808//113
f 4808//113 4721//113 4809//113
f 4809//338 4721//338 4810//338
f 4810//338 4721//338 4719//338
f 4810//8 4719//8 4807//8
f 4807//8 4719//8 4720//8
f 4737//5960 4811//5960 4812//5960
f 4737//5961 4812//5961 4738//5961
f 4738//5962 4812//5962 4813//5962
f 4738//5963 4813//5963 4814//5963
f 4815//5964 4816//5964 4739//5964
f 4817//5965 4742//5965 4818//5965
f 4818//5966 4742//5966 4741//5966
f 4819//5967 4820//5967 4741//5967
f 4741//5968 4820//5968 4821//5968
f 4741//5969 4821//5969 4818//5969
f 4819//5970 4741//5970 4822//5970
f 4822//5971 4741//5971 4740//5971
f 4822//5972 4740//5972 4823//5972
f 4824//5973 4825//5973 4725//5973
f 4725//5974 4825//5974 4826//5974
f 4725//5975 4826//5975 4740//5975
f 4740//5976 4826//5976 4827//5976
f 4740//5977 4827//5977 4823//5977
f 4824//5978 4725//5978 4828//5978
f 4828//5979 4725//5979 4724//5979
f 4828//5980 4724//5980 4829//5980
f 4739//5981 4816//5981 4724//5981
f 4724//5982 4816//5982 4830//5982
f 4724//5983 4830//5983 4829//5983
f 4738//5984 4814//5984 4739//5984
f 4739//5985 4814//5985 4831//5985
f 4739//5986 4831//5986 4815//5986
f 4742//5987 4817//5987 4832//5987
f 4742//5988 4832//5988 4743//5988
f 4743//5989 4832//5989 4833//5989
f 4743//5990 4833//5990 4834//5990
f 4835//5991 4836//5991 4746//5991
f 4837//5992 4749//5992 4838//5992
f 4838//5993 4749//5993 4748//5993
f 4839//5994 4840//5994 4747//5994
f 4747//5995 4840//5995 4841//5995
f 4747//5996 4841//5996 4748//5996
f 4748//5997 4841//5997 4842//5997
f 4748//5998 4842//5998 4838//5998
f 4836//5999 4843//5999 4746//5999
f 4746//6000 4843//6000 4844//6000
f 4746//6001 4844//6001 4747//6001
f 4747//6002 4844//6002 4845//6002
f 4747//6003 4845//6003 4839//6003
f 4835//6004 4746//6004 4846//6004
f 4846//6005 4746//6005 4745//6005
f 4846//6006 4745//6006 4847//6006
f 4744//6007 4848//6007 4849//6007
f 4744//6008 4849//6008 4745//6008
f 4745//6009 4849//6009 4850//6009
f 4745//6010 4850//6010 4847//6010
f 4743//6011 4834//6011 4851//6011
f 4743//6012 4851//6012 4744//6012
f 4744//6013 4851//6013 4852//6013
f 4744//6014 4852//6014 4848//6014
f 4749//6015 4837//6015 4853//6015
f 4749//6016 4853//6016 4750//6016
f 4750//6017 4853//6017 4854//6017
f 4750//6018 4854//6018 4855//6018
f 4856//6019 4730//6019 4857//6019
f 4857//6020 4730//6020 4729//6020
f 4857//6021 4729//6021 4858//6021
f 4858//6022 4729//6022 4859//6022
f 4860//6023 4861//6023 4728//6023
f 4728//6024 4861//6024 4862//6024
f 4728//6025 4862//6025 4729//6025
f 4729//6026 4862//6026 4863//6026
f 4729//6027 4863//6027 4859//6027
f 4860//6028 4728//6028 4864//6028
f 4864//6029 4728//6029 4727//6029
f 4864//6030 4727//6030 4865//6030
f 4866//6031 4867//6031 4726//6031
f 4726//6032 4867//6032 4868//6032
f 4726//6033 4868//6033 4727//6033
f 4727//6034 4868//6034 4869//6034
f 4727//6035 4869//6035 4865//6035
f 4751//6036 4870//6036 4871//6036
f 4751//6037 4871//6037 4726//6037
f 4726//6038 4871//6038 4872//6038
f 4726//6039 4872//6039 4866//6039
f 4870//6040 4751//6040 4873//6040
f 4873//6041 4751//6041 4750//6041
f 4873//6042 4750//6042 4855//6042
f 4730//6043 4856//6043 4874//6043
f 4730//6044 4874//6044 4731//6044
f 4731//6045 4874//6045 4875//6045
f 4731//6046 4875//6046 4876//6046
f 4877//6047 4878//6047 4734//6047
f 4811//6048 4737//6048 4879//6048
f 4879//6049 4737//6049 4736//6049
f 4880//6050 4881//6050 4735//6050
f 4735//6051 4881//6051 4882//6051
f 4735//6052 4882//6052 4736//6052
f 4736//6053 4882//6053 4883//6053
f 4736//6054 4883//6054 4879//6054
f 4878//6055 4884//6055 4734//6055
f 4734//6056 4884//6056 4885//6056
f 4734//6057 4885//6057 4735//6057
f 4735//6058 4885//6058 4886//6058
f 4735//6059 4886//6059 4880//6059
f 4877//6060 4734//6060 4887//6060
f 4887//6061 4734//6061 4733//6061
f 4887//6062 4733//6062 4888//6062
f 4732//6063 4889//6063 4890//6063
f 4732//6064 4890//6064 4733//6064
f 4733//6065 4890//6065 4891//6065
f 4733//6066 4891//6066 4888//6066
f 4731//6067 4876//6067 4892//6067
f 4731//6068 4892//6068 4732//6068
f 4732//6069 4892//6069 4893//6069
f 4732//6070 4893//6070 4889//6070
f 4894//6071 4895//6071 4800//6071
f 4796//6072 4783//6072 4896//6072
f 4800//6073 4776//6073 4894//6073
f 4894//6074 4776//6074 4799//6074
f 4894//6075 4799//6075 4897//6075
f 4897//6076 4799//6076 4798//6076
f 4897//6077 4798//6077 4898//6077
f 4898//6078 4798//6078 4797//6078
f 4898//6079 4797//6079 4899//6079
f 4899//6080 4797//6080 4796//6080
f 4899//6081 4796//6081 4900//6081
f 4900//6082 4796//6082 4896//6082
f 4756//6083 4752//6083 4758//6083
f 4758//6083 4752//6083 4753//6083
f 4759//6084 4896//6084 4757//6084
f 4757//6085 4896//6085 4783//6085
f 4757//6086 4783//6086 4756//6086
f 4756//6087 4783//6087 4780//6087
f 4756//6088 4780//6088 4752//6088
f 4759//6089 4758//6089 4896//6089
f 4896//6089 4758//6089 4753//6089
f 4896//6089 4753//6089 4901//6089
f 4901//6089 4753//6089 4755//6089
f 4901//6090 4755//6090 4780//6090
f 4780//6091 4755//6091 4754//6091
f 4780//6088 4754//6088 4752//6088
f 4902//6092 4901//6092 4780//6092
f 4778//6093 4777//6093 4903//6093
f 4903//6094 4904//6094 4778//6094
f 4778//6095 4904//6095 4905//6095
f 4778//6096 4905//6096 4779//6096
f 4779//6097 4905//6097 4906//6097
f 4779//6098 4906//6098 4782//6098
f 4782//6099 4906//6099 4902//6099
f 4782//6100 4902//6100 4781//6100
f 4781//6101 4902//6101 4780//6101
f 4767//6102 4766//6102 4907//6102
f 4765//6103 4777//6103 4802//6103
f 4907//6104 4766//6104 4802//6104
f 4802//6105 4766//6105 4764//6105
f 4802//6106 4764//6106 4765//6106
f 4907//6102 4903//6102 4767//6102
f 4767//6102 4903//6102 4760//6102
f 4767//6107 4760//6107 4765//6107
f 4765//6107 4760//6107 4761//6107
f 4765//6108 4761//6108 4777//6108
f 4777//6108 4761//6108 4763//6108
f 4777//6109 4763//6109 4903//6109
f 4903//6110 4763//6110 4762//6110
f 4903//6102 4762//6102 4760//6102
f 4908//6111 4907//6111 4802//6111
f 4801//6112 4785//6112 4909//6112
f 4909//6113 4910//6113 4801//6113
f 4801//6114 4910//6114 4911//6114
f 4801//6115 4911//6115 4795//6115
f 4795//6116 4911//6116 4912//6116
f 4795//6117 4912//6117 4790//6117
f 4790//6118 4912//6118 4913//6118
f 4790//6119 4913//6119 4791//6119
f 4791//6120 4913//6120 4908//6120
f 4791//6121 4908//6121 4792//6121
f 4792//6122 4908//6122 4802//6122
f 4773//6123 4771//6123 4772//6123
f 4772//6123 4771//6123 4768//6123
f 4770//6124 4909//6124 4769//6124
f 4769//6125 4909//6125 4785//6125
f 4769//6126 4785//6126 4768//6126
f 4768//6127 4785//6127 4784//6127
f 4768//6128 4784//6128 4772//6128
f 4770//6129 4771//6129 4909//6129
f 4909//6129 4771//6129 4773//6129
f 4909//6129 4773//6129 4914//6129
f 4914//6129 4773//6129 4774//6129
f 4914//6130 4774//6130 4784//6130
f 4784//6131 4774//6131 4775//6131
f 4784//6128 4775//6128 4772//6128
f 4914//6132 4784//6132 4915//6132
f 4915//6133 4784//6133 4788//6133
f 4915//6134 4788//6134 4916//6134
f 4916//6135 4788//6135 4787//6135
f 4916//6136 4787//6136 4917//6136
f 4786//6137 4918//6137 4787//6137
f 4787//6138 4918//6138 4919//6138
f 4787//6139 4919//6139 4917//6139
f 4920//6140 4921//6140 4786//6140
f 4921//6141 4922//6141 4786//6141
f 4786//6142 4922//6142 4923//6142
f 4786//6143 4923//6143 4918//6143
f 4786//6144 4789//6144 4920//6144
f 4920//6145 4789//6145 4794//6145
f 4920//6146 4794//6146 4924//6146
f 4793//6147 4925//6147 4794//6147
f 4794//6148 4925//6148 4926//6148
f 4794//6149 4926//6149 4924//6149
f 4808//6150 4925//6150 4807//6150
f 4807//6151 4925//6151 4793//6151
f 4807//6152 4793//6152 4810//6152
f 4793//6152 4800//6152 4810//6152
f 4810//6152 4800//6152 4806//6152
f 4810//6153 4806//6153 4809//6153
f 4809//6153 4806//6153 4803//6153
f 4808//6154 4809//6154 4925//6154
f 4925//6154 4809//6154 4803//6154
f 4925//6154 4803//6154 4895//6154
f 4895//6154 4803//6154 4804//6154
f 4895//6155 4804//6155 4800//6155
f 4800//6156 4804//6156 4805//6156
f 4800//6152 4805//6152 4806//6152
f 4813//6157 4812//6157 4927//6157
f 4927//6158 4812//6158 4928//6158
f 4832//6159 4817//6159 4929//6159
f 4929//6160 4817//6160 4930//6160
f 4814//6161 4813//6161 4931//6161
f 4931//6162 4813//6162 4927//6162
f 4816//6163 4932//6163 4933//6163
f 4934//6164 4935//6164 4936//6164
f 4936//6165 4935//6165 4930//6165
f 4936//6166 4930//6166 4817//6166
f 4937//6167 4938//6167 4939//6167
f 4939//6168 4938//6168 4940//6168
f 4941//6169 4942//6169 4934//6169
f 4934//6170 4942//6170 4943//6170
f 4943//6171 4944//6171 4934//6171
f 4934//6172 4944//6172 4945//6172
f 4934//6173 4945//6173 4935//6173
f 4946//6174 4947//6174 4937//6174
f 4932//6175 4948//6175 4933//6175
f 4933//6176 4948//6176 4949//6176
f 4933//6177 4949//6177 4950//6177
f 4950//6178 4949//6178 4951//6178
f 4950//6179 4951//6179 4946//6179
f 4946//6180 4951//6180 4952//6180
f 4946//6181 4952//6181 4947//6181
f 4931//6182 4953//6182 4932//6182
f 4932//6183 4953//6183 4954//6183
f 4932//6184 4954//6184 4948//6184
f 4814//6185 4931//6185 4831//6185
f 4831//6186 4931//6186 4932//6186
f 4831//6187 4932//6187 4815//6187
f 4815//6188 4932//6188 4816//6188
f 4825//6189 4824//6189 4946//6189
f 4946//6190 4824//6190 4828//6190
f 4946//6191 4828//6191 4950//6191
f 4950//6192 4828//6192 4829//6192
f 4950//6193 4829//6193 4933//6193
f 4933//6194 4829//6194 4830//6194
f 4933//6195 4830//6195 4816//6195
f 4937//6196 4939//6196 4946//6196
f 4946//6197 4939//6197 4826//6197
f 4946//6198 4826//6198 4825//6198
f 4822//6199 4823//6199 4939//6199
f 4939//6200 4823//6200 4827//6200
f 4939//6201 4827//6201 4826//6201
f 4940//6202 4941//6202 4939//6202
f 4939//6203 4941//6203 4934//6203
f 4939//6204 4934//6204 4822//6204
f 4822//6205 4934//6205 4819//6205
f 4817//6206 4818//6206 4936//6206
f 4936//6207 4818//6207 4821//6207
f 4936//6208 4821//6208 4934//6208
f 4934//6209 4821//6209 4820//6209
f 4934//6210 4820//6210 4819//6210
f 4833//6211 4832//6211 4955//6211
f 4955//6212 4832//6212 4929//6212
f 4834//6213 4833//6213 4956//6213
f 4956//6214 4833//6214 4955//6214
f 4837//6215 4957//6215 4958//6215
f 4958//6216 4957//6216 4959//6216
f 4959//6217 4957//6217 4960//6217
f 4960//6218 4957//6218 4961//6218
f 4960//6219 4961//6219 4962//6219
f 4963//6220 4964//6220 4961//6220
f 4961//6221 4964//6221 4965//6221
f 4961//6222 4965//6222 4962//6222
f 4966//6223 4967//6223 4963//6223
f 4963//6224 4967//6224 4968//6224
f 4963//6225 4968//6225 4964//6225
f 4969//6226 4970//6226 4971//6226
f 4971//6227 4970//6227 4972//6227
f 4971//6228 4972//6228 4973//6228
f 4973//6229 4972//6229 4974//6229
f 4973//6230 4974//6230 4975//6230
f 4956//6231 4976//6231 4977//6231
f 4977//6232 4976//6232 4978//6232
f 4977//6233 4978//6233 4975//6233
f 4848//6234 4852//6234 4977//6234
f 4977//6235 4852//6235 4851//6235
f 4977//6236 4851//6236 4956//6236
f 4956//6237 4851//6237 4834//6237
f 4975//6238 4974//6238 4977//6238
f 4977//6239 4974//6239 4849//6239
f 4977//6240 4849//6240 4848//6240
f 4836//6241 4835//6241 4970//6241
f 4970//6242 4835//6242 4846//6242
f 4970//6243 4846//6243 4972//6243
f 4972//6244 4846//6244 4847//6244
f 4972//6245 4847//6245 4974//6245
f 4974//6246 4847//6246 4850//6246
f 4974//6247 4850//6247 4849//6247
f 4969//6248 4966//6248 4970//6248
f 4970//6249 4966//6249 4963//6249
f 4970//6250 4963//6250 4836//6250
f 4836//6251 4963//6251 4843//6251
f 4840//6252 4839//6252 4961//6252
f 4961//6253 4839//6253 4845//6253
f 4961//6254 4845//6254 4963//6254
f 4963//6255 4845//6255 4844//6255
f 4963//6256 4844//6256 4843//6256
f 4837//6257 4838//6257 4957//6257
f 4957//6258 4838//6258 4842//6258
f 4957//6259 4842//6259 4961//6259
f 4961//6260 4842//6260 4841//6260
f 4961//6261 4841//6261 4840//6261
f 4853//6262 4837//6262 4979//6262
f 4979//6263 4837//6263 4958//6263
f 4854//6264 4853//6264 4980//6264
f 4980//6265 4853//6265 4979//6265
f 4855//6266 4854//6266 4981//6266
f 4981//6267 4854//6267 4980//6267
f 4873//6268 4855//6268 4981//6268
f 4982//6269 4983//6269 4984//6269
f 4984//6270 4983//6270 4985//6270
f 4984//6271 4985//6271 4986//6271
f 4986//6272 4985//6272 4987//6272
f 4986//6273 4987//6273 4856//6273
f 4988//6274 4989//6274 4990//6274
f 4990//6275 4989//6275 4991//6275
f 4990//6276 4991//6276 4992//6276
f 4988//6277 4993//6277 4994//6277
f 4994//6278 4993//6278 4995//6278
f 4994//6279 4995//6279 4996//6279
f 4996//6280 4995//6280 4997//6280
f 4996//6281 4997//6281 4998//6281
f 4981//6282 4999//6282 5000//6282
f 5000//6283 4999//6283 5001//6283
f 5000//6284 5001//6284 4998//6284
f 4873//6285 4981//6285 4870//6285
f 4870//6286 4981//6286 5000//6286
f 4870//6287 5000//6287 4871//6287
f 4998//6288 4997//6288 5000//6288
f 5000//6289 4997//6289 4872//6289
f 5000//6290 4872//6290 4871//6290
f 4865//6291 4869//6291 4993//6291
f 4993//6292 4869//6292 4868//6292
f 4993//6293 4868//6293 4995//6293
f 4995//6294 4868//6294 4867//6294
f 4995//6295 4867//6295 4997//6295
f 4997//6296 4867//6296 4866//6296
f 4997//6297 4866//6297 4872//6297
f 4988//6298 4990//6298 4993//6298
f 4993//6299 4990//6299 4864//6299
f 4993//6300 4864//6300 4865//6300
f 4862//6301 4861//6301 4990//6301
f 4990//6302 4861//6302 4860//6302
f 4990//6303 4860//6303 4864//6303
f 4992//6304 4982//6304 4990//6304
f 4990//6305 4982//6305 4984//6305
f 4990//6306 4984//6306 4862//6306
f 4862//6307 4984//6307 4863//6307
f 4856//6308 4857//6308 4986//6308
f 4986//6309 4857//6309 4858//6309
f 4986//6310 4858//6310 4984//6310
f 4984//6311 4858//6311 4859//6311
f 4984//6312 4859//6312 4863//6312
f 4874//6313 4856//6313 5002//6313
f 5002//6314 4856//6314 4987//6314
f 4875//6315 4874//6315 5003//6315
f 5003//6316 4874//6316 5002//6316
f 4876//6317 4875//6317 5004//6317
f 5004//6318 4875//6318 5003//6318
f 5005//6319 5006//6319 4811//6319
f 4878//6320 4877//6320 5007//6320
f 5008//6321 5009//6321 5010//6321
f 5011//6322 5012//6322 5006//6322
f 5013//6323 5014//6323 5005//6323
f 5005//6324 5014//6324 5015//6324
f 5005//6325 5015//6325 5006//6325
f 5006//6326 5015//6326 5016//6326
f 5006//6327 5016//6327 5011//6327
f 5009//6328 5017//6328 5010//6328
f 5010//6329 5017//6329 5018//6329
f 5010//6330 5018//6330 5013//6330
f 5013//6331 5018//6331 5019//6331
f 5013//6332 5019//6332 5014//6332
f 5020//6333 5004//6333 5021//6333
f 4889//6334 4893//6334 5020//6334
f 5020//6335 4893//6335 4892//6335
f 5020//6336 4892//6336 5004//6336
f 5004//6337 4892//6337 4876//6337
f 4889//6338 5020//6338 4890//6338
f 4890//6339 5020//6339 5022//6339
f 4890//6340 5022//6340 4891//6340
f 4891//6341 5022//6341 4888//6341
f 4888//6342 5022//6342 5023//6342
f 4888//6343 5023//6343 4887//6343
f 4877//6344 4887//6344 5007//6344
f 5007//6345 4887//6345 5023//6345
f 5007//6346 5023//6346 5024//6346
f 5024//6347 5023//6347 5022//6347
f 5024//6348 5022//6348 5025//6348
f 5025//6349 5022//6349 5020//6349
f 5025//6350 5020//6350 5026//6350
f 5026//6351 5020//6351 5021//6351
f 5024//6352 5008//6352 5007//6352
f 5007//6353 5008//6353 5010//6353
f 5007//6354 5010//6354 4878//6354
f 4878//6355 5010//6355 4884//6355
f 4881//6356 4880//6356 5013//6356
f 5013//6357 4880//6357 4886//6357
f 5013//6358 4886//6358 5010//6358
f 5010//6359 4886//6359 4885//6359
f 5010//6360 4885//6360 4884//6360
f 4811//6361 4879//6361 5005//6361
f 5005//6362 4879//6362 4883//6362
f 5005//6363 4883//6363 5013//6363
f 5013//6364 4883//6364 4882//6364
f 5013//6365 4882//6365 4881//6365
f 5012//6366 5027//6366 5006//6366
f 5006//6367 5027//6367 5028//6367
f 5006//6368 5028//6368 5029//6368
f 4812//6369 4811//6369 4928//6369
f 4928//6370 4811//6370 5006//6370
f 4928//6371 5006//6371 5029//6371
f 5030//6372 5031//6372 5032//6372
f 5032//6373 5031//6373 5033//6373
f 5032//6374 5033//6374 5034//6374
f 5034//6375 5033//6375 5035//6375
f 5035//6376 5033//6376 5036//6376
f 5035//6377 5036//6377 5037//6377
f 5037//6378 5036//6378 5038//6378
f 5037//6379 5038//6379 5039//6379
f 5039//6379 5038//6379 5040//6379
f 5039//6380 5040//6380 5041//6380
f 5041//6381 5040//6381 5042//6381
f 5041//6382 5042//6382 5043//6382
f 5043//6383 5042//6383 5044//6383
f 5043//6384 5044//6384 5045//6384
f 5045//6385 5044//6385 5046//6385
f 5045//6386 5046//6386 5047//6386
f 5048//6387 5049//6387 5050//6387
f 5050//6387 5049//6387 5051//6387
f 5050//8 5051//8 5052//8
f 5052//8 5051//8 5053//8
f 5053//6388 5054//6388 5052//6388
f 5052//6388 5054//6388 5055//6388
f 5056//6387 5057//6387 5058//6387
f 5058//6387 5057//6387 5059//6387
f 5058//8 5059//8 5060//8
f 5060//8 5059//8 5061//8
f 5061//6388 5062//6388 5060//6388
f 5060//6388 5062//6388 5063//6388
f 4900//113 4896//113 5056//113
f 5057//117 5063//117 5062//117
f 4903//113 5064//113 5065//113
f 4906//113 4905//113 4904//113
f 5066//113 5067//113 4903//113
f 4903//113 5067//113 5068//113
f 4903//113 5068//113 5064//113
f 4904//117 4903//117 4906//117
f 4906//117 4903//117 5065//117
f 4906//113 5065//113 4902//113
f 4902//113 5065//113 5069//113
f 5070//113 4896//113 5069//113
f 5069//117 4896//117 4901//117
f 5069//113 4901//113 4902//113
f 5057//117 5056//117 5063//117
f 5063//113 5056//113 4896//113
f 5063//117 4896//117 5071//117
f 5071//117 4896//117 5070//117
f 4894//113 4897//113 4898//113
f 5048//113 4914//113 5055//113
f 5055//113 4914//113 4915//113
f 5055//113 4915//113 4916//113
f 5049//113 4907//113 5031//113
f 5031//113 4907//113 5033//113
f 4916//113 4917//113 5055//113
f 5055//113 4917//113 4919//113
f 5055//113 4919//113 4918//113
f 4924//113 5055//113 4920//113
f 4920//113 5055//113 4921//113
f 4924//113 4926//113 5055//113
f 5055//117 4926//117 4925//117
f 5055//113 4925//113 5056//113
f 5056//113 4925//113 4895//113
f 5056//113 4895//113 4900//113
f 4900//113 4895//113 4894//113
f 4900//113 4894//113 4899//113
f 4899//113 4894//113 4898//113
f 4918//113 4923//113 5055//113
f 5055//113 4923//113 4922//113
f 5055//113 4922//113 4921//113
f 4913//113 4912//113 4908//113
f 4908//113 4912//113 4911//113
f 4908//113 4911//113 4907//113
f 5048//117 5055//117 5049//117
f 5049//117 5055//117 5054//117
f 5049//113 5054//113 4907//113
f 4907//113 5054//113 5057//113
f 4907//113 5057//113 4903//113
f 4903//113 5057//113 5062//113
f 4903//113 5062//113 5066//113
f 5048//113 5046//113 4914//113
f 4914//113 5046//113 5044//113
f 4914//113 5044//113 4909//113
f 4909//117 5044//117 5042//117
f 4909//113 5042//113 4910//113
f 4910//113 5042//113 5040//113
f 4910//113 5040//113 4911//113
f 4911//113 5040//113 5038//113
f 4911//113 5038//113 4907//113
f 4907//113 5038//113 5036//113
f 4907//113 5036//113 5033//113
f 5072//6389 5071//6389 5073//6389
f 5073//6390 5071//6390 5070//6390
f 5073//6391 5070//6391 5074//6391
f 5074//6392 5070//6392 5075//6392
f 5075//6393 5070//6393 5069//6393
f 5075//6394 5069//6394 5076//6394
f 5076//6395 5069//6395 5065//6395
f 5076//6396 5065//6396 5077//6396
f 5077//6396 5065//6396 5064//6396
f 5077//6397 5064//6397 5078//6397
f 5078//6398 5064//6398 5068//6398
f 5078//6399 5068//6399 5079//6399
f 5079//6400 5068//6400 5067//6400
f 5079//6401 5067//6401 5080//6401
f 5080//6402 5067//6402 5066//6402
f 5080//6403 5066//6403 5081//6403
f 4928//6404 5082//6404 4927//6404
f 4927//6405 5082//6405 5083//6405
f 4927//6406 5083//6406 4931//6406
f 4931//6407 5083//6407 5084//6407
f 4931//6408 5084//6408 4953//6408
f 4953//6409 5084//6409 4954//6409
f 4954//6410 5084//6410 5085//6410
f 4954//6411 5085//6411 4948//6411
f 4948//6412 5085//6412 5086//6412
f 4948//6413 5086//6413 4949//6413
f 5086//6414 5087//6414 4949//6414
f 4949//6415 5087//6415 5088//6415
f 4949//6416 5088//6416 4951//6416
f 4951//6417 5088//6417 5089//6417
f 4951//6418 5089//6418 4952//6418
f 4952//6419 5089//6419 5090//6419
f 4952//6420 5090//6420 4947//6420
f 4947//6421 5090//6421 4937//6421
f 5090//6422 5091//6422 4937//6422
f 4937//6423 5091//6423 5092//6423
f 4937//6424 5092//6424 4938//6424
f 4938//6425 5092//6425 5093//6425
f 4944//6426 4943//6426 5094//6426
f 5094//6427 4943//6427 4942//6427
f 5094//6428 4942//6428 5095//6428
f 5095//6429 4942//6429 4941//6429
f 5095//6430 4941//6430 5093//6430
f 5093//6431 4941//6431 4940//6431
f 5093//6432 4940//6432 4938//6432
f 4944//6433 5094//6433 4945//6433
f 4945//6434 5094//6434 5096//6434
f 4945//6435 5096//6435 4935//6435
f 4935//6436 5096//6436 4930//6436
f 4930//6437 5096//6437 5097//6437
f 4930//6438 5097//6438 4929//6438
f 4955//6439 4929//6439 5098//6439
f 5098//6440 4929//6440 5097//6440
f 4955//6441 5098//6441 4956//6441
f 4956//6442 5098//6442 5099//6442
f 4956//6443 5099//6443 4976//6443
f 4976//6444 5099//6444 4978//6444
f 4978//6445 5099//6445 5100//6445
f 4978//6446 5100//6446 4975//6446
f 4975//6447 5100//6447 5101//6447
f 4975//6448 5101//6448 4973//6448
f 4973//6449 5101//6449 5102//6449
f 4973//6450 5102//6450 4971//6450
f 5102//6451 5103//6451 4971//6451
f 4971//6452 5103//6452 5104//6452
f 4971//6453 5104//6453 4969//6453
f 5104//6454 5105//6454 4969//6454
f 4969//6455 5105//6455 5106//6455
f 4969//6456 5106//6456 4966//6456
f 4966//6457 5106//6457 5107//6457
f 4966//6458 5107//6458 4967//6458
f 4967//6459 5107//6459 5108//6459
f 5109//6460 4962//6460 5110//6460
f 5110//6461 4962//6461 4965//6461
f 5110//6462 4965//6462 5111//6462
f 5111//6463 4965//6463 4964//6463
f 5111//6464 4964//6464 5108//6464
f 5108//6465 4964//6465 4968//6465
f 5108//6466 4968//6466 4967//6466
f 4979//6467 4958//6467 5112//6467
f 5112//6468 4958//6468 4959//6468
f 5112//6469 4959//6469 5109//6469
f 5109//6470 4959//6470 4960//6470
f 5109//6471 4960//6471 4962//6471
f 4980//6472 4979//6472 5113//6472
f 5113//6473 4979//6473 5112//6473
f 4980//6474 5113//6474 4981//6474
f 4981//6475 5113//6475 5114//6475
f 4981//6476 5114//6476 4999//6476
f 4999//6477 5114//6477 5001//6477
f 5001//6478 5114//6478 5115//6478
f 5001//6479 5115//6479 4998//6479
f 4998//6480 5115//6480 5116//6480
f 4998//6481 5116//6481 4996//6481
f 4996//6482 5116//6482 5117//6482
f 4996//6483 5117//6483 4994//6483
f 5117//6484 5118//6484 4994//6484
f 4994//6485 5118//6485 5119//6485
f 4994//6486 5119//6486 4988//6486
f 5119//6487 5120//6487 4988//6487
f 4988//6488 5120//6488 5121//6488
f 4988//6489 5121//6489 4989//6489
f 4989//6490 5121//6490 5122//6490
f 4989//6491 5122//6491 4991//6491
f 4991//6492 5122//6492 5123//6492
f 4991//6493 5123//6493 4992//6493
f 4992//6494 5123//6494 4982//6494
f 4982//6495 5123//6495 5124//6495
f 4982//6496 5124//6496 4983//6496
f 4983//6497 5124//6497 5125//6497
f 4983//6498 5125//6498 4985//6498
f 4985//6499 5125//6499 5126//6499
f 4985//6500 5126//6500 4987//6500
f 4987//6501 5126//6501 5127//6501
f 4987//6502 5127//6502 5002//6502
f 5002//6503 5127//6503 5003//6503
f 5003//6504 5127//6504 5128//6504
f 5003//6505 5128//6505 5004//6505
f 5004//6506 5128//6506 5129//6506
f 5082//6507 4928//6507 5029//6507
f 5082//6508 5029//6508 5130//6508
f 5130//6509 5029//6509 5028//6509
f 5130//6510 5028//6510 5131//6510
f 5131//6511 5028//6511 5027//6511
f 5131//6512 5027//6512 5132//6512
f 5132//6513 5027//6513 5012//6513
f 5132//6514 5012//6514 5133//6514
f 5012//6515 5011//6515 5133//6515
f 5133//6516 5011//6516 5016//6516
f 5133//6517 5016//6517 5134//6517
f 5134//6518 5016//6518 5015//6518
f 5134//6519 5015//6519 5135//6519
f 5135//6520 5015//6520 5014//6520
f 5135//6521 5014//6521 5136//6521
f 5136//6522 5014//6522 5137//6522
f 5137//6523 5014//6523 5019//6523
f 5137//6524 5019//6524 5138//6524
f 5008//6525 5139//6525 5009//6525
f 5009//6526 5139//6526 5140//6526
f 5009//6527 5140//6527 5017//6527
f 5017//6528 5140//6528 5138//6528
f 5017//6529 5138//6529 5018//6529
f 5018//6530 5138//6530 5019//6530
f 5024//6531 5141//6531 5008//6531
f 5008//6532 5141//6532 5142//6532
f 5008//6533 5142//6533 5139//6533
f 5143//6534 5144//6534 5024//6534
f 5024//6535 5144//6535 5145//6535
f 5024//6536 5145//6536 5141//6536
f 5024//6537 5025//6537 5143//6537
f 5143//6538 5025//6538 5026//6538
f 5143//6539 5026//6539 5129//6539
f 5129//6540 5026//6540 5021//6540
f 5129//6541 5021//6541 5004//6541
f 5081//6542 5066//6542 5062//6542
f 5062//6543 5061//6543 5081//6543
f 5081//6544 5061//6544 5059//6544
f 5081//6544 5059//6544 5030//6544
f 5049//6545 5031//6545 5051//6545
f 5051//6546 5031//6546 5030//6546
f 5051//6544 5030//6544 5053//6544
f 5053//6544 5030//6544 5059//6544
f 5053//6545 5059//6545 5054//6545
f 5054//6545 5059//6545 5057//6545
f 5046//6547 5048//6547 5047//6547
f 5047//6548 5048//6548 5050//6548
f 5055//6549 5056//6549 5052//6549
f 5052//6549 5056//6549 5058//6549
f 5063//6549 5071//6549 5060//6549
f 5060//6550 5071//6550 5072//6550
f 5060//6551 5072//6551 5058//6551
f 5058//6551 5072//6551 5047//6551
f 5058//6551 5047//6551 5052//6551
f 5052//6551 5047//6551 5050//6551
f 5083//6552 5082//6552 5146//6552
f 5083//6553 5146//6553 5147//6553
f 5146//6554 5148//6554 5147//6554
f 5147//6555 5148//6555 5149//6555
f 5147//6556 5149//6556 5150//6556
f 5150//6557 5149//6557 5151//6557
f 5151//6558 5149//6558 5152//6558
f 5151//6559 5152//6559 5153//6559
f 5150//6560 5151//6560 5154//6560
f 5088//6561 5087//6561 5155//6561
f 5155//6562 5087//6562 5086//6562
f 5155//6563 5086//6563 5156//6563
f 5156//6564 5086//6564 5085//6564
f 5156//6565 5085//6565 5157//6565
f 5157//6566 5085//6566 5084//6566
f 5157//6567 5084//6567 5083//6567
f 5088//6568 5155//6568 5089//6568
f 5089//6569 5155//6569 5158//6569
f 5089//6570 5158//6570 5090//6570
f 5159//6571 5092//6571 5158//6571
f 5158//6572 5092//6572 5091//6572
f 5158//6573 5091//6573 5090//6573
f 5160//6574 5095//6574 5159//6574
f 5159//6575 5095//6575 5093//6575
f 5159//6576 5093//6576 5092//6576
f 5161//6577 5097//6577 5162//6577
f 5162//6578 5097//6578 5096//6578
f 5162//6579 5096//6579 5160//6579
f 5160//6580 5096//6580 5094//6580
f 5160//6581 5094//6581 5095//6581
f 5163//6582 5164//6582 5165//6582
f 5165//6583 5164//6583 5166//6583
f 5165//6584 5166//6584 5167//6584
f 5168//6585 5169//6585 5167//6585
f 5167//6586 5169//6586 5170//6586
f 5167//6587 5170//6587 5165//6587
f 5171//6588 5172//6588 5168//6588
f 5168//6589 5172//6589 5173//6589
f 5168//6590 5173//6590 5169//6590
f 5174//6591 5175//6591 5171//6591
f 5171//6592 5175//6592 5176//6592
f 5171//6593 5176//6593 5172//6593
f 5151//6594 5153//6594 5154//6594
f 5154//6595 5153//6595 5177//6595
f 5154//6596 5177//6596 5178//6596
f 5178//6597 5177//6597 5179//6597
f 5178//6598 5179//6598 5174//6598
f 5174//6599 5179//6599 5180//6599
f 5174//6600 5180//6600 5175//6600
f 5083//6601 5147//6601 5157//6601
f 5157//6602 5147//6602 5181//6602
f 5157//6603 5181//6603 5156//6603
f 5156//6604 5181//6604 5182//6604
f 5156//6605 5182//6605 5155//6605
f 5155//6606 5182//6606 5183//6606
f 5155//6607 5183//6607 5158//6607
f 5158//6608 5183//6608 5184//6608
f 5158//6609 5184//6609 5159//6609
f 5159//6610 5184//6610 5185//6610
f 5159//6611 5185//6611 5160//6611
f 5160//6612 5185//6612 5186//6612
f 5160//6613 5186//6613 5162//6613
f 5162//6614 5186//6614 5187//6614
f 5162//6615 5187//6615 5161//6615
f 5161//6616 5187//6616 5188//6616
f 5147//6617 5150//6617 5181//6617
f 5181//6618 5150//6618 5154//6618
f 5181//6619 5154//6619 5182//6619
f 5182//6620 5154//6620 5178//6620
f 5182//6621 5178//6621 5183//6621
f 5183//6622 5178//6622 5174//6622
f 5183//6623 5174//6623 5184//6623
f 5184//6624 5174//6624 5171//6624
f 5184//6625 5171//6625 5185//6625
f 5185//6626 5171//6626 5168//6626
f 5185//6627 5168//6627 5186//6627
f 5186//6628 5168//6628 5167//6628
f 5186//6629 5167//6629 5187//6629
f 5187//6630 5167//6630 5166//6630
f 5187//6631 5166//6631 5188//6631
f 5188//6632 5166//6632 5164//6632
f 5098//6633 5097//6633 5189//6633
f 5189//6634 5097//6634 5161//6634
f 5189//6635 5161//6635 5188//6635
f 5163//6636 5190//6636 5164//6636
f 5164//6637 5190//6637 5191//6637
f 5164//6638 5191//6638 5188//6638
f 5188//6639 5191//6639 5192//6639
f 5188//6640 5192//6640 5189//6640
f 5192//6641 5191//6641 5193//6641
f 5103//6642 5102//6642 5194//6642
f 5194//6643 5102//6643 5101//6643
f 5194//6644 5101//6644 5195//6644
f 5195//6645 5101//6645 5100//6645
f 5195//6646 5100//6646 5196//6646
f 5196//6647 5100//6647 5099//6647
f 5196//6648 5099//6648 5098//6648
f 5103//6649 5194//6649 5104//6649
f 5104//6650 5194//6650 5197//6650
f 5104//6651 5197//6651 5105//6651
f 5198//6652 5107//6652 5197//6652
f 5197//6653 5107//6653 5106//6653
f 5197//6654 5106//6654 5105//6654
f 5199//6655 5111//6655 5198//6655
f 5198//6656 5111//6656 5108//6656
f 5198//6657 5108//6657 5107//6657
f 5200//6658 5112//6658 5201//6658
f 5201//6659 5112//6659 5109//6659
f 5201//6660 5109//6660 5199//6660
f 5199//6661 5109//6661 5110//6661
f 5199//6662 5110//6662 5111//6662
f 5202//6663 5203//6663 5204//6663
f 5204//6664 5203//6664 5205//6664
f 5204//6665 5205//6665 5206//6665
f 5207//6666 5208//6666 5206//6666
f 5206//6667 5208//6667 5209//6667
f 5206//6668 5209//6668 5204//6668
f 5210//6669 5211//6669 5207//6669
f 5207//6670 5211//6670 5212//6670
f 5207//6671 5212//6671 5208//6671
f 5213//6672 5214//6672 5210//6672
f 5210//6673 5214//6673 5215//6673
f 5210//6674 5215//6674 5211//6674
f 5191//6675 5190//6675 5193//6675
f 5193//6676 5190//6676 5216//6676
f 5193//6677 5216//6677 5217//6677
f 5217//6678 5216//6678 5218//6678
f 5217//6679 5218//6679 5213//6679
f 5213//6680 5218//6680 5219//6680
f 5213//6681 5219//6681 5214//6681
f 5098//6682 5189//6682 5196//6682
f 5196//6683 5189//6683 5220//6683
f 5196//6684 5220//6684 5195//6684
f 5195//6685 5220//6685 5221//6685
f 5195//6686 5221//6686 5194//6686
f 5194//6687 5221//6687 5222//6687
f 5194//6688 5222//6688 5197//6688
f 5197//6689 5222//6689 5223//6689
f 5197//6690 5223//6690 5198//6690
f 5198//6691 5223//6691 5224//6691
f 5198//6692 5224//6692 5199//6692
f 5199//6693 5224//6693 5225//6693
f 5199//6694 5225//6694 5201//6694
f 5201//6695 5225//6695 5226//6695
f 5201//6696 5226//6696 5200//6696
f 5200//6697 5226//6697 5227//6697
f 5189//6698 5192//6698 5220//6698
f 5220//6699 5192//6699 5193//6699
f 5220//6700 5193//6700 5221//6700
f 5221//6701 5193//6701 5217//6701
f 5221//6702 5217//6702 5222//6702
f 5222//6703 5217//6703 5213//6703
f 5222//6704 5213//6704 5223//6704
f 5223//6705 5213//6705 5210//6705
f 5223//6706 5210//6706 5224//6706
f 5224//6707 5210//6707 5207//6707
f 5224//6708 5207//6708 5225//6708
f 5225//6709 5207//6709 5206//6709
f 5225//6710 5206//6710 5226//6710
f 5226//6711 5206//6711 5205//6711
f 5226//6712 5205//6712 5227//6712
f 5227//6713 5205//6713 5203//6713
f 5113//6714 5112//6714 5228//6714
f 5228//6715 5112//6715 5200//6715
f 5228//6716 5200//6716 5227//6716
f 5202//6717 5229//6717 5203//6717
f 5203//6718 5229//6718 5230//6718
f 5203//6719 5230//6719 5227//6719
f 5227//6720 5230//6720 5231//6720
f 5227//6721 5231//6721 5228//6721
f 5231//6722 5230//6722 5232//6722
f 5118//6723 5117//6723 5233//6723
f 5233//6724 5117//6724 5116//6724
f 5233//6725 5116//6725 5234//6725
f 5234//6726 5116//6726 5115//6726
f 5234//6727 5115//6727 5235//6727
f 5235//6728 5115//6728 5114//6728
f 5235//6729 5114//6729 5113//6729
f 5118//6730 5233//6730 5119//6730
f 5119//6731 5233//6731 5236//6731
f 5119//6732 5236//6732 5120//6732
f 5237//6733 5122//6733 5236//6733
f 5236//6734 5122//6734 5121//6734
f 5236//6735 5121//6735 5120//6735
f 5238//6736 5124//6736 5237//6736
f 5237//6737 5124//6737 5123//6737
f 5237//6738 5123//6738 5122//6738
f 5239//6739 5127//6739 5240//6739
f 5240//6740 5127//6740 5126//6740
f 5240//6741 5126//6741 5238//6741
f 5238//6742 5126//6742 5125//6742
f 5238//6743 5125//6743 5124//6743
f 5241//6744 5242//6744 5243//6744
f 5243//6745 5242//6745 5244//6745
f 5243//6746 5244//6746 5245//6746
f 5246//6747 5247//6747 5245//6747
f 5245//6748 5247//6748 5248//6748
f 5245//6749 5248//6749 5243//6749
f 5249//6750 5250//6750 5246//6750
f 5246//6751 5250//6751 5251//6751
f 5246//6752 5251//6752 5247//6752
f 5252//6753 5253//6753 5249//6753
f 5249//6754 5253//6754 5254//6754
f 5249//6755 5254//6755 5250//6755
f 5230//6756 5229//6756 5232//6756
f 5232//6757 5229//6757 5255//6757
f 5232//6758 5255//6758 5256//6758
f 5256//6759 5255//6759 5257//6759
f 5256//6760 5257//6760 5252//6760
f 5252//6761 5257//6761 5258//6761
f 5252//6762 5258//6762 5253//6762
f 5113//6763 5228//6763 5235//6763
f 5235//6764 5228//6764 5259//6764
f 5235//6765 5259//6765 5234//6765
f 5234//6766 5259//6766 5260//6766
f 5234//6767 5260//6767 5233//6767
f 5233//6768 5260//6768 5261//6768
f 5233//6769 5261//6769 5236//6769
f 5236//6770 5261//6770 5262//6770
f 5236//6771 5262//6771 5237//6771
f 5237//6772 5262//6772 5263//6772
f 5237//6773 5263//6773 5238//6773
f 5238//6774 5263//6774 5264//6774
f 5238//6775 5264//6775 5240//6775
f 5240//6776 5264//6776 5265//6776
f 5240//6777 5265//6777 5239//6777
f 5239//6778 5265//6778 5266//6778
f 5228//6779 5231//6779 5259//6779
f 5259//6780 5231//6780 5232//6780
f 5259//6781 5232//6781 5260//6781
f 5260//6782 5232//6782 5256//6782
f 5260//6783 5256//6783 5261//6783
f 5261//6784 5256//6784 5252//6784
f 5261//6785 5252//6785 5262//6785
f 5262//6786 5252//6786 5249//6786
f 5262//6787 5249//6787 5263//6787
f 5263//6788 5249//6788 5246//6788
f 5263//6789 5246//6789 5264//6789
f 5264//6790 5246//6790 5245//6790
f 5264//6791 5245//6791 5265//6791
f 5265//6792 5245//6792 5244//6792
f 5265//6793 5244//6793 5266//6793
f 5266//6794 5244//6794 5242//6794
f 5128//6795 5127//6795 5267//6795
f 5267//6796 5127//6796 5239//6796
f 5267//6797 5239//6797 5266//6797
f 5241//6798 5268//6798 5242//6798
f 5242//6799 5268//6799 5269//6799
f 5242//6800 5269//6800 5266//6800
f 5266//6801 5269//6801 5270//6801
f 5266//6802 5270//6802 5267//6802
f 5270//6803 5269//6803 5271//6803
f 5272//6804 5273//6804 5274//6804
f 5148//6805 5146//6805 5275//6805
f 5128//6806 5276//6806 5129//6806
f 5129//6807 5276//6807 5277//6807
f 5129//6808 5277//6808 5143//6808
f 5143//6809 5277//6809 5144//6809
f 5144//6810 5277//6810 5278//6810
f 5144//6811 5278//6811 5145//6811
f 5145//6812 5278//6812 5141//6812
f 5141//6813 5278//6813 5279//6813
f 5141//6814 5279//6814 5142//6814
f 5082//6815 5130//6815 5146//6815
f 5146//6816 5130//6816 5131//6816
f 5146//6817 5131//6817 5132//6817
f 5135//6818 5275//6818 5134//6818
f 5134//6819 5275//6819 5146//6819
f 5134//6820 5146//6820 5133//6820
f 5133//6821 5146//6821 5132//6821
f 5135//6822 5136//6822 5275//6822
f 5275//6823 5136//6823 5137//6823
f 5275//6824 5137//6824 5280//6824
f 5280//6825 5137//6825 5138//6825
f 5280//6826 5138//6826 5281//6826
f 5281//6827 5138//6827 5140//6827
f 5281//6828 5140//6828 5279//6828
f 5279//6829 5140//6829 5139//6829
f 5279//6830 5139//6830 5142//6830
f 5282//6831 5283//6831 5274//6831
f 5274//6832 5283//6832 5284//6832
f 5274//6833 5284//6833 5272//6833
f 5285//6834 5286//6834 5282//6834
f 5282//6835 5286//6835 5287//6835
f 5282//6836 5287//6836 5283//6836
f 5288//6837 5289//6837 5285//6837
f 5285//6838 5289//6838 5290//6838
f 5285//6839 5290//6839 5286//6839
f 5269//6840 5268//6840 5271//6840
f 5271//6841 5268//6841 5291//6841
f 5271//6842 5291//6842 5292//6842
f 5292//6843 5291//6843 5293//6843
f 5292//6844 5293//6844 5288//6844
f 5288//6845 5293//6845 5294//6845
f 5288//6846 5294//6846 5289//6846
f 5128//6847 5267//6847 5276//6847
f 5276//6848 5267//6848 5295//6848
f 5276//6849 5295//6849 5277//6849
f 5277//6850 5295//6850 5296//6850
f 5277//6851 5296//6851 5278//6851
f 5278//6852 5296//6852 5297//6852
f 5278//6853 5297//6853 5279//6853
f 5279//6854 5297//6854 5298//6854
f 5279//6855 5298//6855 5281//6855
f 5281//6856 5298//6856 5299//6856
f 5281//6857 5299//6857 5280//6857
f 5280//6858 5299//6858 5300//6858
f 5280//6859 5300//6859 5275//6859
f 5275//6860 5300//6860 5301//6860
f 5275//6861 5301//6861 5148//6861
f 5148//6862 5301//6862 5149//6862
f 5267//6863 5270//6863 5295//6863
f 5295//6864 5270//6864 5271//6864
f 5295//6865 5271//6865 5296//6865
f 5296//6866 5271//6866 5292//6866
f 5296//6867 5292//6867 5297//6867
f 5297//6868 5292//6868 5288//6868
f 5297//6869 5288//6869 5298//6869
f 5298//6870 5288//6870 5285//6870
f 5298//6871 5285//6871 5299//6871
f 5299//6872 5285//6872 5282//6872
f 5299//6873 5282//6873 5300//6873
f 5300//6874 5282//6874 5274//6874
f 5300//6875 5274//6875 5301//6875
f 5301//6876 5274//6876 5273//6876
f 5301//6877 5273//6877 5149//6877
f 5149//6878 5273//6878 5272//6878
f 5149//6879 5272//6879 5152//6879
f 5302//6880 5303//6880 5304//6880
f 5305//6881 5306//6881 5307//6881
f 5043//6882 5045//6882 5308//6882
f 5309//6883 5310//6883 5311//6883
f 5311//6884 5310//6884 5312//6884
f 5311//6885 5312//6885 5313//6885
f 5313//6886 5312//6886 5314//6886
f 5315//6887 5316//6887 5317//6887
f 5043//6888 5308//6888 5041//6888
f 5308//6889 5318//6889 5041//6889
f 5041//6890 5318//6890 5319//6890
f 5041//6891 5319//6891 5039//6891
f 5039//6892 5319//6892 5320//6892
f 5039//6893 5320//6893 5037//6893
f 5037//6894 5320//6894 5321//6894
f 5037//6895 5321//6895 5035//6895
f 5035//6896 5321//6896 5034//6896
f 5034//6897 5321//6897 5307//6897
f 5034//6898 5307//6898 5032//6898
f 5032//6899 5307//6899 5306//6899
f 5032//6900 5306//6900 5030//6900
f 5322//6901 5323//6901 5324//6901
f 5310//6902 5325//6902 5312//6902
f 5312//6903 5325//6903 5326//6903
f 5312//6904 5326//6904 5327//6904
f 5327//6905 5326//6905 5328//6905
f 5327//6906 5328//6906 5329//6906
f 5329//6907 5328//6907 5330//6907
f 5329//6907 5330//6907 5331//6907
f 5331//6908 5330//6908 5332//6908
f 5331//6909 5332//6909 5333//6909
f 5333//6910 5332//6910 5322//6910
f 5333//6911 5322//6911 5334//6911
f 5334//6912 5322//6912 5324//6912
f 5303//6913 5305//6913 5304//6913
f 5304//6914 5305//6914 5307//6914
f 5304//6915 5307//6915 5335//6915
f 5335//6916 5307//6916 5321//6916
f 5335//6917 5321//6917 5336//6917
f 5336//6918 5321//6918 5320//6918
f 5336//6919 5320//6919 5337//6919
f 5337//6919 5320//6919 5319//6919
f 5337//6920 5319//6920 5338//6920
f 5338//6921 5319//6921 5318//6921
f 5338//6922 5318//6922 5317//6922
f 5317//6923 5318//6923 5308//6923
f 5317//6924 5308//6924 5315//6924
f 5315//6925 5308//6925 5045//6925
f 5315//6926 5045//6926 5047//6926
f 5316//6927 5314//6927 5317//6927
f 5317//6928 5314//6928 5312//6928
f 5317//6929 5312//6929 5338//6929
f 5338//6930 5312//6930 5327//6930
f 5338//6931 5327//6931 5337//6931
f 5337//6932 5327//6932 5329//6932
f 5337//6933 5329//6933 5336//6933
f 5336//6933 5329//6933 5331//6933
f 5336//6934 5331//6934 5335//6934
f 5335//6935 5331//6935 5333//6935
f 5335//6936 5333//6936 5304//6936
f 5304//6937 5333//6937 5334//6937
f 5304//6938 5334//6938 5302//6938
f 5302//6939 5334//6939 5324//6939
f 5323//6940 5339//6940 5324//6940
f 5324//6940 5339//6940 5340//6940
f 5324//6941 5340//6941 5302//6941
f 5302//6941 5340//6941 5341//6941
f 5302//6942 5341//6942 5303//6942
f 5303//6942 5341//6942 5342//6942
f 5303//6943 5342//6943 5305//6943
f 5305//6943 5342//6943 5343//6943
f 5305//6944 5343//6944 5306//6944
f 5306//6944 5343//6944 5344//6944
f 5306//6945 5344//6945 5030//6945
f 5030//6945 5344//6945 5081//6945
f 5345//6946 5346//6946 5347//6946
f 5348//6947 5349//6947 5350//6947
f 5078//6948 5079//6948 5351//6948
f 5351//6949 5079//6949 5080//6949
f 5351//6950 5080//6950 5081//6950
f 5351//6951 5352//6951 5078//6951
f 5078//6952 5352//6952 5353//6952
f 5078//6953 5353//6953 5077//6953
f 5077//6954 5353//6954 5354//6954
f 5077//6954 5354//6954 5076//6954
f 5076//6955 5354//6955 5355//6955
f 5076//6956 5355//6956 5075//6956
f 5075//6957 5355//6957 5074//6957
f 5074//6958 5355//6958 5350//6958
f 5074//6959 5350//6959 5073//6959
f 5073//6960 5350//6960 5349//6960
f 5073//6961 5349//6961 5072//6961
f 5356//6962 5357//6962 5358//6962
f 5358//6963 5359//6963 5356//6963
f 5356//6964 5359//6964 5360//6964
f 5356//6965 5360//6965 5361//6965
f 5361//6966 5360//6966 5362//6966
f 5361//6967 5362//6967 5363//6967
f 5363//6968 5362//6968 5364//6968
f 5363//6968 5364//6968 5365//6968
f 5365//6969 5364//6969 5366//6969
f 5365//6970 5366//6970 5367//6970
f 5367//6971 5366//6971 5368//6971
f 5367//6972 5368//6972 5369//6972
f 5339//6973 5369//6973 5340//6973
f 5340//6974 5369//6974 5368//6974
f 5340//6975 5368//6975 5341//6975
f 5341//6976 5368//6976 5342//6976
f 5344//6977 5343//6977 5370//6977
f 5358//6978 5345//6978 5359//6978
f 5359//6979 5345//6979 5347//6979
f 5359//6980 5347//6980 5360//6980
f 5360//6981 5347//6981 5371//6981
f 5360//6982 5371//6982 5362//6982
f 5362//6983 5371//6983 5372//6983
f 5362//6984 5372//6984 5364//6984
f 5364//6984 5372//6984 5373//6984
f 5364//6985 5373//6985 5366//6985
f 5366//6986 5373//6986 5374//6986
f 5366//6987 5374//6987 5368//6987
f 5368//6988 5374//6988 5370//6988
f 5368//6989 5370//6989 5342//6989
f 5342//6990 5370//6990 5343//6990
f 5346//6991 5348//6991 5347//6991
f 5347//6992 5348//6992 5350//6992
f 5347//6993 5350//6993 5371//6993
f 5371//6994 5350//6994 5355//6994
f 5371//6995 5355//6995 5372//6995
f 5372//6996 5355//6996 5354//6996
f 5372//6997 5354//6997 5373//6997
f 5373//6997 5354//6997 5353//6997
f 5373//6998 5353//6998 5374//6998
f 5374//6999 5353//6999 5352//6999
f 5374//7000 5352//7000 5370//7000
f 5370//7001 5352//7001 5351//7001
f 5370//7002 5351//7002 5344//7002
f 5344//7003 5351//7003 5081//7003
f 5357//7004 5309//7004 5358//7004
f 5358//7004 5309//7004 5311//7004
f 5358//7005 5311//7005 5345//7005
f 5345//7005 5311//7005 5313//7005
f 5345//7006 5313//7006 5346//7006
f 5346//7006 5313//7006 5314//7006
f 5346//7007 5314//7007 5348//7007
f 5348//7007 5314//7007 5316//7007
f 5348//7008 5316//7008 5349//7008
f 5349//7008 5316//7008 5315//7008
f 5349//7009 5315//7009 5072//7009
f 5072//7009 5315//7009 5047//7009
f 5283//7010 5287//7010 5365//7010
f 5365//7011 5287//7011 5286//7011
f 5365//7012 5286//7012 5363//7012
f 5152//8 5369//8 5339//8
f 5175//8 5330//8 5176//8
f 5176//8 5330//8 5328//8
f 5176//7013 5328//7013 5172//7013
f 5172//7014 5328//7014 5173//7014
f 5152//62 5339//62 5153//62
f 5165//7015 5170//7015 5328//7015
f 5328//7016 5170//7016 5169//7016
f 5328//7017 5169//7017 5173//7017
f 5175//7018 5180//7018 5330//7018
f 5330//7019 5180//7019 5179//7019
f 5330//7020 5179//7020 5332//7020
f 5332//7021 5179//7021 5177//7021
f 5332//7022 5177//7022 5322//7022
f 5322//7023 5177//7023 5153//7023
f 5322//8 5153//8 5323//8
f 5323//8 5153//8 5339//8
f 5165//7024 5328//7024 5163//7024
f 5163//62 5328//62 5326//62
f 5163//8 5326//8 5190//8
f 5190//8 5326//8 5325//8
f 5190//7025 5325//7025 5216//7025
f 5286//7026 5290//7026 5363//7026
f 5363//8 5290//8 5289//8
f 5363//7027 5289//7027 5294//7027
f 5369//8 5152//8 5367//8
f 5367//7028 5152//7028 5272//7028
f 5367//7029 5272//7029 5365//7029
f 5365//7030 5272//7030 5284//7030
f 5365//7031 5284//7031 5283//7031
f 5250//7032 5254//7032 5357//7032
f 5357//8 5254//8 5253//8
f 5310//7033 5309//7033 5257//7033
f 5257//7034 5309//7034 5357//7034
f 5257//7035 5357//7035 5258//7035
f 5258//7036 5357//7036 5253//7036
f 5248//7037 5247//7037 5357//7037
f 5357//7038 5247//7038 5251//7038
f 5357//7039 5251//7039 5250//7039
f 5257//7040 5255//7040 5310//7040
f 5310//7041 5255//7041 5229//7041
f 5310//8 5229//8 5325//8
f 5325//8 5229//8 5202//8
f 5325//7042 5202//7042 5204//7042
f 5212//7043 5211//7043 5325//7043
f 5325//7044 5211//7044 5215//7044
f 5325//8 5215//8 5214//8
f 5294//7045 5293//7045 5363//7045
f 5363//7046 5293//7046 5291//7046
f 5363//7047 5291//7047 5361//7047
f 5361//7048 5291//7048 5268//7048
f 5361//8 5268//8 5356//8
f 5356//8 5268//8 5241//8
f 5356//8 5241//8 5357//8
f 5357//7049 5241//7049 5243//7049
f 5357//7050 5243//7050 5248//7050
f 5204//7051 5209//7051 5325//7051
f 5325//7052 5209//7052 5208//7052
f 5325//7053 5208//7053 5212//7053
f 5214//7054 5219//7054 5325//7054
f 5325//7055 5219//7055 5218//7055
f 5325//7056 5218//7056 5216//7056
# Vertices: 5374, normals: 7056, texture coordinates: 0, faces: 10864

