{"count":1,"self":15.467228799999999,"total":15.8317903,"children":{"InitializeActuators":{"count":1,"self":0.0020079,"total":0.0020079,"children":null},"InitializeSensors":{"count":1,"self":0.0032614999999999996,"total":0.0032614999999999996,"children":null},"AgentSendState":{"count":564,"self":0.0030123,"total":0.3193206,"children":{"CollectObservations":{"count":188,"self":0.0010050999999999999,"total":0.0010050999999999999,"children":null},"WriteActionMask":{"count":188,"self":0.0020009999999999997,"total":0.0020009999999999997,"children":null},"RequestDecision":{"count":188,"self":0.0040092999999999995,"total":0.3133022,"children":{"RenderTextureSensor.GetCompressedObservation":{"count":188,"self":0.3092929,"total":0.3092929,"children":null}}}}},"DecideAction":{"count":564,"self":0.006003,"total":0.006003,"children":null},"AgentAct":{"count":564,"self":0.028959199999999997,"total":0.0329536,"children":{"RenderTextureSensor.GetCompressedObservation":{"count":3,"self":0.0039943999999999995,"total":0.0039943999999999995,"children":null}}}},"gauges":{"CarBehavior.CumulativeReward":{"count":3,"max":99.36901,"min":-281.07428,"runningAverage":-90.40845,"value":99.36901,"weightedAverage":-78.21422}},"metadata":{"timer_format_version":"0.1.0","start_time_seconds":"1690537314","unity_version":"2021.3.15f1","command_line_arguments":"C:\\Program Files\\Unity\\Hub\\Editor\\2021.3.15f1\\Editor\\Unity.exe -projectpath C:\\Projects\\self-driving -useHub -hubIPC -cloudEnvironment production","communication_protocol_version":"1.5.0","com.unity.ml-agents_version":"2.3.0-exp.3","scene_name":"Main","end_time_seconds":"1690537330"}}