{
    "name": "root",
    "gauges": {
        "CarBehavior.Policy.Entropy.mean": {
            "value": 1.403892993927002,
            "min": 1.1353684663772583,
            "max": 1.8418360948562622,
            "count": 34
        },
        "CarBehavior.Policy.Entropy.sum": {
            "value": 14044.5458984375,
            "min": 11358.2265625,
            "max": 18457.0390625,
            "count": 34
        },
        "CarBehavior.Step.mean": {
            "value": 339996.0,
            "min": 9999.0,
            "max": 339996.0,
            "count": 34
        },
        "CarBehavior.Step.sum": {
            "value": 339996.0,
            "min": 9999.0,
            "max": 339996.0,
            "count": 34
        },
        "CarBehavior.Policy.ExtrinsicValueEstimate.mean": {
            "value": 8.609641075134277,
            "min": 8.609641075134277,
            "max": 750.63134765625,
            "count": 34
        },
        "CarBehavior.Policy.ExtrinsicValueEstimate.sum": {
            "value": 26009.7265625,
            "min": 26009.7265625,
            "max": 1592839.75,
            "count": 34
        },
        "CarBehavior.Losses.PolicyLoss.mean": {
            "value": 0.13294378387309627,
            "min": 0.12598756858454166,
            "max": 0.13630887369969025,
            "count": 34
        },
        "CarBehavior.Losses.PolicyLoss.sum": {
            "value": 5.051863787177658,
            "min": 4.727083934784786,
            "max": 5.17973720058823,
            "count": 34
        },
        "CarBehavior.Losses.ValueLoss.mean": {
            "value": 84.88983891407649,
            "min": 64.54973383326279,
            "max": 22041.063541613126,
            "count": 34
        },
        "CarBehavior.Losses.ValueLoss.sum": {
            "value": 3225.8138787349067,
            "min": 2452.889885663986,
            "max": 837560.4145812988,
            "count": 34
        },
        "CarBehavior.Policy.LearningRate.mean": {
            "value": 9.904325119613157e-05,
            "min": 9.904325119613157e-05,
            "max": 0.0002969775577642378,
            "count": 34
        },
        "CarBehavior.Policy.LearningRate.sum": {
            "value": 0.0037636435454529997,
            "min": 0.0037636435454529997,
            "max": 0.011059674713441799,
            "count": 34
        },
        "CarBehavior.Policy.Epsilon.mean": {
            "value": 0.13301439473684215,
            "min": 0.13301439473684215,
            "max": 0.19899251891891892,
            "count": 34
        },
        "CarBehavior.Policy.Epsilon.sum": {
            "value": 5.054547000000001,
            "min": 5.054547000000001,
            "max": 7.4865582,
            "count": 34
        },
        "CarBehavior.Policy.Beta.mean": {
            "value": 0.0016574182973684212,
            "min": 0.0016574182973684212,
            "max": 0.004949726694054053,
            "count": 34
        },
        "CarBehavior.Policy.Beta.sum": {
            "value": 0.06298189530000001,
            "min": 0.06298189530000001,
            "max": 0.18433925418,
            "count": 34
        },
        "CarBehavior.Environment.EpisodeLength.mean": {
            "value": 6.081765557163531,
            "min": 6.081765557163531,
            "max": 55.07185628742515,
            "count": 34
        },
        "CarBehavior.Environment.EpisodeLength.sum": {
            "value": 8405.0,
            "min": 7300.0,
            "max": 11562.0,
            "count": 34
        },
        "CarBehavior.Environment.CumulativeReward.mean": {
            "value": 8.38892558350556,
            "min": 8.38892558350556,
            "max": 4544.883446771228,
            "count": 34
        },
        "CarBehavior.Environment.CumulativeReward.sum": {
            "value": 11610.273007571697,
            "min": 11610.273007571697,
            "max": 758995.535610795,
            "count": 34
        },
        "CarBehavior.Policy.ExtrinsicReward.mean": {
            "value": 8.38892558350556,
            "min": 8.38892558350556,
            "max": 4544.883446771228,
            "count": 34
        },
        "CarBehavior.Policy.ExtrinsicReward.sum": {
            "value": 11610.273007571697,
            "min": 11610.273007571697,
            "max": 758995.535610795,
            "count": 34
        },
        "CarBehavior.IsTraining.mean": {
            "value": 1.0,
            "min": 1.0,
            "max": 1.0,
            "count": 34
        },
        "CarBehavior.IsTraining.sum": {
            "value": 1.0,
            "min": 1.0,
            "max": 1.0,
            "count": 34
        }
    },
    "metadata": {
        "timer_format_version": "0.1.0",
        "start_time_seconds": "1687803554",
        "python_version": "3.8.16 (default, Jun 12 2023, 21:00:42) [MSC v.1916 64 bit (AMD64)]",
        "command_line_arguments": "C:\\Users\\Olda\\anaconda3\\envs\\mlagents\\Scripts\\mlagents-learn .\\selfdriving_config.yaml --env=Self driving --run-id=selfdriving_1 --force --num-envs=12",
        "mlagents_version": "0.30.0",
        "mlagents_envs_version": "0.30.0",
        "communication_protocol_version": "1.5.0",
        "pytorch_version": "2.0.1+cu118",
        "numpy_version": "1.21.2",
        "end_time_seconds": "1687805819"
    },
    "total": 2264.0727754,
    "count": 1,
    "self": 1.1610212999999021,
    "children": {
        "run_training.setup": {
            "total": 1.1704383000000003,
            "count": 1,
            "self": 1.1704383000000003
        },
        "TrainerController.start_learning": {
            "total": 2261.7413158,
            "count": 1,
            "self": 2.020687300012014,
            "children": {
                "TrainerController._reset_env": {
                    "total": 12.5174688,
                    "count": 1,
                    "self": 12.5174688
                },
                "TrainerController.advance": {
                    "total": 2246.7453829999877,
                    "count": 33274,
                    "self": 0.7280889999969986,
                    "children": {
                        "env_step": {
                            "total": 1469.7994249999829,
                            "count": 33274,
                            "self": 129.0104863000313,
                            "children": {
                                "SubprocessEnvManager._take_step": {
                                    "total": 1335.961423199946,
                                    "count": 362390,
                                    "self": 22.565206199967406,
                                    "children": {
                                        "TorchPolicy.evaluate": {
                                            "total": 1313.3962169999786,
                                            "count": 343527,
                                            "self": 1313.3962169999786
                                        }
                                    }
                                },
                                "workers": {
                                    "total": 4.827515500005507,
                                    "count": 33273,
                                    "self": 0.0,
                                    "children": {
                                        "worker_root": {
                                            "total": 26993.03457159941,
                                            "count": 362378,
                                            "is_parallel": true,
                                            "self": 25704.873887699465,
                                            "children": {
                                                "steps_from_proto": {
                                                    "total": 0.19681250000000006,
                                                    "count": 12,
                                                    "is_parallel": true,