{
    "name": "root",
    "gauges": {
        "CarBehavior.Policy.Entropy.mean": {
            "value": 1.641581654548645,
            "min": 1.641581654548645,
            "max": 1.9632365703582764,
            "count": 10
        },
        "CarBehavior.Policy.Entropy.sum": {
            "value": 32829.9921875,
            "min": 32829.9921875,
            "max": 39294.1796875,
            "count": 10
        },
        "CarBehavior.Step.mean": {
            "value": 199995.0,
            "min": 19998.0,
            "max": 199995.0,
            "count": 10
        },
        "CarBehavior.Step.sum": {
            "value": 199995.0,
            "min": 19998.0,
            "max": 199995.0,
            "count": 10
        },
        "CarBehavior.Policy.ExtrinsicValueEstimate.mean": {
            "value": 38.76811599731445,
            "min": 35.33586883544922,
            "max": 39.998172760009766,
            "count": 10
        },
        "CarBehavior.Policy.ExtrinsicValueEstimate.sum": {
            "value": 155498.90625,
            "min": 142756.90625,
            "max": 160072.6875,
            "count": 10
        },
        "CarBehavior.Losses.PolicyLoss.mean": {
            "value": 0.1283289503758583,
            "min": 0.12790092477063264,
            "max": 0.13594673060047818,
            "count": 10
        },
        "CarBehavior.Losses.PolicyLoss.sum": {
            "value": 9.881329178941089,
            "min": 9.720470282568082,
            "max": 10.46789825623682,
            "count": 10
        },
        "CarBehavior.Losses.ValueLoss.mean": {
            "value": 6.4491114460034655,
            "min": 0.3410766151895058,
            "max": 27.29014246932459,
            "count": 10
        },
        "CarBehavior.Losses.ValueLoss.sum": {
            "value": 496.5815813422668,
            "min": 26.26289936959195,
            "max": 2074.0508276686687,
            "count": 10
        },
        "CarBehavior.Policy.LearningRate.mean": {
            "value": 0.00018599163800280002,
            "min": 0.00018599163800280002,
            "max": 0.0002939912072660894,
            "count": 10
        },
        "CarBehavior.Policy.LearningRate.sum": {
            "value": 0.014321356126215603,
            "min": 0.014321356126215603,
            "max": 0.022343331752222795,
            "count": 10
        },
        "CarBehavior.Policy.Epsilon.mean": {
            "value": 0.1619972,
            "min": 0.1619972,
            "max": 0.19799706842105266,
            "count": 10
        },
        "CarBehavior.Policy.Epsilon.sum": {
            "value": 12.4737844,
            "min": 12.4737844,
            "max": 15.047777200000002,
            "count": 10
        },
        "CarBehavior.Policy.Beta.mean": {
            "value": 0.0031036602800000005,
            "min": 0.0031036602800000005,
            "max": 0.004900053714210525,
            "count": 10
        },
        "CarBehavior.Policy.Beta.sum": {
            "value": 0.23898184156000005,
            "min": 0.23898184156000005,
            "max": 0.3724040822799999,
            "count": 10
        },
        "CarBehavior.Environment.EpisodeLength.mean": {
            "value": 778.0,
            "min": 148.81746031746033,
            "max": 3198.3333333333335,
            "count": 10
        },
        "CarBehavior.Environment.EpisodeLength.sum": {
            "value": 24118.0,
            "min": 14112.0,
            "max": 24118.0,
            "count": 10
        },
        "CarBehavior.Environment.CumulativeReward.mean": {
            "value": 3105.0496120760517,
            "min": 585.6290458951678,
            "max": 12806.931806723276,
            "count": 10
        },
        "CarBehavior.Environment.CumulativeReward.sum": {
            "value": 96256.5379743576,
            "min": 56375.41339492798,
            "max": 96256.5379743576,
            "count": 10
        },
        "CarBehavior.Policy.ExtrinsicReward.mean": {
            "value": 3105.0496120760517,
            "min": 585.6290458951678,
            "max": 12806.931806723276,
            "count": 10
        },
        "CarBehavior.Policy.ExtrinsicReward.sum": {
            "value": 96256.5379743576,
            "min": 56375.41339492798,
            "max": 96256.5379743576,
            "count": 10
        },
        "CarBehavior.IsTraining.mean": {
            "value": 1.0,
            "min": 1.0,
            "max": 1.0,
            "count": 10
        },
        "CarBehavior.IsTraining.sum": {
            "value": 1.0,
            "min": 1.0,
            "max": 1.0,
            "count": 10
        }
    },
    "metadata": {
        "timer_format_version": "0.1.0",
        "start_time_seconds": "1687793949",
        "python_version": "3.8.16 (default, Jun 12 2023, 21:00:42) [MSC v.1916 64 bit (AMD64)]",
        "command_line_arguments": "C:\\Users\\Olda\\anaconda3\\envs\\mlagents\\Scripts\\mlagents-learn .\\selfdriving_config.yaml --env=Self driving --run-id=selfdriving_test --force --num-envs=4",
        "mlagents_version": "0.30.0",
        "mlagents_envs_version": "0.30.0",
        "communication_protocol_version": "1.5.0",
        "pytorch_version": "2.0.1+cu118",
        "numpy_version": "1.21.2",
        "end_time_seconds": "1687795270"
    },
    "total": 1320.4694935,
    "count": 1,
    "self": 2.494911199999933,
    "children": {
        "run_training.setup": {
            "total": 0.3493054,
            "count": 1,
            "self": 0.3493054
        },
        "TrainerController.start_learning": {
            "total": 1317.6252769,
            "count": 1,
            "self": 2.3320585000039955,
            "children": {
                "TrainerController._reset_env": {
                    "total": 9.012626000000001,
                    "count": 1,
                    "self": 9.012626000000001
                },
                "TrainerController.advance": {
                    "total": 1305.967700599996,
                    "count": 72646,
                    "self": 1.5348830000002636,
                    "children": {
                        "env_step": {
                            "total": 883.776368999992,
                            "count": 72646,
                            "self": 86.67876340000589,
                            "children": {
                                "SubprocessEnvManager._take_step": {
                                    "total": 793.9765286999952,
                                    "count": 204570,
                                    "self": 13.296991399991384,
                                    "children": {
                                        "TorchPolicy.evaluate": {
                                            "total": 780.6795373000039,
                                            "count": 204087,
                                            "self": 780.6795373000039
                                        }
                                    }
                                },
                                "workers": {
                                    "total": 3.121076899990822,
                                    "count": 72646,
                                    "self": 0.0,
                                    "children": {
                                        "worker_root": {
                                            "total": 5236.034734399966,
                                            "count": 204569,
                                            "is_parallel": true,
                                            "self": 4521.311969999971,
                                            "children": {
                                                "steps_from_proto": {
                                                    "total": 0.041957500000000536,
                                                    "count": 4,
                                                    "is_parallel": true,