{"count":1,"self":132.1721728,"total":268.27185199999997,"children":{"InitializeActuators":{"count":4,"self":0.00089799999999999993,"total":0.00089799999999999993,"children":null},"InitializeSensors":{"count":4,"self":0.0031019999999999997,"total":0.0031019999999999997,"children":null},"AgentSendState":{"count":12621,"self":62.883078399999995,"total":71.150071,"children":{"CollectObservations":{"count":10100,"self":0.054203999999999995,"total":0.054203999999999995,"children":null},"WriteActionMask":{"count":10100,"self":0.024628,"total":0.024628,"children":null},"RequestDecision":{"count":10100,"self":0.051586,"total":8.188163,"children":{"AgentInfo.ToProto":{"count":10100,"self":0.080647,"total":8.1365769999999991,"children":{"GenerateSensorData":{"count":10100,"self":0.52108199999999993,"total":8.05593,"children":{"CameraSensor.GetCompressedObservation":{"count":10100,"self":7.5348479999999993,"total":7.5348479999999993,"children":null}}}}}}}}},"DecideAction":{"count":12621,"self":63.329043199999994,"total":63.329043,"children":null},"AgentAct":{"count":12621,"self":1.465149,"total":1.615649,"children":{"AgentInfo.ToProto":{"count":268,"self":0.002938,"total":0.1505,"children":{"GenerateSensorData":{"count":268,"self":0.024999999999999998,"total":0.147562,"children":{"CameraSensor.GetCompressedObservation":{"count":268,"self":0.12256199999999999,"total":0.12256199999999999,"children":null}}}}}}}},"gauges":{"CarBehavior.CumulativeReward":{"count":268,"max":2723.244,"min":-3.44589043,"runningAverage":262.787842,"value":613.0119,"weightedAverage":264.311768}},"metadata":{"timer_format_version":"0.1.0","start_time_seconds":"1710158722","unity_version":"2022.3.13f1","command_line_arguments":"\/home\/tadeas\/staz\/self-driving\/.\/Python Trainer\/builds\/distance_reward_old_env\/selfDriving.x86_64 --mlagents-port 5005","communication_protocol_version":"1.5.0","com.unity.ml-agents_version":"3.0.0-exp.1","scene_name":"Main","end_time_seconds":"1710158990"}}