{"cameraMode":{"drawMode":0,"name":"Shaded","section":"Shading Mode"},"sceneLighting":false,"audioPlay":false,"sceneViewState":{"m_AlwaysRefresh":false,"showFog":true,"showSkybox":false,"showFlares":true,"showImageEffects":true,"showParticleSystems":true,"showVisualEffectGraphs":true,"m_FxEnabled":true},"in2DMode":false,"pivot":{"x":-0.18770647048950196,"y":1.5032768249511719,"z":1.4370651245117188},"rotation":{"x":-0.40034058690071108,"y":-0.1909937560558319,"z":0.08570753782987595,"w":-0.8921341896057129},"size":17.270030975341798,"orthographic":false}